dancer_id,points_2025,dancer_name,points_total
14487,160,Kristen Wallace,411
8344,137,Zachary Skinner,476
11759,125,Sebastian Quinones,336
11629,110,Igor Pitangui,291
20512,105,Keerigan Rudd,374
20700,104,Mackenzie Keister,340
22414,104,Hanna Junk,188
22890,104,Mathias Mendillo,138
17182,102,Noelle Hoeppner,258
15713,102,Clement Turpain,235
21136,96,Charlie Fournier,188
21287,94,Abigail Roach,158
23546,91,Gaby Sandoval,134
16722,91,Alexa Partos,191
19409,90,Elizabeth Wyke,184
12417,89,Joseph Tong,239
23666,88,Sarah Willis,98
14098,87,Jeffrey Wingo,244
10719,87,Elizabeth Spann,357
23256,85,Tom Teramoto,115
21146,84,Elise Renwick,146
20974,81,Dario Haxhia,213
24909,80,Gabe Ofordu,81
18932,79,Florian Hamm,207
9529,79,Elena Kotelnikova,148
11267,78,Za Thomaier,374
19817,78,Fabio Zanardelli,182
23245,78,Macie Sandlin,139
11491,76,Brooklyn Lanham,334
22227,76,Daniel Curl,127
21836,76,Christa Farmer,153
18516,75,Neil Joshi,338
21888,74,Michael Kuss,141
10713,74,Aleksandra Radziejewska,135
22525,73,Elise Holland,160
17340,72,Stefanie Tschom,212
17955,72,Sebastian Gerwald,230
18232,72,Melina Voglhuber,98
12089,71,Fernanda Dubiel,291
17737,71,Shayla Bouise,240
21494,70,Daniel Cruz,155
13962,70,Philippe Amar,242
16075,70,Michael Hassey,107
12424,70,Mia Pastor,282
25755,70,Willow Vander Kooi,85
8123,70,Margaret Tuttle,393
22376,69,Ryan Osbourn,122
12842,68,Sam Vaden,249
21515,68,Camille Picano,137
20920,68,Brittany Richardson,93
24792,68,Red Elghazi,70
24278,67,Nicole Bruner,84
24514,67,William McGregor,75
11262,67,Anna Wallace,354
24225,66,Matvey Grigoriev,67
24621,65,Julien Espagnet,71
20209,64,Alexander Nguyen,156
22987,63,Tatiana Kaneva,88
23163,63,Courtney Mejias,86
14415,63,Florencia Diaz,131
24864,62,Matthew Casillas,68
25021,62,Polina Khapaeva,62
6207,61,Nicole Ramirez,414
9140,61,Maddy Skinner,221
21486,60,Andrea Gomez,95
11649,59,Lindsay Mistretta,298
13295,59,Joshua Schubert,184
22268,59,Vincent Roubadia,88
14691,58,Tina Kronberg,97
25092,58,Tori Oelsen,58
20835,58,Ngoc Anh Walter,170
16839,57,Eliot Heinrich,151
24516,57,Una Kacavenda,67
18652,57,Eduardo Nunez,97
15581,57,Attila Kobori,252
13036,57,Christine Medin,226
21685,57,Vicky Vasiliauskaite,114
14601,57,Jaden Pfeiffer,188
22637,56,Elodie Bois,64
25756,56,Emily Aukamp,66
21422,56,Jeren Kutcher,116
22160,56,Corinne Smith,188
13034,56,Nicki Cacciato,114
13110,56,Allan Thivoz,233
15530,56,Alexandra Branco,241
25472,55,Keith Lewis,55
22880,55,Hikari Iwasaki,88
25753,54,Lucas Frassrand,62
20981,54,Romy Nguyen,88
23308,54,Fabian Thumshirn,74
20832,54,Christina Landowski,223
22903,53,Nathan Wong,113
20165,53,Monika Drzewiecka,122
17954,53,Tobias Gerwald,117
14489,53,Rachel Shook,283
23436,53,Jasmine Morrison,90
20235,53,Corrado Mazzarelli,95
21313,53,Mara Titz,139
23579,53,Dominik Kóbor,70
21702,52,Abel Colleu,53
21994,52,Monica Huang,83
22113,52,Amelie Gruber,82
25288,52,Luke Applin,52
9139,52,Paiton Hebert,135
24103,51,Caio Botelho,54
22245,51,Justin Kereszturi,113
25439,51,Lennard Selli,51
9062,50,Mathieu Compagnon,214
20300,50,Joscha Brick,155
16959,50,Jerome Speck,67
7202,50,Janelle Guido,431
21286,50,Kayla Coghlan,115
18215,50,Fran Vidal,127
21607,50,Elaine Dimal,80
10528,49,Carmen Hyunsook Kim,110
22319,49,Jubilee Call,72
21228,49,Christoph Kunit,52
20188,49,Julio Alvarez,135
23787,48,Spencer Gyore,56
14563,48,Leo Lorenzo,336
10273,48,Savana Barreau,189
20628,48,Kamila Ciupińska,51
18091,48,Marie-Pascale Cote,203
23464,48,Filippa Lange,52
19426,47,Charlotte Ridgway,141
21096,47,Eva Kahn,53
23919,47,Alvaro Hilario Garcia,64
23509,47,Helena Erkens,48
11819,47,Dianeva Poirson,227
22004,47,Trenten Jackson,273
10672,47,Thibault Ramirez,389
22493,47,Valerie Udier,98
25862,46,Chase Beloff,46
9053,46,Jade Bryan,301
23962,46,Ngoc Phan,50
24379,46,Anik Dutta,52
25093,46,Mackenzie Singer,46
22900,46,Gabriel J Rogers,54
22085,46,Bobby Leitmann,88
21723,46,Ida Marie Strand,74
22640,46,Lucie Pierau,86
25302,46,Agnieszka Mentel,46
23025,45,Tobias Ziegler,65
21225,45,Tobias Heinlein,135
11058,45,Rosemary Whitson,193
22691,45,Ellis Permann,70
20682,45,Brittney Bush,193
15280,45,Chloe Winzar,132
22529,45,Jess Skjonsby,73
22425,45,Philipp Winking,93
21879,45,Muriel Guthoff,109
24068,44,Julia Kereszturi,64
22161,44,Brandon Julian,120
20474,44,Shelby Evans,130
23576,44,Anastasia Suvorova,69
23322,44,Olivia Wilhelms,57
22645,44,Agathe Montebrun,64
18560,44,Aless Tondolo,107
21969,44,Andrew Roach,63
24633,44,Csongor Ferenczi,54
25940,44,André Zenzmaier,44
22573,44,Marina Kondrateva,54
24194,43,Fiona Kandzior,45
25726,43,Savannah Davis,43
14676,43,Agnieszka Orzel,129
24743,43,Stacia Martin,45
22289,43,Silas Oakland,46
21587,43,Payten Rudd,65
20719,43,Anastasiya Yuzhakova,117
20842,43,Clara Deiters,111
21106,43,Julie Winspear,123
19443,43,Grainne Farrell,115
21034,43,Veronica Davis,88
24798,43,Tyler O’Rear,51
20863,43,Emma Ialeggio,154
12739,42,Teemu Lujala,123
25227,42,Regina Galiyeva,43
23832,42,Marcus Moström,52
24676,42,Rachel Little,44
12298,42,Felicia Magnusson Strom,94
22938,42,Rhys Black,72
24047,42,Mckenna Vroom,50
21866,42,Leonie Schwan,71
22209,42,Mae Rowlett,95
23777,42,Jonathan Morgan,68
14746,42,Pauline Charbogne,172
21657,41,Jun Tae Hoon,66
24988,41,Irina Beliaeva,41
21302,41,Lorenzo Valerio La Pietra,139
22061,41,Jess Mar,74
23416,41,Hana Kim,44
3125,41,Ben Morris,991
25190,41,Morgan Halstead,41
25187,41,David Castrejon,41
23877,41,Agnieszka Lidke,59
21997,41,Nabil Fairbairn,47
22869,41,Olga Troszka,61
20892,41,Aaron Mitchell,125
22878,41,Egan Anselmo,104
22470,41,Daniele Gazzola,48
25135,41,Paige Rutherford,41
25220,41,Ozlem Davis,41
8282,41,Sharon Her,248
19245,40,Hannah Bonaguide,161
11851,40,Viktoria Burman,130
22247,40,Nicoli Liedtke,63
22248,40,Krista Young,163
22906,40,Madison Broussard,80
21741,40,Nevena Banov,64
23313,40,Raven McCoy,103
21133,40,Teddy Sanchez,158
24266,39,Ethan Jasso,57
19421,39,Tze Chao Chiam,135
19062,39,Audra Long,87
22524,39,Michael Barreto,70
9210,39,Olga Khvan,207
16369,39,Branden Strong,160
22171,39,Daniella Robichaud,41
17254,39,Vanessa Bachmann,181
19774,39,Remi Khansa,103
18566,39,Chloe Ourties,77
25880,38,Agnieszka Paluszek,38
26049,38,Xixuan Zhu,38
23195,38,Filip Piłat,43
21829,38,Neel Raj,58
23268,38,Lahiru Maramba,41
20830,38,Sierra Burford,118
22280,38,Jared Reedy,79
20510,38,Beatrix Teng,93
22986,38,Kalaychidi Vladislav,58
15512,38,Emmanuelle Bertrand,115
23951,38,Jure Bergant,61
24651,38,Pawel Pasterz,39
18976,38,Julian Lee,160
23425,38,Chloe Christine,67
24458,37,Adam Hendrawan,38
20538,37,Denis Kosovich,46
25449,37,Brian Nuyen,37
22932,37,Tatiana Doldonova,107
22435,37,John Brezinski,63
18386,37,Simon Pannek,64
20193,37,Danielle Blohm,41
24305,37,George Martin,39
23427,37,Hannah Ginsburg,69
24895,37,Anton Zverev,37
21527,37,Jeanne Gelis,81
22304,36,Kjetil Stokke,51
8074,36,Hollie Shannon,37
22836,36,Vincent Mével,60
24826,36,Lucas Melmer-Wolf,36
20595,36,Ramona Mahr,61
9363,36,Bryn Anderson,403
23246,36,Britta Albertson,53
18933,36,Rachel Schubert,185
22595,36,Steven Zarate,59
18580,36,Rafal Grzelak,163
13957,36,John Carrez,181
21068,36,Hai Phan,40
17091,36,Inna Stetsiak,86
12638,36,Ken Rutland,391
15201,36,Jula Palenga,299
24908,36,Noah Frome,37
10975,36,Iuliana Marcu-Dancescu,53
23189,36,Rafał Jasionkowski,84
20122,35,Ornella Ortola,116
6236,35,Heejung Jung,200
25997,35,Oleksandra Makedon,35
17455,35,Sabrina Seyfferth,121
24260,35,Keith Lee,41
24039,35,Sarah Brown,37
24006,35,Illy Cohen,36
24869,35,Kelty Forman,35
13589,35,Alejandro Hernandez,188
17630,35,Arantxa Lebon,220
14186,35,Aymeline Felmy,209
22688,35,Diana Frias Franco,74
23968,35,Annie Ogren,62
25271,35,Sylvain Moioli,35
23494,35,Eliott Basse Green,41
13528,35,Haley Hauglum,162
21390,35,Manon Prunier,47
25663,34,Zoltán Dominguez,34
13505,34,Annika Mäntylä,70
10440,34,Daniel Pavlov,330
19969,34,Fumiko Naka Jenkins,67
9498,34,Ellen Dacombe,91
23407,34,Sonja Lam,36
11197,34,Ekaterina Wolff,224
18311,34,Jessica Davidson,184
22538,34,Ellie Sousa,61
12366,34,Fran Carroll,76
12758,34,Jeanette Gredvall,63
19448,34,Alison Gibson,89
21403,34,Irène Bivas,93
26638,34,Paola Guitart Velasco,35
23199,34,Dora Preszeller,47
3150,34,Benji Schwimmer,606
20314,34,Aaron Didner,63
23474,34,Jessica Graeme,62
9888,34,Nataliya Kane,233
23974,34,Kyra Peters,48
20791,34,Rilee Long,53
25382,34,Dominika Wiatrowska,34
24218,34,Vilma Koljonen,36
26396,34,Jean-Pierre Ngangu,35
25032,34,Marissa A. Guillen,34
7258,33,Sheven Kekoolani,330
24776,33,Alex Acevedo,35
14209,33,Mackenzie Sharp,173
21170,33,Edna Marie Theadore,63
24198,33,Amit Klein,57
22559,33,Sebastian Shindel,94
20137,33,Duane Erwin,108
20716,33,Ekaterina Grigorieva,85
24871,33,Sierra Race,33
25814,33,Jade Savoia,33
22604,33,Alyssa Kim,63
21775,33,Perrine Rutkowski,59
26781,33,Sandile Keswa,33
20187,33,Chaz Frankenberry,117
12183,33,Maria Bileychik,249
24913,33,Kayla Cunningham,33
22154,33,Raphaël Pile,59
22499,33,Amadeus Masny,64
22798,32,Miranda Lisowski,75
21601,32,Lukas Massenberg,63
24618,32,Abbagayle Long,34
25865,32,Olivia Doan,32
22684,32,Shaun Clark,38
20514,32,Katie Jensen,118
22090,32,Pauline Voigt,66
14923,32,Sylvestre Chopard,110
21532,32,Emilie Michel,32
3331,32,Torri Zzaoui,590
11162,32,Maina Vila Cobarsi,269
21662,32,Jungmi Park,35
24770,32,Helene Kyvik,32
25321,32,Mackenzie Andrews,32
17407,32,Annamaria Mezei,126
21635,32,Emory Roehrkasse,53
17070,32,Luke Reeves,113
23529,32,Keesha Dalley,33
19885,32,Jessica Cox,43
23569,32,Nicole North,38
21878,32,Lea Färber,35
21676,32,Fiore Marra,73
24275,32,Callie Mashburn,34
20254,32,Kyle Monahan,66
23299,32,Olga Romanova,40
25482,32,Yue Yu,32
22904,32,Clay Morrison,48
22437,32,Jing Huang,85
15902,32,Grzegorz Bielecki,134
16260,32,Blake Knoll,91
20705,32,Klim Borisov,36
21800,32,Isaiah Copher,52
23347,32,Lennie Racault,38
23873,32,Cristen Appleton,47
26504,32,Daisy Mohrman,32
18152,32,Maxime Bonelli,40
23805,31,Shweta Mehta,54
18080,31,Yuliy Khorolinskyy,72
23543,31,Benton Hoskison,53
16887,31,Maria Niedzialek,54
14231,31,Robert Crocker,110
23435,31,Easton England,59
20118,31,Camille West,102
1333,31,Brandi Tobias,371
25548,31,Vincent DeRise,33
24457,31,Spencer Spiegel,32
9806,31,Hannah Guttman,255
25261,31,Magdalena Machala,31
21557,31,Monika Smorag-Maksymiak,72
20603,31,Leo Nguyen,107
15178,31,Antoine Cantin,103
12808,31,Althea Lew,113
24280,31,Isabella Espinosa,32
7835,31,Jacob Pernell,57
12612,31,Coralie Busseuil,74
25979,31,Romana Břízová,31
20196,31,Vincent Dorey,34
23141,31,Harrison Fang,34
22270,31,Marylou Durandeau,82
22569,31,Dmitriy Panov,54
17570,31,Natallia Mironova,118
21163,30,Alice Martel,91
17257,30,Charline Grossard,127
24042,30,Corbin Petersheim,32
22485,30,Aaron Nuno,152
26009,30,Leti Gold,30
13463,30,Reasmey Tith,103
22480,30,Michela Maravigna,31
21102,30,Patrick Charbonneau,53
22477,30,Kateryna Marushchenko,32
22176,30,Meredith Gibbons,71
25304,30,Ada Łysiak,30
22808,30,Hannah Klebel,44
22724,30,Grønlund Benedikte Rike,48
11369,30,Taylor Schoen,101
21993,30,Katherine Jin,72
14681,30,Beata Tracz,34
21242,30,Stefan Aworsky,56
22169,30,Bethany DeGraff,82
20131,30,Sarah Storch,81
23219,30,Seth Pearson,42
23989,30,Ida Back Wingård,35
25864,30,Luis Ortiz,30
19457,30,Lotte Meier,167
17445,30,Ewelina Lapinska,48
26243,30,Tytus Thornton,30
16485,30,Omar Gonzalez,183
23713,30,Connor Metz,31
25754,30,Alex Gracia,30
24619,30,Kim Taylor,32
23953,30,Julia Grillenberger,41
25771,30,Adrian Maldonado,30
24775,30,Elise Nordli,31
16307,30,Robin Lysaker,104
24364,30,Véda Szücs,31
20826,30,Miles Van de Wetering,85
19953,30,Doug Kim,64
20760,30,Serena Saarela,79
23496,30,Bryan Veltz,45
25903,30,René Gewald,30
23973,30,Heather Sabel,36
24255,29,Nadia Mofidi,33
23613,29,Martin Sande,32
17934,29,Fiona Callaghan,32
23949,29,Lara Schneider,32
22747,29,Noël Taillardat,49
20021,29,Zoe Boling,68
23292,29,Tyler Becker,51
24896,29,Cezary Zajkowski,29
24024,29,Sat Sugita,48
21533,29,Casey Bender,72
19746,29,Clément Brion,55
22335,29,Sheryl Bushaw,38
22120,29,Willy Carpaye,56
20002,29,Oleg Fabritskiy,55
7821,29,Ludovic Pelegrin,294
21275,29,Tamara Watson,56
20608,29,Aline Koch,60
12767,29,Margarita Perepelkina,57
21325,29,Hugo Beisser,52
23921,29,Juliette Tissot,30
18291,29,Alicja Stankiewicz,53
19180,29,Nathan Rossard,65
24778,29,Jennifer Hu,29
23320,29,Zeus Zalevskyi,31
19203,29,Adrien Guesnel,52
24399,29,Anežka Rajmonová,31
25711,29,Kaelyn Swetala,29
18283,29,Ada Zeira,75
21130,29,Michael Fleig,61
17343,29,Isaiah Tingus,140
16672,29,Lauren Bellenbaum,80
764,28,Robert Royston,501
26412,28,Gabriel Girley,40
20433,28,Milena Stolarska,80
24911,28,Sofi Ortiz,28
15290,28,Thea Alfredsson,128
23506,28,Alicia Fiévez,31
22591,28,Stefanie Winkler,29
23950,28,Nnamdi Opara,50
20841,28,Timo Kurzendorfer,113
14024,28,Omaid Karimi,159
18987,28,Aleix Figueras,111
23166,28,Sarah Rose Goin,76
23169,28,Yoshi Tryba,31
22526,28,Jindalae Suh,98
17063,28,Kelsey Tasker,76
22047,28,Emelie Fredriksson,37
19456,28,Florian Hintermaier,138
24773,28,Haya Al Khatib,28
21630,28,Igor Laryukhin,138
25744,28,Madelena Pine,28
20678,28,Kadidja Hackforth,92
25656,28,Karolina Kniaziuk,28
19990,28,Natalya Bykova,87
24836,28,Domenica Dunnigan,28
24525,28,Magnus Ehnberg,29
13114,28,Garrett Thompson,143
22881,28,Jack Pacific,36
22320,28,Maxim Popov,35
24108,28,Sidney Peng,36
15968,28,Keri Pilgrim,52
20568,28,Manon Esparcieux,114
23731,28,Wendy Chao,48
16206,28,Alexandra Hopper,120
12690,28,Sarah Cook,97
24437,28,Julia Thomas,34
23100,28,Emmanuel Baudet,34
6581,28,Alyssa McKeever,378
19201,27,Marc Hummel,53
20408,27,Stephanie Dierks,75
7513,27,Kerrie O'donnell,84
24707,27,Roman Yelagin,42
24483,27,Hannah Uriel,28
23269,27,Eva Blakney,47
24865,27,Almir Mehmedovic,27
23277,27,Billie Nell,36
20691,27,Trevon Chaney,118
22579,27,Andreas Kloo,29
23721,27,Betty Quinn,35
22345,27,Elizaveta Kadochnikova,66
20160,27,Jacqueline Karvinen,30
13959,27,Noémie Even,62
19671,27,Shalyn Palmateer,28
11160,27,Laurena Houhou,211
21343,27,Harish Kommineni,31
22396,27,Maura Blutt,53
25333,27,Stacey Troy,27
21512,27,Cristina Marino,60
23824,27,Alva Idahl,37
23107,27,Virginie Hêche,37
18055,27,Anastasiya Andreyeva,44
23452,27,Yanna Zhdankina,63
25897,27,Sydney Thomas,33
24805,27,Jason Hizon,27
24067,27,Matthew Dotson,56
22779,27,Sean Callahan,51
21837,27,Talisa Tam,80
24914,27,Dana Johnson,27
23560,27,Britni Alexander,34
16292,27,Gaia Read,172
19101,27,Tatlyana Boykova,57
24821,27,Giorgia Lanteri,27
21085,26,Pauline Lagarde,46
20775,26,William Danielsson,47
24696,26,Olga Mikheeva,30
19136,26,Jessee Zhang,42
15529,26,Marion Muller,57
22885,26,Jessica Greene,34
10961,26,Femke Hermens,68
25780,26,Dean Stroeder,26
22568,26,Fedor Mayboroda,51
20604,26,Kai Ploeger,61
26779,26,Lola Rousseau,26
18794,26,Anna Suzuki,96
21233,26,Fanni Madarasz,37
7592,26,Marina Motronenko,263
11433,26,Jakub Jakoubek,185
12916,26,Anna Gruszczynska,109
20544,26,Mattias Salder,57
14671,26,Mandy Liu,99
25612,26,Elise Nöjd,26
24233,26,Maddy Knox,38
25863,26,Diego Brea,26
19451,26,Hyunhee Lee,92
25070,26,Alana Swift,26
19970,26,Kristina Yiannopoulos,92
21687,26,Callie Starkey,44
20289,26,Isobel Tucker,66
25722,26,Brandon Hall,26
23265,26,Jade St. Denis,28
25881,26,Karolina Hausman,26
24220,26,Elsa Kalervo,27
26360,26,Calvin Cleveland,26
17416,26,Mars McNally,35
10175,26,Joel Torgeson,345
21119,26,Mario Hanser,31
22567,26,Vasiliy Skurydin,80
21124,26,Mathilde Rallet,55
21713,26,Ting Lu,57
18537,26,Kaja Wierucka,134
24459,26,Robert Burtt,27
20877,26,Angela Belze,46
24455,26,Breydon Lyall,28
23808,26,Adele Strub,41
22886,26,Elli Haugen,46
25604,26,Nelly Ylitalo,26
24104,26,Vincent Meyer,34
25299,26,Michał Lis,26
21631,26,Nardia Chernawsky,58
24829,26,Matthias Tuncel,26
20150,26,Szymon Katra,27
25331,26,Elijah Pitt-Gryaznov,26
23370,25,Austin Griffith,57
26246,25,Johannah Hager,25
25799,25,Máté Róbert Mészáros,25
17831,25,Christoph Steinmaier,116
20050,25,Britney Porter,55
22184,25,Anastasiya Lishtovnaya,43
24299,25,Jonathan Fuller,28
25977,25,Makayla Heinle,25
19048,25,Carla Crowen,83
25853,25,Sam Akella,25
13711,25,Johanna Thorn,116
20893,25,Naelle Toumi,39
24752,25,Miriam Griebaum,41
22536,25,Trevor Hayes,75
21616,25,Anne Chow,26
22762,25,Lyric Jackson,36
20063,25,Anastasiya Ivanova,93
14057,25,Rolf Eirik,160
22748,25,Romain Bichon,61
18397,25,Amandine Royer,53
22751,25,Nicolas Tombarello,25
25173,25,Elisabeth Hahn,25
25111,25,Hilmi Lapinniemi,25
18740,25,Miguel Gonzales,43
20867,25,Saira Brubaker,59
15509,25,Camille Kipp,69
13275,25,Jana Schumacher,48
23355,25,Audrey Dupuy,26
24708,25,Konstantin Salin,26
22578,25,Sourav Sarkar,39
26502,25,Maayan Harispe,25
21530,25,Mahee Laybros,45
22266,25,Kainoa Archer,80
25250,25,Augustin Besnard,25
20290,25,Agnieszka Mikolajczyk,29
22502,25,Paulina Ścisło,33
20158,25,Marta Klisowska,41
5676,25,Everest E,77
24505,25,Austin Cashion,28
23535,25,Hannah Allen,48
18448,25,Estelle Chardonnens,190
20961,25,Yushi Wang,89
21308,25,Yann Lopez,55
20652,25,Scott Goodhart,97
15518,25,Paula Benitez,46
20943,25,Hannah Lee,31
23295,25,Sounda Majeri,31
26728,25,Haustyn Forney,26
24872,25,Brycelyn Knudson,25
20362,24,Brianna Pinckney,33
25611,24,Andreas Ohlin,25
25898,24,Katie Reeves,30
21910,24,Alicja Kopeć,28
15072,24,Andreas Danielsson,131
23492,24,Liana Davies,49
25329,24,Casey Castleberry,24
26610,24,Kareen Rivera,24
20322,24,Michelle Hajostek,71
21464,24,Julia Doody,52
24369,24,Jennifer Xiao,30
22757,24,Daniel Desjardin,30
7562,24,Susan Minor,77
19302,24,Charlotte Forster,88
26671,24,Desmond Shu-Wei Hsu,24
18665,24,Michelle Braun,163
24724,24,Mariia Ilina,39
20282,24,Rahel Greiner,123
21784,24,Ariane Martel,32
17074,24,Arielle Steers,53
18800,24,Samantha Tan,98
18511,24,Kyle Eckman,104
24509,24,Johanna Orellana,28
6228,24,Abigail Baker,131
21689,24,Irina Wilhelm,45
25549,24,Colton Kaiser,24
21230,24,Jakub Fijalkowski,57
22452,24,Etienne Joseph Charles,55
10277,24,Katarina Mursec,96
22741,24,Mikélé Da Silva Bois,26
24476,24,Ryan Mantey,34
16022,24,Masatoshi Okada,72
19138,24,Jillian Carroll,94
20670,24,Esther Ehrstine,31
23992,24,Adrian Wisnios,32
10042,24,Julie Grippon,44
23074,23,Meghan Mui,71
18192,23,Andreas Hammar,27
21126,23,Mélissa Gay,63
8774,23,Katharine Montgomery,177
24739,23,Herman Aarstrand Kirste,24
20838,23,Johanna Meichelbock,33
12317,23,Daniel Trepat,85
22708,23,Sindre Thoresen,26
10417,23,Angelle Villarrubia,119
25238,23,Andrea Pásztor,23
26072,23,Abbie Brown,23
20714,23,Viacheslav Volkov,35
23286,23,Stacey Potter,29
24199,23,Lea Hubert,46
20304,23,Lea Hörner,110
21705,23,Samuel Yeun,50
20999,23,Zohar Belkin,38
12763,23,Yuri Erokhin,78
25290,23,Sydni Hearn,23
10324,23,Michael Caro,113
24216,23,Elise Grindstad Rundhovde,29
24598,23,Melissa Gillespie,24
21237,23,Chiara Bachmann,25
24552,23,Alice Nuryati,38
22743,23,Nikita Richagneux,29
23935,23,Lisa-Carina Zeiler,38
22624,23,Jared Smythe,47
17317,23,Cameron Riddle,64
25871,23,Krzysztof Zajączkowski,23
22783,23,Emily Straight,41
11874,23,Miquel Menendez,155
16793,23,Paula Bleeck,51
24774,23,Della Izadi,23
16408,23,Sophie Itatani,85
19785,23,Malin Kloo,51
7646,23,Delancey Von Langendoerfer,308
17284,23,Stephanie Gan,46
24556,23,Judith Tan,25
24547,23,Gage Abernathy,31
25860,23,Sam Smith,23
16674,23,Jenna Silva,74
22112,23,Josh Safiniuk,62
25528,23,Josh Hartnett,35
24046,23,Devon Holcombe,31
19031,23,Ville-Valtteri Tiittanen,28
24764,22,Lucy Sobczak,23
24769,22,Renáta Koutenská,30
24503,22,Hannes Bayha,23
22226,22,Baptiste Lafabregue,35
22132,22,Liannah Kovacs,23
23648,22,Savanna Blümel,28
20565,22,Angela Wood,50
26506,22,Jan Boruch,22
20111,22,Olivier Yoo,120
3685,22,Michael Kielbasa,492
24129,22,Benoit Iung,24
20539,22,Miika Aspiala,29
18519,22,Megan Souza,90
17280,22,Lauren Jones,196
21128,22,Johanna Hanser,23
26361,22,Stephenie Thai,22
20185,22,Jackie Van Ooteghem,86
20904,22,Emma Locke,26
21777,22,Leiya Crosbie,38
23310,22,Anastasia Vanekhina,33
24631,22,Micael Ernst,23
10291,22,Jerome Tangha,110
22690,22,Saumya Bhandarkar,32
15645,22,Thomas Devereux,76
23625,22,Joanna Lisowska-Paszkiewicz,23
20941,22,Audrey Disnard,49
15980,22,Reetta Koivuniemi,103
17600,22,Amanda Luke,56
14614,22,Helene Mickle,157
26594,22,Giovanna Dubuc,22
25351,22,Phoebe Chua,22
24116,22,Fafadji Gnofame,25
24978,22,Christian Kittery,22
21182,22,Øyvind Skjelbred,27
22006,22,Mark Denker,42
23943,22,Janine Schlaak,23
18180,22,Gabriella Lakó,52
23369,22,Ian J Cameron,52
25028,22,Jesse Royal,22
20687,22,Kelsey Gonzales,26
21567,22,Clayton Morris,34
21815,22,Barbora Levickova,33
7589,22,Miguel Ortega,259
20463,22,Angeline Sullivan,50
19577,22,Arina Fedorova,46
16216,22,Irina Amzashvili,96
21303,22,Klemen Kenda,36
18644,22,James Debacker,55
15934,22,Bartlomiej Szczesniak,26
24659,22,Paul Hansel,26
21504,22,Lukas Weiß,88
18041,22,Ilyas Galiev,81
25823,22,Josiah Nuest,22
14336,22,My Hanh Tu,131
13418,22,Dominique Menard,89
20263,22,Emma Suggs,102
19156,22,Benjamin Rodelet,32
23619,21,Wiktoria Koza,25
16236,21,Karina Jurina,54
12273,21,Dillon Luther,217
21886,21,Connor Akers,84
24425,21,Guillaume Franque,22
12389,21,Lucio Ughi,126
23751,21,Franciska Gyuranecz,22
18684,21,Samuel Cariou-Salaun,67
22957,21,Lucca Grygiel,65
17565,21,Alicia Couturier,105
24106,21,Kyle Paul,22
24309,21,Joslyn Mendez,24
22801,21,Tim Noldin,31
24387,21,Christelle Courtois,29
23480,21,Andrei Bires,102
4033,21,Lara Deni,213
17784,21,Alicia Viera,87
24110,21,Jake Rehwoldt,24
17399,21,Sanmit Narvekar,63
22589,21,Jenny Sjöberg,25
24835,21,Claire Passon,21
21934,21,Patrick Thompson,27
24855,21,Michelle Guidroz,21
20248,21,Erich Kramer,100
26300,21,Gretchen Smith,21
21253,21,Asher Newman,59
14295,21,Danielle Abali,66
21820,21,Fanni Ressely,63
16795,21,Mariella Mbantopoulos,134
24016,21,Murry Haithcock,30
25186,21,Rachael Newman,21
20627,21,Anna Krzyśko,103
23101,21,Aubin Vallet,40
19387,21,Szidónia Tófalvi,28
21314,21,Laurie Pinaud,82
12960,21,Laura Wenger,101
25900,21,Bailey Miles,27
17943,21,Alexandre Zaag,115
16632,21,Anastasia Andreeva,53
24711,21,Nataliya Babak,22
19015,21,Margaret Terrio,44
18928,21,Balázs Szapper,61
17223,21,Henry Phan,104
8960,21,Shawn Morrison,64
22675,21,Pacome Tomietto,46
11322,21,Jessica Carollo,28
25180,21,Nadiya Tyshetska,21
17275,21,Edwin Aw,124
20751,21,Tamara Martinho,32
24675,21,Daniel Gallagher,23
13456,21,Bertrand Sorin,129
14283,21,Alexandru Marcu-Dancescu,60
21169,21,Zhong Xuan Khwa,75
19003,21,Canan Klingseisen,33
21077,21,Sofie Peilitz,49
7124,21,Aidan Keith Hynes,346
23799,20,Nicole Jenner,24
20387,20,Lyse-Marie Aici-Mira,28
7299,20,Hugo Miguez,415
26224,20,Maria Chicheleva,20
7353,20,Tony Schubert,320
24080,20,Margaret Sullivan,21
24728,20,Henny Sveen,27
19681,20,Thibaut Gery,21
19536,20,Marilyn Leo,31
26414,20,Ryan Brenneman,20
20344,20,Jared Cogswell,44
23104,20,Océane Fillon,35
18425,20,Liz Dewald,30
26796,20,Caziah Rockett,30
21207,20,Erik Petersen,44
24996,20,Vincent Aron,20
24262,20,Joey Tham,22
24348,20,Dafydd Foster,21
21531,20,Clarisse Sammut Roquet,24
23580,20,Tamás Podlovics,25
26496,20,Luzia Jaeger Hintze,20
23865,20,Carlos Servan-Alvarez,27
22393,20,Riley Lofgren,22
16905,20,Alec Grant,191
19404,20,Evan Schreiber,242
24517,20,Olivia Huhta,28
26744,20,Nadège Graveaud,20
22279,20,Jaden Frost,60
17707,20,David Bonnet,98
26925,20,Lisa Koeffer,20
26515,20,Cai Garcia,20
24751,20,Thuy-Vy Vo,30
22776,20,Jonathan Lin,36
21871,20,Franka Schröder,35
15806,20,Helen Zhou,128
26262,20,Zachary Pappalau,20
19846,20,Meg Raymer-Brown,45
19119,20,Rasa Keleryte,53
24290,20,Ines Leong-Nane,32
24564,20,Tegan Tisma,21
24886,20,Lara Kardas,20
21180,20,Andrea Luczi,22
18501,20,Anton Drummond,37
13530,20,Alli Reese,112
23597,20,Lilla László,22
22091,20,Simon Daigl,28
24175,20,Melissa Parrinello,21
21980,20,Cindy Bai,22
7696,20,Benjamin Beneyton,28
23583,20,Milán Gulyás,22
22126,20,Justin Kaiser,57
719,20,Kyle Redd,855
17075,20,Yuki Tamura,70
15870,20,Celine Quezel,82
14047,20,Jenny Cadieux,116
24143,20,Clara Sowell,26
18627,20,Kevin Adu,50
23293,20,Gabriel Wu,33
24325,20,Samuel Vaulimo,21
25381,20,Teodora Rășină,20
26517,20,Raegan Kalasz,20
22114,20,Hanna Rieger,36
21634,20,Robyn Giffen,46
23225,20,Vita Zakhu,31
8374,20,Magalie Vergne,87
18094,20,James Register,95
22364,20,Victor Tay,35
21682,20,Ashley Davis,38
26676,20,Vilde Sandnes,20
16708,19,Megan Clark,111
23066,19,Sophia Inge,33
23750,19,Roman Filkorn,20
24830,19,Tina Schiefer,20
15019,19,Danika Dahl,160
12900,19,Nathan Walsh,116
12786,19,Chris Reeves,43
23440,19,Alena Ivanova,22
25924,19,Sara Wright,19
19982,19,Olga Aziattseva,104
14789,19,Yali Sela,28
23373,19,Son Nguyen,22
16127,19,Hanna Vammeljoki,122
23009,19,Shruti Senthil,32
24656,19,Emese Fazekas,20
21019,19,Christoph Schmiedhofer,28
25134,19,Paul Johnson,19
12286,19,Emily Shoov,56
23959,19,Briley Sterling,24
21708,19,Yewin Fong,29
7849,19,JesAnn Nail,232
23930,19,Felix Wagner,31
15272,19,Marie-Amandine Carpentier,22
23668,19,Lizaveta Kautaniuk,20
24709,19,Anton Sochnev,20
12670,19,Peter Yin,125
24782,19,Audrey Uspensky,19
24029,19,Olivia Smith,20
18647,19,Janie Deroche,107
22812,19,Marlene Schaufler,28
24300,19,James Owen,22
23680,19,Elena Mukherjee,29
18227,19,Patrick Jagla,53
24205,19,Riley Grecco,21
22244,19,Jannis Blossey,39
22228,19,Jan Melicharik,44
18359,19,Jennifer Liu,48
17339,19,Ivan Katrunov,121
24093,19,Ajay Phatak,20
25537,19,Alexis Dolgoff,27
18036,19,Franz Magen,87
10216,19,Alyson Candido,82
18434,19,Eugene Pun,26
17823,19,Raphael Krauthann,153
25438,19,Tobias Nett,19
21448,19,Kameron Moore,64
21200,19,Ashley Veal,44
10297,19,Jacob Reding,135
19555,19,Christopher Bernard,100
23863,19,Derek Pasqualetto,20
21902,19,Marie Fourriere,48
20374,19,Anna Muench,72
14770,19,Skylar Pritchard,385
24744,19,Pascal Schön,22
25772,19,Malissa Petersen,19
7507,19,Cherylyn Annicella,94
16824,18,Shawn McGettigan,133
16295,18,Ilon Weeldreyer,96
16753,18,Tim Morrow,153
25349,18,Daniel Ahn,18
23761,18,Jason Math,25
19425,18,Luke Lebrasse,20
24765,18,Romane Meyerfeld,19
16385,18,Matthew Moisen,28
23835,18,Katariina Pentikäinen,19
26842,18,Kaitlyn McGuire,19
20169,18,Mariia Ziv,104
25574,18,Barbara Weinmann,18
17468,18,Muriel Rupprecht,39
22833,18,Katarzyna Liszka,21
5828,18,Jeff Smith,107
24085,18,Betty Peng,24
20171,18,Loic Sifferlen,23
21617,18,Joseph Geluz,28
6304,18,Amy Shibasaki,80
19179,18,Felix Kramer,48
23691,18,Matt Harris,21
24653,18,Bianka Rózsa,26
23676,18,Taylor Jarrels,40
23667,18,Cali Corkran,21
15914,18,Anna Niedzialek,107
25520,18,Alferd Febriel,18
21730,18,Gal Ben Shimol,21
25592,18,Marina Girina,18
23643,18,Markus Ostfeld,19
9536,18,Emma Sackett,113
21383,18,Mathieu Treilhou,24
17625,18,Anna Khomyn,105
22692,18,Karin Riechenberg,43
22887,18,Stella Kautzman,36
24873,18,Julietta Longiotti,18
13798,18,Mandy Corbett,89
22847,18,Ashley Figler,41
17121,18,Chloe Martial,101
22093,18,Veronique Hartmann,19
25552,18,Noelia Guerrero,18
24573,18,Nicole Hardwick,20
22952,18,Andrew Holmes,27
19732,18,Alena Muñoz Sánchez,42
14945,18,Robert Veale,82
17780,18,Rose Soiland,120
7352,18,Stanley Seguy,212
26816,18,Iman Alia Saleh,18
18119,18,Lorenzo Garcia,32
26531,18,Krissinda Matheny,18
20391,18,Alexis Prouvost,22
24936,18,Cindy Sims,18
24204,18,Sara Mattis,21
22992,18,Trent Payton,32
18433,18,Natasha Zem,19
23209,18,Gabriela Bajkowska,20
15305,18,Kelly E. Wright,131
4672,18,Emily Keller,39
10443,18,William Gomez,131
24177,18,Rose Howard,19
24884,18,Olga Berezhna,18
24951,18,Kieran Scott,18
21595,18,Amber Warder,30
24396,18,Cornelia Tudose,20
10044,18,Delphine Asselineau,107
20442,18,Lisa Shirokova,149
21087,18,Mikhail Shufer,48
17989,18,Bidyut Mukherjee,41
14081,18,Lily Auclair,199
20607,18,Carina Klaas,46
23419,18,Vinna Roque,21
10285,18,Orhiane Dang,124
13154,18,Justin Tomas,118
26248,18,Evie Song,18
14379,18,Grant Walker,81
25677,18,Sanem Aydogan,18
20779,18,Laura llacuna,35
24997,18,Madelyne Soulevant,18
20796,18,Alyssa Tyler,101
9094,18,Kirstin Oliver,38
25827,18,Charles Dufour,18
23192,18,Sebastian Brud,20
20888,18,Isabelle Issaurat,47
26343,18,Michał Chudzik,18
23356,18,Isabelle Staquet,19
26362,18,Sofia Wyatt,18
25192,17,Amber Newell,17
11182,17,Anthony Chen,103
24682,17,Mallory Fuhrmann,23
25231,17,Maria Olive,17
10951,17,Amber O'Connell,147
24703,17,Ellina Zorina,19
16785,17,Anna Zabek,104
25218,17,Brittney McGetrick,29
12995,17,Jacen Northcutt,119
13518,17,Pernilla Maatta,31
24407,17,Steffen Richter,27
9298,17,Lourdes Cruz,62
9285,17,Tze Ming Wee,112
16977,17,Marine Le Dudal,157
21324,17,Jose Miguel Belloque Vane,58
14022,17,Ekaterina Gorianaya,136
24811,17,Julian Heusler,17
10470,17,Evgenia Itkina,129
24888,17,Vanessza Vegi,17
12564,17,Alexis Boudreau,24
25709,17,Elisa Tabor,17
25816,17,Mimi Cai,17
8835,17,Nick Hughes,119
24912,17,Gwen Brinsmead,17
18093,17,Jamie Lach,93
17987,17,Brita MacInnes,41
24950,17,Ricardo Fernández,17
15784,17,Julia Danchenko,19
24870,17,Talisha Edwards,17
15005,17,Matthew Jones,40
25473,17,Ivy Hotz,18
26411,17,Liz Alexandra Morales,17
25597,17,Christian Xie,17
25462,17,Anastacia Bahmutsky,17
11866,17,Caroline Bejstam,146
7683,17,Alyssa Arms,78
24510,17,Stacey Rizk,20
25590,17,Yevgeniy Borisov,17
7813,17,Celine Fournier,70
24493,17,Mélanie Lizarte,27
17107,17,Lucy Walsh,92
21334,17,Lynn Telzer,52
24795,17,Trudie Davies,17
22427,17,Johanna Skoerys,63
23387,17,Caine Chan,23
23999,17,Livia Pality,27
21058,17,Caroline Steel,21
23978,17,Shehab Kazi,21
21071,17,Therese Kleveland,72
20980,17,Hawa Diallo,86
20167,17,Christian Chua,94
20948,17,Adam Sumilong,54
19040,17,Jennifer McDaid,69
18451,17,Jonathan Wolfgram,139
22969,17,Ambre Erouart,20
20854,17,Nadege Lebert,20
23956,17,Devin Rasmussen,19
19902,17,Adèle Serton,22
21711,17,Wan Yu Lin,67
22516,17,Anna Hamre,33
21522,17,Maïlys Delcroix,33
22628,17,Cody McElligott,56
19256,17,Vyvy Benham,18
20721,17,Julia Kapustina,32
23925,17,Lukas Samuel Jeck,27
20128,17,Chase Warner,249
21471,17,Anna Aula,61
20062,17,Anna Danilova,59
23710,17,Warren Kao,24
22558,17,Madeline Erwich,22
23123,17,Nives Đorđević,25
24256,17,Anna Stedile,51
24094,17,Roxanne Brulé,18
25884,17,Katarzyna Zajkowska,17
21319,17,Ewelina Langowska,37
19602,17,Judith Plattner,80
23417,17,Katie Lee,19
19720,17,Gal Rotbard,30
20543,17,Rebecca Cronheim,27
19740,17,Julie Nong,50
5372,17,Trendlyon Veal,232
18276,17,Maya Sigl,52
22882,17,Tom Hogue,19
23785,17,Andrew Pifferini,59
20441,17,Marzena Dykman,50
19810,17,Sergey Sirotkin,80
18111,16,Ursula Krishtal,83
24762,16,Lise Nguyen,17
24868,16,Brianna Morfin,16
23160,16,Abigail Smith,45
21185,16,Rikke Gunnufsen,27
19440,16,Natasha Holmes,25
18604,16,Karine Ansotte,18
11528,16,Laynee Day,81
18236,16,Markus Pommermayr,19
22348,16,Scott Murphy,24
7182,16,Rachel Hutchins,22
21226,16,Hwee Meng Yeak,23
24500,16,Sven Ferstl,17
21906,16,Yara Mangindaan,19
21459,16,Aaron Panganiban,44
20569,16,Clemence Durand,54
16606,16,Magdalena Bosiacka,58
25624,16,Madeleine Reiter,16
19292,16,Lewis Poulsen,28
12806,16,Amanda Nullmeyers,62
19270,16,Brooke MacInnes,56
26716,16,Hsu Serena,16
15483,16,Bianca Davis,81
26505,16,Natasha Metzger,16
20560,16,Thibault Sejourne,25
19343,16,Sergei Smolich,67
21176,16,Magdalena Kudła,22
24117,16,Quentin Chan-Wai-Nam,26
25350,16,David Saylors,16
22381,16,Kendra Russell,17
17577,16,Laura Clark,77
24487,16,Haley Junkin,18
25822,16,Jake Twork,16
21966,16,Srikanth Avasarala,37
24282,16,Alex Lee-Boulton,22
18187,16,Kastytis Pucilauskas,44
24512,16,Salomon Alcantar,17
10318,16,Balint Szekely,83
1047,16,Demetre Souliotes,179
8920,16,Andy Fernandes,55
17673,16,Priscilla Bellet,48
24253,16,Matthew Kavanagh,31
24450,16,Dani Bitout,20
22162,16,Adam Nice,18
26805,16,Janette Ly,16
22409,16,Mats Gentzsch,18
24454,16,Anthony Caine,17
25538,16,Shavon Mattiello,16
24461,16,April Johnson,17
22440,16,Jeanie Ricci,19
22225,16,Claire Swarbrick,17
25335,16,Margot Rankins-Burd,16
17833,16,Theresa Plattner,63
18019,16,Sandy Gay,53
22729,16,Kate Snijdewind,39
11288,16,David Kono,121
25522,16,Maria Yesica,16
24328,16,Alena Belousova,16
17846,16,Petter Fossheim,123
23844,16,Anton Matveev,17
27183,16,Christa Sparks,16
23386,16,Harith Iskandar Chai,24
24665,16,Jenaleigh Bankston,28
17248,16,Patricia Brandwein,89
25303,16,Justyna Grabińska,16
24594,16,Dane Williams,17
25732,16,Alison Klein,16
15300,16,Deon Harrell,354
22883,16,Jefferson Flowers,36
12098,16,Basia Lopatka,43
21781,16,Richard Stewart,21
21665,16,Rachel Stuart,51
17109,16,Amanda Stuart,52
19167,16,Miho Myojin,54
14942,16,Samantha Pugmire,94
12572,16,Jung Kang,77
23623,16,Aleksandra Łukaszewicz,19
12106,16,Ilmira Galieva,166
24652,16,Paulina Pasterz,26
23970,16,Joshua Pelegrin,37
23477,16,Katherine Gonzalez,19
21855,16,Ada Machura,24
21598,16,Hassan Kanouni,37
11806,16,Florian Lemoine,121
25945,16,Laura Prada,16
27158,16,Eszter Erdei,16
12329,16,Pavel Kozlov,69
24941,16,Uxía Vázquez,16
22972,16,Penelope Issaurat,17
16101,16,Jocelyn Mobley,152
26220,16,Arina Aleksandrova,16
17230,16,Lindsay Becerra,66
18709,16,Amy Morice,31
17143,16,Lilian Chia,40
9282,16,Dalena Lee,138
23723,16,Alesia Haxhia,34
8319,16,Dina Pop,56
26884,16,Riley Farrell,16
23328,16,Kyungmi Oh,27
14089,16,Katelyn Bouise,71
20891,16,Kiya Govek,22
2986,16,Brad Whelan,496
20959,16,Serena Pham,19
3124,16,Amanda Collins,57
21023,16,Jason Torchinsky,27
23221,16,Briahn Witkoff,17
26549,16,Lori Byrd,16
25866,16,Kelley Broderick,16
25020,16,Sergey Lisitsyn,16
22842,16,Krystal Spears,25
23385,16,Ondrej Divis,34
12144,16,Danielle Johnson,93
23019,16,Sofia Hedberg,26
16405,16,Jeremy Bodenmann,23
21700,16,Brice Issaurat,20
24617,16,Mitchell Smith,17
17192,16,Kaley Thompson,124
24880,16,Bende Marton,16
20542,16,Emmy Ihlar,28
25902,16,Wolf Schade,16
23180,16,Claire McCarthy,23
20642,16,Michelle Yang,52
25582,15,Tobias Solymosi,15
18610,15,Marcin Kowalczyk,131
26275,15,Isabel Lembke,15
25841,15,Felicia Birgitta Lilkaer,15
26888,15,Luke Primrose,15
21545,15,Karah Giesecke,19
22954,15,Natacha Chenevoy,16
21971,15,George Vasquez,33
26516,15,Caden Reynolds,15
21583,15,Robert Simmons,19
18558,15,Guillaume Perez,150
25259,15,Marie Nagy,15
17045,15,Natasha Flowers,117
20367,15,Celine Kessler,23
7537,15,Emeline Rochefeuille,242
26386,15,Isabelle Eras,15
21020,15,Klaudia Plaziak,52
20397,15,Elisa Morin,23
15586,15,Joseph Pacheco,87
27123,15,Viktoriya Zabrovskaya,15
25551,15,Anna Lackman,15
24553,15,Alyssa Chua,23
24674,15,Leonardo Pahuriray,17
27252,15,Nina Chere Norgaard,15
21717,15,Haruka Okada,28
25493,15,Annalise Charoonsophonsak,15
11046,15,Veronica Atwill,104
26684,15,Elina Väisänen,15
25913,15,Tanja Blätz,15
17843,15,Anja Riste,128
23248,15,Rachel Lai,18
22053,15,Jacob Ardnor,24
26788,15,Ashley Croft,15
25565,15,Sofia Stock,15
21762,15,Himanshu Paul,34
18133,15,Joan Kim,60
26953,15,Rodolfo Blanquicett,15
18139,15,Emily Hung,133
24549,15,Yinghao Yeo,16
21469,15,Jenni Keränen,27
22681,15,Henry McLemore,24
19222,15,Marcel Helbich,25
11375,15,Victor Chen,78
12652,15,Anastasia Telegina,100
25307,15,Kristina Uldina,15
24883,15,Ariel Eshet,15
12686,15,Róbert Tóth,74
21947,15,Mandi Frazer,27
26223,15,Svetlana Prosina,15
24173,15,Lance Jenner,16
25573,15,Caroline Maiß,15
17080,15,Hunter Hobbs,111
7576,15,Jerome Fernandez,238
26729,15,Madison Vangilder,15
12629,15,Océane Even,122
25607,15,Kristina Persson,15
24599,15,Yalini Kandheswari,16
15587,15,Tori Mills,55
24518,15,Ellanique Collins,16
21867,15,Michelle Welter,65
22662,15,Sarah Vollmerhaus,30
23536,15,Natalie Ash,16
18678,15,Florian Gräbe,75
25292,15,Michał Hryb,15
23016,15,Amanda Kajava,19
18553,15,Alice Delamare,19
16327,15,Nolan Whitely,83
21188,15,Maria Molina,29
22421,15,Laura Schmidbauer,28
22549,15,Melissa Thomas,28
24875,15,Barna Czegledi,15
18442,15,Anne Brade,23
21316,15,Olga Kim,19
18446,15,Cedric Le Franc,56
25491,15,Connor Smith,15
23088,15,Kate Markman,27
20116,15,Lisa Moinault,68
23489,15,Neil Ashford,30
16762,15,Byron Doss,43
15602,15,Orian B,84
20426,15,Szymon Chodzidlo,40
8861,15,Jerome Cabot,48
27040,15,Aleks Petkov,15
27272,15,Eugenia Rzedzicka,15
22190,15,Ryenn Will,17
2495,15,Erica Smith,320
23422,15,Garrett Russell,20
25531,15,Gabriel Diaz,25
20619,15,Rafal Kulba,21
26008,15,Luciana Gravotta,15
24403,15,Theresa Fajardo,22
20618,15,Simon Mannes,30
23689,15,Hailey Rogers,16
25506,15,Margot Hamelin,15
25172,15,Robin Lamm,15
23164,15,Christina Welter,19
25781,15,Scott Fleischer,15
24416,15,Till Merkens,24
20482,15,Thomas Porcheron,24
26968,15,Andrea Schalk,15
21267,15,Daniel Mors,51
15904,15,Derek Avocado,27
20112,15,Vladimir Geneste-Samissoff,65
19976,15,Tama Mitchell,24
16609,15,Daniel Klein,31
26289,15,Jazzy Durgin,30
26142,15,Lena Nielsen,15
25143,15,Sophia Lanzner,15
22302,15,Elena Assargiotis,16
25427,15,Karmen Majdič,15
23418,15,Rachel Wong,18
15069,15,Florence Dehais,138
20676,15,Klara Epperlein,40
24806,15,Brandie Pastorek,16
26958,15,Miriam Pütz,15
20787,15,Denis Gorbanyev,21
25072,15,Leon Kong,15
14183,15,Evelina Lundberg,146
22314,15,Jasminella Kangas,19
20770,15,Kat Tan,42
19811,15,Ludovic Monier,26
19519,15,Marie-Eve Landry,49
23340,15,Namwoo Song,17
27050,15,Ronja Štrukelj Kreč,15
22231,15,Tadeáš Moravec,17
22423,15,Daniela Mony,17
20147,15,Artur Ciolek,72
9288,15,Zoe Klomp,95
24815,15,Aneta Gienibor,15
23335,15,Taehee Lim,16
20859,15,Joah Vagnozzi,57
26115,15,Jihan Salsabila,15
22583,15,Sandra Bråborg,35
26130,15,Adeline Chan,15
19324,14,Myriam Bouhadid,15
22141,14,Michael Grether,27
12713,14,Glenn Ball,186
24710,14,Lyubov Berdnikova,26
24720,14,Sagiv Oulu,15
6204,14,Christopher Dumond,401
23914,14,Lidia Carmona,15
22064,14,Lara Arden,14
24725,14,Marija Bravikova,26
15256,14,Alexandru Tanasoiu,85
19334,14,Emma Brillantes,74
20455,14,Dylan Dang,35
23941,14,Sebastian Schwind,48
23106,14,Celine Cruvellier,24
19359,14,Thomas Hansen,50
16683,14,Sequoia Nelson,117
26672,14,Richard Zou,14
21305,14,Romain Guillochon,23
24748,14,Marie Klein,18
23140,14,Vincent Stefan,47
25978,14,Rodolfo Blanquicett,14
23013,14,Lorris Chardonnens,19
21651,14,Kyle Loranger,23
10632,14,Jordan Fox,63
26938,14,Aubrey Jumonville,16
8262,14,Sharell Weeams,120
13979,14,Ryan Maldonado,117
24405,14,Anna Guarino,25
22022,14,Brynn English,15
19706,14,Lina Kenzler,28
23960,14,Giovanna Robb,29
12318,14,Agathe Wasch,100
21258,14,Missy Baddin,17
21090,14,Gulnaz Ubaseva,61
21100,14,Trevor Jaskot,85
22713,14,Lea Miglinci,28
19690,14,Mikhail Yermakov,87
19286,14,Iryna Sarnitska,45
5747,14,Maxence Martin,287
25774,14,Angelica Parker,16
20161,14,Romana Melichaříková,54
22593,14,Johannes Reif,16
25102,14,Leija Lahtinen,14
14053,14,Francesco Ciavolino,62
19803,14,Katelyn Brady,32
18972,14,Katarzyna Rynkiewicz,22
24604,14,Anne Yolland,15
5748,14,Cameo Cross,565
14069,14,Ana Paula Ferreira,17
10185,14,Kathleen May,18
21017,14,Malgorzata Maczka,19
26387,14,Iris Hauri,14
23434,14,Ethan Wilson,33
20625,14,Daria Scharl,37
22542,14,Melika Shams,20
22394,14,Philip Piersol,57
20589,14,Jolie Keller,29
20113,14,Mel Verduci,172
20114,14,Mathieu Fuvel,37
11723,14,Aaron Abramowitz,61
17342,14,Gabriella Madarasz,36
23562,14,Matthew Davis,16
21967,14,Anthony Robinski,28
21391,14,Julie Vancoppenolle,23
18941,14,Charlotte Marbus,32
15381,14,Artem Lebsak,77
19926,14,Anna-Maria Velander,36
20872,14,Nicolas Mercadier,29
20537,14,Oskar Eklund,48
12029,14,Celine Belleville,16
19967,14,Vanessa Zighelboim,48
20809,14,Diego Rivera,132
20807,14,David Choi,21
8338,14,Timea Gombos,94
14290,14,Ariel Schwartz,94
26196,14,Linda-Marie Byström,14
20284,14,Nina Winkler,83
25470,14,Serena Beze,14
23686,14,Bella Johns,69
22576,14,Eugen Boos,18
14870,14,Madeleine Konzelman,81
21544,14,Kasey Luo,22
24151,14,Sydney Boukedes,16
24150,14,Johnathan Cagle,20
16468,14,Jennifer Walton,23
20366,14,Bethany Stephens,16
25095,14,Cosma Bothe,14
20353,14,Alex Raposo,193
25094,14,Viljami Jauhiainen,14
14321,14,Charlotte Mennetrey,127
17555,14,Joun Young Lee,57
26332,14,Lucas Zalduendo,14
24343,14,Frédérique Gosselin,16
20720,14,Maria Kazakova,19
23412,14,Syed Nazri,23
3041,14,Susan Kirklin,166
311,14,Jordan Frisbee,680
14527,14,Willemijn Passtoors,52
20014,14,Steve Fitz,44
6916,14,Shanna Porcari,223
20777,14,Janis Klavins,75
24065,14,Chris Pozo,21
16023,13,Donghee Kang,54
19672,13,Rish Rastogi,48
23918,13,Christopher Edwards,28
19058,13,Svetlana Tuktarova,24
17734,13,Gal Kashi,118
23864,13,Denny Pham,16
23707,13,Lena Schöne,14
18037,13,Kristine Krumberga,63
19415,13,Pamela Marr,76
24397,13,Arina Apetyan,22
6697,13,Jessica Taylor,100
25927,13,Robert Axley,13
17486,13,Henri Karvinen,45
17852,13,Julie Ringstad Larsen,38
19974,13,Grace Williams,47
16564,13,Elliott Elder,40
5785,13,Camille Webb,89
24228,13,Jamie Ullenius,16
18463,13,Frank Jiang,144
9478,13,Corrinne Schwartz,70
13220,13,Katia Rar,82
21266,13,Pete Castro,41
10843,13,Chris On,118
20057,13,Boris Sizov,43
19407,13,Heather Nelson,32
18145,13,Florent Coïc,90
17194,13,Tony Nguyen,43
8011,13,David Guido,133
13465,13,Khayree Jones,282
19474,13,Ivan Jorquera Martine,16
15928,13,Florian Simon,154
26155,13,Anna Goriuchkina,13
18686,13,Zakeo Taillardat,66
20132,13,Lunelle Bertresse,102
17970,13,Allison Brown,83
8203,13,Sara Mouchon,139
26192,13,Jonas Dahlgren,13
18545,13,David Dukhan,30
24528,13,Stefan Siegl,14
17666,13,Jeanine Held,72
19139,13,Christa Kiesling,34
7857,13,Chantelle Pianetta,262
19195,13,Danielle Chojnacki,43
26514,13,Emerald Lacy,13
16588,13,Cecil Pham,75
18201,13,Ali Muller,57
8173,13,Artur Radzikhovsky,162
619,13,Tatiana Mollmann,746
19306,13,Rae Tardif,52
15985,13,Ats Nisov,122
23688,13,Lauren Wann,15
9899,13,Fabrice Perdereau,44
20360,13,Melanie Bartholomew,42
13608,13,Yuliya Shapovalova,79
25341,13,Stéphanie Jecrois,13
11349,13,Marina Shenayeva,55
11337,13,Olga Ruban,119
23095,13,Solana Carpenter,14
26057,13,Varya Khavtorina,13
26063,13,Phoebe Brodsky,13
22084,13,Nadja Tessler,39
23012,13,Graylen Kirby,38
21506,13,Vincent Castelbou,32
22118,13,Mathilde Verdier,31
21420,13,Tiffany Good,26
9895,13,Anna Horváth,108
21401,13,Johanne Bensimon,39
21381,13,Anna Zhukova,49
23067,13,Annalie Bamberg,15
12427,13,Ryan Pflumm,141
20585,13,Luca Schnoor,128
20450,13,Alex Connelly,86
10214,13,Joao Parada,247
26316,13,Ruth Bubis,13
10224,13,Hailey Toro,211
22417,13,Wilhelmine Wendeling,19
20522,13,Manoj Rudraboina,120
21051,13,Elisabeth Larson,33
22892,13,Alison Coffey,22
10755,13,Andrey Shenayev,142
25947,13,Lukas Freiwald,13
20651,13,Anna Szymanski,19
21719,13,Ayako Oikawa,38
25442,13,Annaliese Mann,13
25914,13,Beatrice Blogna,13
10887,13,Caroline Gauthier,38
25519,13,Henry Chiang,13
20874,13,Thibault Alphazan,21
14201,13,Pavel Katunin,163
20728,13,Mackenzie Herman -Olson,129
26495,13,Laura Mellado,23
10386,13,Jesse Lopez,293
25113,13,Aliisa Kiiskinen,13
25019,13,Yevgeniy Rzhevskiy,13
12962,13,Philipp Wolff,277
20635,13,Thibaud Baron,59
22838,13,Veronica Ekström,34
22828,13,Curtis Promislow,19
23085,13,Brendan Dunn,27
21939,13,Elizabeth Wooton,84
20586,13,Hugo Mouriame,77
25660,13,Adam Drazil,13
14709,13,Therese Axen,47
22768,13,Shannon Desjardin,17
20291,12,Zsófia Szoldán,13
15301,12,Stacy Wheeler,91
15441,12,David Phan,105
18720,12,Sonia Trave,32
15367,12,Yevgeniya Karachentsova,132
27159,12,Natalie Bell,12
25566,12,Ronald Jäpel,12
20229,12,Chelsea Sawley,20
18768,12,Ben Brett,17
24402,12,Anton Volodko,13
22476,12,Federica Bruni,28
25305,12,Ewa Milek,12
21819,12,Anna Lebed,48
26134,12,Marie-Christine Molina,12
16413,12,Paolo Iannello,178
9651,12,Joris Baraillon,88
22020,12,Roni Railsback,32
25569,12,Viviane Kaltenbach,14
18154,12,Erwan Le Mellec,35
24901,12,Halie Burke,12
17255,12,Florian Höhner,57
26685,12,Jaana Vilkman,12
26789,12,Theodora Bauer,12
24793,12,Mimi Embola,14
17571,12,Ekaterina Yarygina,16
25280,12,Carron Dempster,12
22003,12,Sandy Samuel,32
20429,12,Olga Cencek,22
17205,12,Jake Ryder,36
25657,12,Josiah Schwartfeger,12
25507,12,Chia Hwei Lim,12
18653,12,Mirabella Gibson,84
10081,12,Maxim Feoktistov,84
21701,12,Mathilde Tourné,15
20206,12,Daria Klimovitskaya,76
20272,12,Inara Smith,29
19790,12,Elena Mineva,18
24645,12,Angyal Mercedesz,16
26143,12,Carla Coromina,12
22953,12,Olivia Hayes,15
11298,12,Virginie Petricola,15
25260,12,Lucie Fister,12
16335,12,Hien Nguyen-Phuoc,103
25867,12,Cj Brookshire,12
24211,12,Oskar Tommola,13
24874,12,Nataliia Miroshnychenko,12
10847,12,John Su,141
22448,12,Agnieszka Bak,20
18984,12,Larissa Solovieva,24
17065,12,Renee Wasko,136
10219,12,Marcos Felipe,45
15051,12,Mari Salonen,69
21692,12,Nicolas Maurel,13
17130,12,Mike Liadouze,47
18013,12,Abelia Taillardat,38
17101,12,Natal'ya Darayeva,23
19045,12,Veronika Potter,81
12357,12,Harry Rappaport,37
12384,12,Damian Gruszczynski,159
24973,12,Hannah Adair,12
23011,12,Kelsey Oertly,14
5103,12,Markus Smith,104
19071,12,Isabel Longoria,43
24980,12,Ali Daoudi,12
20143,12,Zarina Babaeva,31
26116,12,Stevie Fransiska,12
24436,12,Palina Lapuka,20
23001,12,Fanny Herisson,21
20558,12,Daniel Lam,22
20129,12,Deitric Thompson,75
24279,12,Samantha Hoffmann,13
7868,12,Jessie Rosenberg,82
26999,12,Magdalena Rachwał,12
17815,12,Seth Rogers,34
21521,12,Charlotte Fliegans,27
12584,12,Celina Nelson,42
20195,12,Mathias Mestre,23
22870,12,Alisa Kuznetsova,32
25842,12,Estelle Naumanen,27
14117,12,Livia Crhova,60
8419,12,Thomas Clyde,130
8213,12,Shane Feldman,62
14112,12,Philipp Holzinger,89
11139,12,Byron Brunerie,291
23411,12,Joshua Tan,20
25138,12,Rosinda Amorim,12
19893,12,Louise Renoul,18
16497,12,Heather Angle,25
19243,12,Heidi Dziak,26
22296,12,Chantelle Elson,28
26969,12,Mona Schwabe,12
25634,12,Kerry Burke,12
23191,12,Mathias Preuß,14
25625,12,Saskia Sportel,12
26171,12,Ren Enby,12
18317,12,Brianna Garcia,76
16766,12,Disa Sjogren,21
23029,12,Emma Walsh,61
25162,12,Caroline Selle,12
20646,12,Samantha Pincus,14
26817,12,Claire Griffiths,12
23024,12,Ajani Wright,23
16169,12,Sebastian Kruse,68
26560,12,Romain Bobillier,12
12621,12,Kevin Rocher,107
24838,12,Christian Yzaguirre,12
25359,12,Sophia Yip,12
5198,12,Tiffany Ellender,21
19287,12,Veronika Sarnitska,60
23891,12,Zoe Lina Waschwill,28
24816,12,Nina Philipp,12
26073,12,Vivian Pfister,12
14085,12,Nicholas Payton,58
22375,12,Alex Bo-o,23
22101,12,Michelle Schädler,22
25428,12,Suzana Köster-Manojlović,12
22316,12,Hannu Mört,17
23069,12,Kevin YuanZhi Chen,27
22313,12,Linda Leinonen,15
23020,12,Anne Malm,16
20742,12,Emma Charlotte Young,35
9329,12,Christopher Wrigley,181
20753,12,Heini Sanez,22
13304,12,Jennifer Norris,162
13314,12,Conor McClure,312
25179,12,Lily Partington,12
10620,12,Sharyl Thung,49
25415,12,Ayumi Ishiguro,12
16633,12,Yelena Fedotova,48
22509,12,Ross Bloom,16
24917,12,Sara Manfredi,12
25737,12,Eddie Reyes,12
22866,12,Nora Anna Nagy,14
23504,12,Apolline Castellani,43
23501,12,Josias Stephan,13
23354,12,Lou Bruston,18
2895,12,Kristin Kling,55
7881,12,Damien Favier,220
8458,12,Yann Wajsgrus,25
9229,12,John-Paul Masson,203
25073,12,Ellis Reichert,12
9340,12,Lucky Sipin,157
10596,12,Michael Levy,61
19560,12,Nina Perga,52
14146,12,Jung Eun Youn,42
18449,12,Trevyn Hey,76
5421,12,Sean Mckeever,442
27273,12,Katarzyna Pajak,12
19376,12,Vivien Kähnert,18
22121,12,Bruno Dato,24
20701,12,Ashlyn Smith,27
8004,12,Larisa Tingle,288
21288,12,Elina Sharipova,51
23382,12,Mariam El Kouhan,14
22128,12,Julian Waldburger,13
23757,11,Aleksandr Patutinskiy,18
23596,11,Aleksandra Lewandowska,52
15979,11,Tuomas Sillanpaa,127
14156,11,Alexander Stavola,230
26494,11,Jessica Werlin,11
17992,11,Tyler Doss,38
26581,11,Arnold Cheong,11
20427,11,Rados?aw Gromek,14
15605,11,Elena Newmark,47
17996,11,Lohana Gregorim,20
25684,11,Sarah Vergnolle,11
20903,11,Connor Clark,19
14433,11,Cliff Pereira,130
24831,11,Kerim Hurd-Korkmaz,12
6915,11,Jodie Stanley,42
15565,11,Suvi Leskinen,55
16067,11,Kristen Ott,101
20352,11,Jennifer Shipley,38
22617,11,Evangeline Paetkau,15
24966,11,Maya Hamilton,11
23587,11,Bernadett Wrana,20
17920,11,Connor Johnson,46
18025,11,Sam Lingane,91
20696,11,Iskandar Pashayev,32
22239,11,Lucie Meyer,15
25826,11,Alan Eijkelhof,11
20801,11,Colleen Cheong,55
24095,11,Tom Gillespie,14
20581,11,Lukas Batschak,21
20929,11,Quentin Lovett,13
10226,11,Bruno Lineker,36
14679,11,Jacek Bosiacki,47
20072,11,Kristina Casazza,88
26734,11,Natali Shatchan,11
25052,11,Lissie Zeh,11
23450,11,Marina Duplina,17
10289,11,Julien Manoukian,107
26338,11,Marek Grzybowski,11
17977,11,Irina Kalita,118
14033,11,Elizabeth Lloyd,122
10201,11,Agnieszka Powell,131
14731,11,David Amborn,21
16040,11,Aydar Tukayev,51
14765,11,Raphael Ettedgui,168
20270,11,Danya Svir,127
15656,11,Tuan Nguyen,267
26557,11,Annuskha Dunstan,11
25474,11,Jacquelyn Parker,11
20606,11,Carsten Anselm,26
21421,11,Riley Anderson,69
23792,11,Kimberly Ritter,12
22728,11,Alyssa Ennis,18
25809,11,Helen Assayag,11
6778,11,Pascal Emond,90
18903,11,Andrei Rusnac,26
17207,11,Kathy Polanchek,21
22019,11,Kira Stein,21
12202,11,Outi Salonen,134
21669,11,Erin Raye Dryer,16
17134,11,Lori Matsuhara,31
12333,11,Yelizaveta Ivanova,46
19091,11,Talía Colón,139
26197,11,Ida Borg,11
21839,11,Debbie Wagener,36
17438,11,Svea-Friederikke Lucht,26
19594,11,Carisa Kozicki,31
21076,11,Anastasia Stepanchikova,16
21104,11,Ella Bell,87
13926,11,Dexter Aronstam,118
25114,11,Maenard Bihis,11
10895,11,Isabelle Roy,133
23215,11,Wayana Dolan,17
13537,11,Aris DeMarco,115
26277,11,Mildred Wong,11
18760,11,Harold Baker,135
19485,11,Michael Warner,43
22817,11,Aleksei Pushkarev,27
23159,11,Jamin Stagg,16
21408,11,Samuel Bingham,15
25843,11,Dilay Türe,11
23912,11,Marie Guibert,15
22106,11,Nicole Flura,15
25371,11,Asude Muftuoglu,11
25613,11,Kevin Jilg,11
12938,11,Maarit Laitinen,21
24891,11,Marina Tikhonova,11
16637,11,Oksana Boyko,37
21220,11,Anna Spiridonova,46
21472,11,Janica Saarni,39
19197,11,Patrick Zey,28
26803,11,Jevan Canada,11
25332,11,Jane Quispe,11
12438,11,Anthony Audin,112
21528,11,Layan Boucheta,63
23875,11,Sandra Fuller,14
11570,11,Viktor Miskolczy,85
23845,11,Anastasiya Barkova,18
16492,11,Taylor Carew,53
16514,11,Miroslav Paulik,49
25429,10,Ulla Kos,10
26639,10,Matthias Palfi,10
18352,10,Philippe Leger,14
9096,10,Ania Verbitskaya,15
25647,10,Petra Franchi,10
25392,10,Aurélie Tesson,10
25124,10,Natasha Spivak,10
26767,10,Ragne Grønning Almberg,10
21048,10,Bobby Martinez,32
10681,10,Ben Howard,14
7362,10,Michael Nahem,128
25915,10,Laura Meßmer,10
26854,10,Andréanne Chagnon-Robert,10
26012,10,Bruno Ploumhans,10
26093,10,Emmi Myöhänen,11
26944,10,Kate Benson,10
16290,10,Mangesh Urankar,166
27070,10,Minna Baranyai,10
26254,10,Stephanie Woo Dearden,10
16367,10,Vanessa Vitiello,44
26473,10,Alexandru Chivu,25
6016,10,Nelson Clarke,223
18405,10,Anna Masgrau,67
23758,10,Daria Morozova,11
25118,10,Kyle Miller,10
25904,10,Tommy Schlegel,10
9236,10,Marlynn Lane,102
25059,10,Rachel Caines,10
25539,10,Annie Yin,11
23778,10,Trevor Karpinski,18
25163,10,Franziska Condé,10
25638,10,Daniel Gimenez Llorente,10
26673,10,Lauren Smith,10
25087,10,Meridith Fulton,10
26176,10,Julia Åberg,10
18342,10,Jordan Cline,80
23346,10,Regis Dupin,12
23188,10,Wiktor Wawrzak,50
27274,10,Monika Tenerowicz-Żaba,10
26696,10,Emily Doubt,10
10911,10,Kristine Sandt,90
25666,10,Vanessa Kremser,10
18461,10,Angeline Huang,51
26809,10,Luca Fornaciari,10
26675,10,Anton Shalgachev,10
16122,10,Hanna Wrannvik,69
26126,10,Angga Brownski,10
17854,10,Alamea Napuunoa,99
25623,10,Veronica Buchmann,10
2761,10,Samantha Buckwalter,384
19224,10,Madalina Varlam,32
9294,10,Ian Gray Cameron,25
26198,10,Dmitriy Bursh,10
26959,10,Jan Louis Rentmeister,10
26599,10,Bettina Velasco,10
2832,10,Arjay Centeno,480
25987,10,Maja Ludwikowska,10
26019,10,Delphine Gorlier,10
21214,10,Hanna Hager,16
21129,10,Maeva Volle,10
13603,10,Artem Shapovalov,126
23158,10,Josiah Pettie,13
25658,10,Shiming Lin,10
21224,10,Alexander Posch,42
9123,10,Kristen Shaw,288
16593,10,Julia Lambert,82
14037,10,Danielle Senecal,13
25622,10,Mirja Barth,10
27267,10,Michał Wichowski,10
8354,10,Emma Collyer,178
25929,10,Joachim Förster,10
17863,10,Rohit Venugopal,65
25193,10,Anja Buchhorn,10
16018,10,Semi Ahn,56
26780,10,Sayan Chattopadhyay,13
26106,10,Arnol Hamdani,10
22341,10,Corrine McGinnis,12
25930,10,Sarah Engel,12
20988,10,Suryaraj Salunkhe,48
26163,10,Alivia Spencer,10
25198,10,Charissa Spijkers,10
24374,10,Joana Benner,14
20710,10,Valeria Zakharchuk,28
22363,10,Lee Perrott,22
26376,10,Dennis Horsch,10
26422,10,Emily Andrews,10
16671,10,Claudia Mollard,23
27170,10,Allison Munck,10
16016,10,Jaehyuk Jung,40
20007,10,Anna Tsapurina,37
25208,10,Jay Stewart,10
18493,10,Emilia Reitamo,31
17797,10,Fabian Stein,113
24834,10,Emilie Lum,10
26233,10,Chelsea Evenson,10
27147,10,Leslie Nuemann,10
25697,10,Kimberly Neely,10
26421,10,Lily Varnado,10
25024,10,Ian McAreavy,10
19317,10,Karim Ammour,37
26348,10,Patrycja Tucholska,10
26983,10,Rasa Bojarun,10
27051,10,Lovisa Jonsson,10
26074,10,Kira Martin,10
26751,10,Marita Hauglid,10
26448,10,Emily Engel,10
25009,10,Polina Makhonko,10
12810,10,TJ Yap,55
24843,10,Kristie Zamora Becker,10
26990,10,Benjamin Berstecher,10
25834,10,Rickard Ström,10
13804,10,Nina Bondar',51
12787,10,Kevin Lawrence,25
23061,10,Aditya Visweswaran,12
12751,10,Jennifer Ritzen,74
16777,10,Tristan Lewis,44
24854,10,Julianna Moore,10
24809,10,Michael Romanek,10
25229,10,Dénes Nagy,10
27062,10,Marcin Skiba,10
21449,10,Rhiannon Neuville,35
25556,10,Felicity Humphrey,10
7394,10,Alaina Yee,171
11183,10,Catherine Dierkes,22
17948,10,Steeve Ambroise,24
20855,10,Kylene Setzer,20
17300,10,Béatrice Rivard,18
26936,10,Jason Abrams,10
21543,10,Sophia Xiao,22
26906,10,Leo Retrain,10
17622,10,Marie Caremantrant,35
26611,10,Emma Zajonc,10
25239,10,Zlata Lavska,10
18199,10,Timothy Nall,83
9849,10,Austin Kois,407
26388,10,Marietta Schuster,10
12463,10,Amber Dillenkoffer,96
22412,10,Alina Heib,35
23647,10,Franziska Kling,20
25354,10,Janelle Tang,10
20553,10,Rong Liu,55
20567,10,Esmeralda Dahoutia,11
24657,10,Anthony Austin,18
21481,10,Victoria Bian,64
9510,10,Rosina Cleland,84
25352,10,Cam-Tu Tomkins,10
27138,10,Andrew Wong,10
23459,10,Connie Yndal,16
15719,10,Alexey Kochev,24
26659,10,Pierre Vittorio Sinajon,10
15553,10,Miranda Lam,88
25960,10,Jordan Robey,10
24885,10,Zuzana Krajňáková,10
26317,10,Slata Zlatin,10
18761,10,Richard Swann,13
11830,10,Alexandra Pasti,78
25306,10,Zofia Błażyca,10
5190,10,Melissa Stewart,12
26440,10,Sara Blasi,10
24916,10,Florent Chauvin,10
25237,10,Dora Kocsis,10
26117,10,Vinnie Yee,10
25602,10,Gioia Pettinari,10
18546,10,Marine Moinault,132
26208,10,Alexandra Kleymenova,10
26464,10,Cristina Nicoleta Niculae,10
15761,10,Veronika Michel,89
24962,10,Indi Puckett,10
26892,10,Zoe Green,10
25249,10,Jonathan Galmiche,10
25800,10,Kata Kosztolányi,10
17099,10,Taras Petrenko,65
14943,10,Michael Li,33
15759,10,Mariya Kopylova,50
26536,10,Lilly Kaufman,10
24999,10,Eduard Arutyunov,10
14904,10,Jean-Nicola Winter,140
24987,10,Helene Hølaas,10
20573,10,Gabriel Sebastian,170
26064,10,Galen Beede,10
27041,10,Caroline Lodén,10
12591,10,Kaitlyn Lankin Kraatz,89
19142,10,Nicole Bien,23
16924,10,Elizaveta Romanova,54
22704,10,Semenova Oksana,11
25792,10,Stéphanie Vallée,10
20583,10,Max Wertenbruch,41
8866,10,Britny Delp,104
17984,10,Kunal Garde,72
20210,10,Devin Dowd,25
18547,10,Anthony Montoya,31
23511,10,Emmanuelle Principe,31
10198,10,Johanna Dahlgren,11
26397,10,Calvin Hoe,10
12122,10,Anna Morozova,84
21680,10,Sylwia Zientek,13
12201,10,Matleena Haapalainen,141
26144,10,Olga Zhizhileva,10
25595,10,Igor Szejko,10
7193,10,Leilani Nakagawa,148
24288,10,Hannah Byars,11
24126,10,Daniela Zarkovic,11
24940,10,Claire Kilburn,10
11981,10,Exenia Rocco,152
26628,10,Verena Fuhrmann,10
11994,10,Christelle Courtigne,29
27087,10,Jaedell Gresham,25
21981,10,Amber Morgan,28
25293,10,Roman Saj,10
23500,10,Brian Moothian,22
26647,10,Saskia Reisenauer,10
11411,10,Desirae Vasquez,72
24013,10,Rosanna LLoyd,20
15209,10,Sean Godar,48
20414,10,Bree Reynolds,79
23493,10,Ju Ansorge,39
5037,10,Autumn Barr,17
7778,10,Alaina Rogozhin,171
26323,10,Helle Mortensen,10
26887,10,Aaron Sy,10
19248,10,Miguel Hernandez-Rivera,22
11200,10,Vitaliy Zakharov,118
25594,10,Jakob Liliekvist,10
26790,10,Taylor Gibson,10
26307,10,Yiqun Amy Chen,10
9650,10,Aurore Bichon,53
25508,10,Chitralekha Makhija,10
24562,10,Kieran McGrath,20
17309,10,Blake Kirby,63
24923,10,Elise Mege,10
24515,10,Eric Buchwald,11
21868,10,Luis Möller,12
26686,10,Aurelija Knispeliene,10
8588,10,Natalie Lowry,25
15535,10,Valentine Posth,24
27197,10,Anup Sreekumar,10
25567,10,Tobias Kuhlen,10
21890,10,Jelena Breuer,42
26872,10,Emily Chern,10
26225,10,Adam Dahlman,10
22819,10,Sarah Latton,41
27029,10,Stefany Lolyta,10
26657,10,Marin Vojkovic,10
23488,10,Glen Mangan,12
26704,10,Camille Renfroe,10
26405,10,Kylia Ingraffia,10
27237,10,Ann-Cecilie Stokkenes,10
27128,10,Stephanie Russell,10
20245,10,Elizabeth Cavanaugh,18
25496,10,Sean Auyong,10
23565,10,Ethan Smith,26
21884,10,Katrin Bruch,11
26885,10,Morgan Cremin,10
20166,9,Katarzyna Czarny-Wasita,24
26156,9,Sarah Chambless,9
27052,9,Amandine Pailloux,9
23339,9,Zih Siang Huang,19
12821,9,Savannah Harris-Read,141
23633,9,Juan Rodriguez,21
23398,9,Cassandra Chong,17
25649,9,Victoria Heras,9
26975,9,Lina Brück,9
11549,9,Marcin Skalski,134
16224,9,Rachel Moran,48
20991,9,Emily Anderson,54
14213,9,Raushaniya Maksudova,128
20817,9,Randy Vollrath,18
20921,9,Sabrina Sharmeen,49
16135,9,Ola Suchon,39
14072,9,Guigo Sortica,120
20900,9,Timo Ahola,63
25096,9,Henri Laakso,9
8557,9,Chuck-Hou Yee,116
14133,9,Kwangil Kim,39
25294,9,Zheng Yi Tham,9
21582,9,Jadin Lewis,50
25580,9,Patrizia Bergers,21
21816,9,Zsanett Pálinkás,10
26358,9,Patrycja Kozłowska,9
12405,9,Michael Klei,10
8540,9,Nina Norgren,88
23466,9,Jonathan Cedernaes,20
25967,9,Marsha De Souza,9
26060,9,Bryce Redmond,9
15410,9,Sandra Alefsen,54
21876,9,Alina Nickel,42
19100,9,Ryan Scott Johnson,32
7541,9,Maxime Zzaoui,162
20421,9,Pawel Szkopinski,37
22935,9,Hima Kopally,10
18836,9,Kaisa Katka,15
12037,9,Antoine Piedfert,123
50,9,Matt Auclair,333
26219,9,Nikita Parichuk,9
15606,9,Dimitri Hector,234
12097,9,Michael Cheng,107
17415,9,Tina Lin,52
12134,9,Marena Richardson,47
20213,9,Rachel Carlson,39
25091,9,Zane Youmans,11
8270,9,Justin Yau,18
13669,9,Laura Diaz,66
21978,9,Rachel Statz,10
18608,9,Jakub Goral,79
22602,9,James Vaughan,53
10119,9,Rachelle Irby,119
18333,9,Mona Winzer,53
17613,9,Inga Lisa Axman Sara,28
24171,9,Tegan Lowe,11
26441,9,María Aguirre Roquero,19
22135,9,Salman Parvez,12
9815,9,Jennifer Ferreira,257
26812,9,Anna Garcia Sole,9
25550,9,Ray Merkle,10
17965,9,Johanna Waeller,75
17656,9,Konstantin Vorobyev,46
22399,9,Minjia Ching,46
18344,9,Austin Layne,61
25425,9,Tomasz Gąsior,9
10557,9,Claire LeBaron,10
25492,9,Jacob Guerin,9
25408,9,Alberto GeiWen,9
21965,9,Keaton Rudd,59
24779,9,Brandon Haas,9
10894,9,Matthew Davis,141
22080,9,Sarah Mollison,60
12972,9,Ken Yie,75
6199,9,Andrew Opyrchal,230
24777,9,Alex Moore,9
25033,9,Holley Moore,9
15763,9,Mariia Chornous,54
16786,9,James Edwards,37
14868,9,Jack Fisher,75
16776,9,Lea Cimelli,42
19300,9,Logan Clarricoats,30
26135,9,Alessandro Cunsolo,9
8870,9,Todd Coulthard,123
12533,9,Mahala Fedor,150
21404,9,Valentine Lefrere,50
9362,9,Alexis Garrish,384
23112,9,Léonie Havé,26
20059,9,Timofei Ejov,88
21212,9,Maria Sudermann,33
25177,9,Tim Heere,9
23171,9,Patrick Blanchette,28
16491,9,Nadia Qutaishat,62
20609,9,Luisa Wang,77
20098,9,Derek Wardle,91
13810,9,Vasily Zaytsev,20
8241,8,Renee Young,33
26234,8,Kayla-Marie Farmer,8
20154,8,Ann Harrison,13
19987,8,Tatiana Schmidt,61
16268,8,Rachel Hayes,104
20813,8,Taylor Linahan,124
14588,8,Noah Antebi,138
26075,8,Lorél Medina,8
21338,8,Victoria Tatum,9
21379,8,Maxim Yatskovskiy,23
9005,8,Angelique Pernotte,189
21452,8,Mikayla Thompson,19
20117,8,Géraldine Vimond,51
21455,8,Melissa Lauren Wright,9
20144,8,Filip Sledzinski,37
19914,8,April McKenzie,15
18600,8,Tim Gülzow,64
18796,8,Kiarash Razaghiaval,37
6515,8,Laurie Way,14
26164,8,Grace Ausley,8
26209,8,Irina Tkach,8
19054,8,Anna Os`kina,50
19996,8,Mikhail Borisov,26
19935,8,Evgeniya Romanenkova,23
18223,8,Adrien Rondeaux,74
26537,8,Tiffany Powell,8
26172,8,Alex Bo-o,8
19208,8,Jasmin Mann,15
19239,8,Anastasia Sarkeyeva,52
19266,8,Nicholas Johnson,25
14319,8,Kalina Kwiatkowska,128
21498,8,Philipp Millet,14
16019,8,Aya Sugihira,17
26065,8,Adam Orozco,8
8847,8,Alexandre Peducasse,268
21075,8,Helena Luthman,9
8593,8,Dani Darasz,125
26591,8,Eric Lindberg,8
21005,8,Richárd Fülöp,12
26308,8,Lucy Owens,8
15593,8,Nina Yershova,60
26107,8,Ashraff Azwar,8
8564,8,Alyssa Lundgren,268
8532,8,Simon Henry,35
26199,8,Larisa Zvyagintseva,8
20885,8,Yohan Poupard-Verdier,35
16140,8,Jamie Walter,35
26118,8,Miso Kim,8
14903,8,Pascal Choisnet,75
14837,8,Tom-Elbin Bendheim,116
26339,8,Bartosz Kornaś,8
21597,8,Simeon Stephan,23
26040,8,Audrey Weverbergh,8
26041,8,Rachel Khoo,8
13497,8,Margarita Liapustina,69
13674,8,Melisandre Caure,42
13796,8,Amanda Brubaker,62
21639,8,Matt Vickars,38
13952,8,Marine Valet,88
26614,8,Dmitriy Zakharov,8
26056,8,Ed Shevchenko,8
26349,8,Wioleta Fialkiewicz,8
14068,8,Taynan Campos,16
14148,8,Michelle Quah,17
21274,8,Rob Holtz,18
19435,8,Korinthian Gaines,35
26145,8,Elena Catalina,8
19848,8,Krissy Bourdo-Moulder,17
26465,8,Tsveta Vasileva,8
26449,8,Heidi Kasemir,8
26398,8,Santiago Liera Campos,8
12070,8,Carlie O'Brien,122
27231,8,Dariusz Tomaszczyk,8
27214,8,Anthony Baker,8
21887,8,Luca Sawalies,31
26640,8,Theresa Kilger,8
11755,8,Alexander Slatsky,14
26020,8,Marine Carpaye,8
22108,8,Katharina Jores,9
21893,8,Rachel Myre,26
26406,8,Samantha Arnold,8
22434,8,Shar Daniels,11
26389,8,Monica Karimi - Frohnwieser,8
12412,8,Amandine Lacroix,15
26191,8,Christoffer Karmetun,8
12468,8,Grayson Roth,44
12103,8,Aleksandr Pchelkin,50
10611,8,Nicolas Baguet,47
12451,8,Olga Zenko,45
9910,8,Tracey Neate,50
27238,8,Natalia Lalla,8
11431,8,Attila Partos,200
26032,8,Agnis Salmiņš,8
22180,8,Geneva Hall,27
26031,8,Nikilo Sonnet,8
22185,8,Liliya Latyipova,12
12917,8,Agnieszka Filipowicz,124
26377,8,Felix Hirschel,8
22024,8,Oleg Kachurin,11
26629,8,Amelie Häfner,8
26550,8,Kala Bonecutter,8
15078,8,Magnus Wallster,21
9299,8,Hannah Coda,198
26182,8,Mikaela Lillbäck,8
18438,8,Kevin Duke,9
26522,8,PK Rackley,8
20778,8,Paul Turner,15
4152,8,PJ Turner,359
16291,8,Akane Hashino,44
16410,8,Bogumila Galinska,14
26094,8,Tuija Savolainen,8
16467,8,Dillon Thomas,43
20685,8,Breana Powell,24
20645,8,Marina Hoffman,9
16628,8,Tatiana Gatsko,61
20623,8,Gabriela Nowakowska,19
8051,8,Louise Capps,90
7966,8,Laura Colantonio,59
16775,8,Therése Aurén,60
16778,8,Yeow Lai Yee,69
7899,8,Derek Leyva,232
17991,8,Jeffrey Bragg,54
26276,8,Anna Shekin,8
20477,8,Jessica Villarin,41
17511,8,Hewson Ju,50
17566,8,Julia Leonard,154
20388,8,Gabrielle Volpei,18
17659,8,Mateusz Zaborski,59
17757,8,Jim LaDouce,42
17783,8,Chase Henry,105
17861,8,Joseph Maldonado,76
17980,8,JT Anderson,232
21078,8,Camilla Jahnke,9
25557,8,Sarah Tayler,8
15200,8,Alexandre Roy,77
25430,8,Barbora Palesova,8
25000,8,Roman Lazarev,8
23484,8,Janet Orde,10
25476,8,Eric Siegfried,8
25010,8,Mariia Maliavko,8
26735,8,Colette Aragonés,8
24261,8,Szuyu Lin,18
27148,8,Teaira Kelley,8
26752,8,Kine Kleveland,8
24963,8,Grace Kostko,8
25828,8,Wenxuan Xu,8
25685,8,Maurine Jouret,8
26818,8,Roberta De Intinis,8
24935,8,Kaitlyn Flynn,8
22793,8,Christopher Stone,16
23886,8,Zarah Melander,18
26889,8,Corey Jenkins,8
25801,8,Inbal Joffe,8
26865,8,Tommy Guillot,8
22740,8,Stéphane Godeau,28
25603,8,Anneli Andersson,8
24671,8,Regina Sica,9
24130,8,Peggy Delarbre,10
25355,8,Hilary MacCormick,8
26907,8,Marie-Lou Novene,8
27129,8,Emily Roashan,8
22703,8,Dante Philip,9
24690,8,Jeremy Azzari,16
25230,8,Velez Daniel,8
24694,8,Taylor Lurie,9
25937,8,Lena Hentschel,10
24953,8,Benjamin Clark,8
27042,8,Alexander Svensson,8
22561,8,Anna Kemp,9
26687,8,Nadja Höhne,8
27275,8,Diana Wolińska,8
24817,8,Andreja Jordan,8
23694,8,Tristan Gaudron,12
23528,8,Ellie Radzville,10
25465,8,Zephaniah Pilcher,8
23395,8,Chee Yen Ngeh,23
26760,8,Mark Hochholzer,8
24915,8,Sheri Loraine,8
24902,8,Sydney R. Brown,8
25060,8,Kayla Dow,8
25497,8,Aiman Abul'As,8
26970,8,Angelique Still,8
25762,8,Mariia Fedkevych,8
23548,8,Jessica Jakobeit,18
25667,8,Clara Holzer,8
25980,8,Magdalena Svoboda,8
27053,8,Kaia Pedersen,8
23444,8,Artur Gareev,9
24924,8,Amélie Brousson,8
27100,8,Alistair Wheatland,8
24979,8,Gabriel Tran,8
25889,8,Chen Friedman,8
23453,8,Tamara Battalova,9
27000,8,Tatjana Berstecher,8
25509,8,Pei Yun Teo,8
23634,8,Caroline Gilberg,20
25483,8,Aliyah Anora,8
26648,8,Victoria Wostratovsky,8
26839,8,Sue Kramer,8
25262,8,Salomé Clément,8
25680,8,Pierre-Joseph Delattre,8
23975,8,Ruben Bacariza,18
25164,8,Yvonne Stalder,8
25125,8,Maisie Nutt,8
25393,8,Marie Robillard,8
25916,8,Klaudia Nowocień,8
26705,8,Tera Colwell,8
25614,8,Lukas Donell,8
25372,8,Mira Solarska,8
26915,8,Lola Menendez,8
25200,8,Claire Van Akkerveken,8
25199,8,Laurette Roovers,8
26855,8,Loretta Wudel,8
23145,8,Danny Cherry,15
25648,8,Teresa Oreja,8
25386,8,Julien Nicot,8
27071,8,Carolin Knappe,8
24440,8,Melina Dalhoff,9
23762,8,Ryan Slagle,11
25639,8,Paolo Mori,8
26768,8,Maria Roaldsnes,8
25745,8,Georgia Cowart,8
22689,8,April King,22
25988,8,Karolina Jozefowicz,8
26374,8,Cuong Nguyen,9
21251,8,Emily A Rogers,13
14978,8,Valerie Maranda,25
22860,8,Sandra Boppel,16
26600,8,Olivia Booth,8
27268,8,Mikolaj Debicki,8
21199,8,Amanda Chung,32
21197,8,Pamela Yeh,52
26324,8,Marta Cruz,8
25872,8,Marcin Grzesiak,8
14972,8,Bruno Michel,43
27139,8,Joe Ciminna,10
26670,8,Patrick Orr,8
25529,8,Winston Ramsay,8
24092,8,Noah Carsten,16
24100,8,Isaac Young,9
26873,8,Kristee Song,8
25568,8,Fighera Benedetta,8
25844,8,Anna Thorman,8
26791,8,Alena Schuemann,8
26715,8,Mya Bennett,8
22879,8,Audrey Hoo,36
27198,8,Erin Paduck,8
24591,8,Rosa Paparini,12
25342,8,Tia Batallas,8
25281,8,Marybeth McRoy,8
25815,8,Kala Bonecutter,8
25575,8,Hannah Kreisel,8
25217,8,Svitlana Damon,8
27171,8,Natalie May,8
23304,8,Jasmin Nolte,9
22625,8,Olena Miroshnychenko,23
25905,8,Marvin Schirrmacher,8
26960,8,Tamme Müller,8
26955,8,Meg Rozwadowski,8
25115,8,Benedict Purell,8
26846,8,Gregoire Bornais,8
23249,8,KeKe Collier,14
24783,8,Joselyd Garcia,8
23803,8,Dominic Van Groeningen,9
24428,8,Regina Keßler,14
25215,8,Staria Clark,8
14140,7,Kelsey Kate Morgenstern,33
23756,7,Yuriy Ovodov,9
21511,7,Antonin Durand,35
19868,7,Thomas Anthony,14
25245,7,Aleksandra Świątek,7
13540,7,Laura T. Thompson,60
9058,7,Ibirocay Alsén,175
25216,7,Nicole Williams,7
19459,7,Jasmin Klee,148
19591,7,Andrew McCauley,61
20048,7,James Wyke,73
15962,7,Monica Austin,47
25948,7,Hannah Roth,7
11161,7,Maxence Esparcieux,120
9532,7,Phoenix Grey,304
23324,7,Brady Richter,13
25758,7,Andrew Knops,7
24850,7,Michael Salber,7
17363,7,Aryana Taghavi,93
8453,7,Amandine Favier,184
25466,7,Francine Sonnenschein,7
15867,7,Kathy Palmer,24
10532,7,Ulric Tyson,37
25181,7,Bryar Waghorn,7
19278,7,Victor Aitman,134
13254,7,Agnes Ylva Eraker,66
15683,7,Tschen Fung Wang,131
21948,7,Caroline Fitzpatrick,10
10135,7,Tony Kord,21
10074,7,Ardena Gojani,153
19698,7,Tiril Sofie Rattsø Fasting,35
9353,7,Aimee Allen,26
23665,7,Roy Gershom,19
19773,7,Rupert Smith,23
22840,7,Erick Sirisoukh,9
18695,7,Sylvain Vimond,49
22845,7,Mike Celis,9
25484,7,Nicole LoConte,7
10612,7,Ville Immonen,136
9300,7,Bernard Phua,70
13885,7,Lan VoBa,70
13410,7,Scott Clausen,43
25655,7,Evgenii Solntsev,7
22924,7,Thomas Crockett,20
22926,7,Justine Reisinger,11
25112,7,Saara Tuikkala,7
10334,7,Ward Roberts,65
5628,7,Oscar Hampton,161
24863,7,Brandon Li,7
21362,7,Angela Stewart Armstrong,13
8573,7,Graham Nimmo,38
21318,7,Manuela Reiter,8
23514,7,Karl-Philippe Télémaque-Hector,10
18487,7,Taru Lehtonen,13
25890,7,Jen Leong,7
25591,7,Natalya Vetchinova,7
15321,7,Johannes Forsmark,69
24965,7,Heidi Olson,7
15053,7,Tegan Wilson,127
18213,7,Kat Dachniwsky,61
20233,7,Morgan Hearrell,123
25703,7,Stacia Bruner,7
7180,7,Katrina Ostrenski,118
20529,7,Paul Okura,24
25405,7,Seungsoo Lee,7
21270,7,Kathie Castro,33
20139,7,Emma Lohse,71
18531,7,Rose Martin,123
23092,7,Judita Vainauskaite,19
22377,7,Will Zhang,45
24162,7,Dmitrieva Mari,17
20293,7,Sabrina Hohenberger,58
22365,7,Wuma Ichi,9
24887,7,Anastasija Antić,7
7391,7,Kevin Kane,341
17901,7,Henry Leonard,54
16172,7,Andrea Schräpler,18
24712,7,Darya Fomchenko,8
21021,7,Mengu Gungor,48
20494,7,Romain Ligeon,42
18561,7,Aurelie Bascop,28
15482,7,Jason Donahoo,65
11605,7,Fiona Raphael,29
24819,7,Isabel Sieber,7
20873,7,Lewis Grand,8
20870,7,Angela Nertney,65
27217,7,Mariangeles Moussou,7
22229,7,Giuliano Lehner,23
21031,7,Jordan Regan,55
20662,7,Burgundy Weathersbee,26
7906,7,Bryan Ching,22
3805,7,Tara Trafzer,278
26512,7,Anna Zeng,7
16285,7,Melodie Paletta,318
16956,7,Moojin Lee,67
16538,7,Wilson Huang,27
23224,7,Hans Marasigan,8
22605,7,Katherine Damiano,50
11238,7,Joanna Jacklin,18
16974,7,Floriane Lacoste,77
26792,6,Taryn Trigler,6
11846,6,Rachel Rivera,144
25738,6,Philipp Maurus,6
11928,6,Veronika Langmo,113
8709,6,Steve Csuth,65
26407,6,Amy Murphy,6
15308,6,Aaron Jones,52
24925,6,Caroline Allemand,6
26730,6,Louis Carruthers,6
25746,6,Emily Sowers,6
15468,6,Sean Audet,45
26874,6,Shelly Harel,6
26309,6,Alice Lesieu,6
27035,6,Liza Marians,6
15517,6,Florent Morel,24
24903,6,Llory Wilson,6
25576,6,Frauke Beck,6
26819,6,Silvia Lisignoli,6
27022,6,Yun Ting Peng,6
16123,6,Sofia Salomonsson,18
20679,6,Daniela Alonso,59
27284,6,Adam Twardosz,6
25938,6,Carina Lehmann,6
24964,6,Judy Alsip,6
27292,6,Mathieu Urcun,6
20347,6,Jason Basanese,33
20054,6,Larisa Chavez,19
27194,6,Tracey Smith,6
20886,6,Maelys Parla,77
26576,6,Dina Megat,6
25906,6,Daniel Schreiber,6
22438,6,Nicole Schaefer,10
21752,6,Michaela Hager,14
20638,6,Kevin Spahr,19
23678,6,Sydney Rae Blanke,14
20078,6,Matthew Mueller,113
27149,6,April Stuart,6
21765,6,Justine Bailey,14
20099,6,Stephen Baldwin,33
26066,6,Earl Parsons,6
15179,6,Nathalie Ramos,12
24784,6,Tanya Garrett,6
14989,6,Sol Lee,32
25319,6,Daniel Musallam,6
11404,6,Andrea Rindone,15
24768,6,Milla Nyyssölä,6
26284,6,Carolina Penteado,6
16570,6,Marion Storck,16
16582,6,Adriane Hines,7
25356,6,Genevieve Parent,6
27072,6,Csenge Wendl,6
26866,6,Saurav Panda,6
24800,6,Mistie Webb,6
25282,6,Brandy Dailey,6
26720,6,Matthew Pische,6
11686,6,Brett Granstrom,78
26301,6,Bruce Clark,6
27043,6,Bent Erik Anseth,6
24856,6,Lily Shafer,6
15900,6,John B Burns,74
25757,6,Scott Hader,6
24810,6,Michaela Gumprecht,6
25777,6,Wendy Parr,6
25775,6,Curtis Jung,6
25558,6,Kerry Mullen,6
24794,6,Kirsten Myers,6
24954,6,Wyatt Dybdal,6
15071,6,Damien Porte,61
12043,6,James Steel,36
25733,6,Ira Kondap,6
15073,6,Inbar Belinsky,52
26736,6,Sua Tsubokura Aguiriano,6
27017,6,Sydney Thorpe,6
24942,6,Christine Cockerill,6
15173,6,Martine Saetereng,114
24934,6,Lexy Moore,6
25295,6,Duarte Peralta,6
23806,6,Shelly Baillie,16
25275,6,Andrew Shuff,6
25317,6,Zsanett Fróna,6
26725,6,Carlysle Garland,6
25343,6,Liz Lane,6
16277,6,Laetitia Favero,32
23264,6,Miki OK,28
22908,6,Courtney Wolf,8
21872,6,Ricarda Lammert,50
20438,6,Agata Marcinek,31
22290,6,Erin Campagna,7
23236,6,Rachel Madrigal,12
22948,6,Alice Mergler,7
20423,6,Alek Dykman,31
22481,6,Raquel Rasal,9
19863,6,Anastasiya Sharamko,56
27232,6,Stefan Steuerwald,6
20833,6,Luca Wenchel,37
23753,6,Aleksei Rudovich,7
26095,6,Anni Vartila,7
27140,6,Christopher Gonzalez,6
27188,6,Lorine Mougenot,6
26146,6,Adina Claudia Grebencia,6
25968,6,Vanessa Lam,6
26175,6,Lauren E Adams,6
21060,6,Greg Chin,11
26571,6,Yi-Hsiang Chen,6
25917,6,Melanie Skischalli,6
27253,6,Emiko Armstrong,6
23485,6,Chia Wei Goh,21
27172,6,Pat Cupay,6
21903,6,Linda Smolenaers,13
4683,6,Olivier Massart,104
23200,6,Gabriela Oleksy,21
20396,6,Adeline Daussin-Guske,29
20761,6,Emilia Nilhzon,8
25763,6,Clare Diaz,6
27249,6,Kevin Young,6
4533,6,Matt Mickle,81
25989,6,Paniz Alizadeh,6
27239,6,Vibecke Teigen,6
26119,6,Gukrae Jo,6
23481,6,Amanda Beck,9
22099,6,Jasmin Hemmerich,7
21716,6,Wen Shi Chung,41
26183,6,Tia Viitala,6
27276,6,Antonia Ryba,6
4295,6,Tina Hebert,11
25882,6,Aliaksandra Pahoskaya,6
20049,6,Quentin Higley,20
25873,6,Johannes Gröschel,6
26677,6,Atte Sarkonen,6
26667,6,Soile Weaver,6
26021,6,Nadege Lardeux,6
20521,6,Artee Arenas,42
26136,6,Oriol Parareda Casablancas,6
26076,6,Grace Landry,6
20218,6,Adalene Keller,21
23589,6,Crista Buznea,11
25999,6,Ying Yu,6
21804,6,Bence Jankus,39
23049,6,Gavin Esdale,10
23664,6,Michael Livingston,16
21294,6,Tibor Kostal,69
27163,6,Brian Paradis,6
22207,6,Celisse Idleman,12
26630,6,Zlatka Csenar,6
22999,6,Carlie Brue,18
22039,6,Anastasiya Pilgun,14
27257,6,Ben Delight,6
26592,6,Mac McCord,6
21011,6,Amelia Kulba,7
22562,6,Nikita Morgos,9
23093,6,Jaimee Thomas,26
26649,6,Louisa Hohenberger,6
25931,6,Alexander Spanic,6
23532,6,Anna Wheeler,7
26688,6,Aino Kemppi,6
27199,6,Erika Wainwright,6
27184,6,Ryan Gaudat,6
20108,6,Alexia Maire,128
5178,6,Mackenzie Goodmanson,433
27262,6,Kerstin Adass,6
22023,6,Lauren Bloomfield,21
23640,6,Patrick Kaupe,7
5168,6,Dallas Radcliffe,123
26601,6,Kyla Ward,6
21943,6,Isabelle Ricardo,26
20978,6,Abel González,11
23575,6,Ben Kanaki,7
22761,6,Lauren Michaels,19
4985,6,Rye Crowen,52
22370,6,Jaewon Moon,10
25201,6,Leysan Gafurova,6
8885,6,Michelle Centeno,33
25324,6,Emily Kahn,6
25420,6,Lennard Römmelt,6
18584,6,Andrea Borsova,9
18586,6,Aniko Hajagos,44
10707,6,Christopher Blocker,32
6775,6,Reginald Beason,228
26226,6,Alexander Diekemper,6
24818,6,Petra Mustar,6
18785,6,Emil Lau,48
26706,6,Sameera Vedantam,6
26837,6,Naresh Bellave,6
26525,6,Maria Sutter,6
25845,6,Christine Wendel,6
27125,6,Benediktas Tarasovas,6
24201,6,Cameron Cordova,7
24732,6,Therese Selle,7
18831,6,Iceabella Johansen,9
24031,6,Sara Weitzel,9
26235,6,Caroline Csiszer,6
18943,6,Eamon French,16
18575,6,Seth Hostetler,42
27109,6,Stéphanie Guicherd,6
25409,6,Pia Kim,6
23942,6,Violetta Meis,7
17881,6,Nataliya Ivaneychik,22
6325,6,Matt Richey,298
26847,6,Gabriel Campeau-Giguère,6
17762,6,Garrett Maglio,52
26810,6,Mikołaj Walkowski,6
26832,6,Amanda Salis,6
27095,6,Caitlin Scaife,6
24442,6,Nagy Tímea,7
10784,6,Anthony Schembri,32
9961,6,Raymond Byun,152
17642,6,Devin Raymond,45
26538,6,Marissa Baum,6
17635,6,Benjamin Artz,72
27118,6,Maria Nikolaeva,6
25394,6,Sabrina Lepain,6
26255,6,Vivian Morris,6
18179,6,Annamaria Albert,52
6883,6,Pierre-Olivier Bastien-Dionne,75
26697,6,David Sylvester,6
25456,6,Rebecca Oliver,6
26806,6,Leia Navratil,6
16989,6,Souraya Lorenz,26
11125,6,Rogerio Storani,107
27090,6,Rhys Barnes,6
17332,6,Peter Aho,27
26265,6,Rebecca Fox,6
25498,6,Pranay Mathur,6
17518,6,Grace McDonald,10
25366,6,Valentin Vogel,6
17470,6,Antony Hamer,72
25530,6,Jacob Wilhelm,6
25858,6,Krister Brandser,6
17446,6,Cecilia Camargo,25
25510,6,Marina Nose,6
25373,6,Tilly Webster,6
17361,6,Sienna St. Clair,56
27137,6,Noemi Donigiewicz,6
19281,6,Paula Arvidsson,10
25387,6,Quentin Chiron,6
5861,6,Bella Viramontes,218
24692,6,Brennan Stanford,7
23854,6,Khang Nguyen,9
17558,6,Misun Kim,22
23969,6,Alyssa Solomon,11
26210,6,Anastasiya Osminina,6
18208,6,Benjamin Smith,39
23936,6,Lara Volle,18
25431,6,Gloria Mach,6
17069,6,Bree Bannon,39
26856,6,Céline Girard,6
24590,6,Louisa Twigg,12
27083,6,Ayana Sumner,6
26279,6,Michael Diez,6
26450,6,Paul Elliott,6
26200,6,Alexander Linev,6
16842,6,Noah Lindeman,61
26426,6,Stephanie Lindholm,6
24693,6,Amanda King,18
23857,6,Kate Gehrke,12
25802,6,Nikolett Reznák,6
17888,6,Ana Maria Lipan,19
18455,6,Melissa Liao,47
26249,6,Robin Hylands,6
26924,6,Maxime Destoop,6
14094,6,Katie Smiley-Oyen,144
26908,6,Lila Nickler,6
25144,6,Ana Lema Rama,6
13096,6,Kate Garboden,72
25194,6,Thomas Kempkes,6
25189,6,Pariya Tehrani,6
26372,6,Katie Evers,6
26366,6,Gary Knox,6
26769,6,Jeanette Myrvold,6
25079,6,Linda Wikström,6
25206,6,Frank Feifer,6
26363,6,Caitlin Tang-Hornbuckle,6
25631,6,Robin Sparr,6
13508,6,Pavel Crha,76
13513,6,Mikael Olsson,16
26937,6,Kerry Romack,6
25640,6,Paolo Francesco Biassoni,6
25214,6,Isaiah Smith,6
13958,6,Marine Monin,119
14076,6,Taylor King,29
26961,6,Marc Assenmacher,6
26481,6,Trinity Gorgas,6
9724,6,Semion Ovsiannikov,221
16162,6,Aurelie Bleuse,47
16071,6,Emily J. Huang,229
25713,6,Glenn Rossi,6
27001,6,Kamila Sądowska,6
12155,6,Billy Shaver,70
25137,6,Joan Cuch Fernández,6
9177,6,Riley Crozier,209
26945,6,Simone Zautis,6
25126,6,Megan Rasmussen,6
25116,6,Phoebe Shen,6
26350,6,Aneta Iwańska,6
25451,6,Lorne Sveinbjornson,6
26466,6,Irina Petkova,6
26956,6,Milenia Moreno,6
14030,6,Leo Cook,138
25103,6,Mari Heikkilä,6
25661,6,Florian Albrecht,6
26478,6,Ty Bucek,6
25668,6,Nadja Kieslinger,6
26753,6,Camilla Bringsaas,6
25054,6,Caroline Vitrac,6
26491,6,Isaiah Figueroa,6
25044,6,Daniella Sangster,6
14459,6,Stella Maria Schletterer,168
25034,6,Grey Foster,8
14466,6,Nicole Moes,141
9012,6,Coralie Chastel,164
26980,6,Martin Buchalik,6
25553,6,Michael Jones,6
26971,6,Janika Reineke,6
16681,6,Tikwiza Nkowane,36
26916,6,Fanny Giacomini,6
25477,6,Tom Nugent,6
25444,6,Leigh Jean Koinzan,6
26244,6,Daniel Schuman,8
18038,6,Alina Mustamaa,44
19035,6,Thomas Borgese,66
14594,6,Michal Avraham,65
26390,6,Gloria Königs,7
27102,6,Anna Shekin,6
26898,6,Barak Binyamin,6
25001,6,Vyacheslav Lozovoy,6
25251,6,Giorgio Finello,6
25011,6,Yekaterina Moshkina,6
25263,6,Manon Muller,6
14644,6,Brenda Shatto,44
12162,6,Ariel Peck,303
26894,6,Cara Horisk,6
14663,6,Yu Hua Cheng,71
25698,6,Margi Waite,6
26991,6,Guy Shmuel,6
14823,6,Melissa Ann Miller,85
24989,6,Elodie Grenier,6
12159,6,Leah Lawrence,47
26984,6,Carolin Grether,6
25025,6,Scott Davis,6
9011,6,Stephane Gazzotti,62
26340,6,Kamil Gałuszka,6
26747,6,Sandra Ingberg,6
25061,6,Fiona Farrell,6
13927,5,Paul Nunez,132
13811,5,Yekaterina Kurganova,45
19673,5,Griffin Roy,58
10043,5,Barbara Oliva-Lanza,170
13758,5,JD Nafziger,119
11956,5,Giulia Rusch,177
5707,5,Arthur Uspensky,177
16242,5,Emil Zetterstrom,121
14048,5,Sylvie Desrosiers,56
14130,5,Andrew Mullan,67
22962,5,Felix Lotito,6
2008,5,Virginie Grondin,116
19358,5,Aleksander Kristiansen,63
24012,5,Amy Welmers Bailey,17
21720,5,Jessica De Jager,89
14147,5,Emily Crow,51
25042,5,Ariane Ang,5
25051,5,Inka Nieminen,6
23022,5,Jonathan Caraballo Eriksson,16
24017,5,Omar Abdelfatah,11
25309,5,Melanie Schuster,5
19304,5,Frances Ferguson,29
25155,5,Eliana Stephan,5
6556,5,Jennifer Redding,81
6291,5,Joy Stachura,92
13645,5,II'ya Melikhov,65
14210,5,Patrick Richards,49
19314,5,Heloise Cossin,116
9003,5,Christelle Antenucci,161
25855,5,Rahel Bühler,5
22463,5,Joelle White,13
11876,5,Hilma Kiuru,61
7599,5,Katia Avlasevich,143
15991,5,Richard Sheldon,78
18275,5,Przemyslaw Adamowicz,40
12235,5,Judy Fischetti,28
14721,5,Monique Lajeunesse,55
16800,5,Patrice Jaeger,27
18384,5,Michele Owen,35
23072,5,Dixie Zins,9
18439,5,Alma Bajramovic,49
20564,5,Corinne Lafonta,9
20579,5,Angela Dusenberry,16
24182,5,Thomas Vogl,9
18460,5,Melissa Etcheverry,32
25694,5,Yao Shengjie,5
23626,5,Tam Vo,8
23063,5,Chi Pham,87
18535,5,Emily Schubert,183
22668,5,Noémie Croenne,14
25759,5,Christian Twiggs,5
14412,5,Ariana Virgillio,122
18748,5,Pascal Dürsteler,28
23938,5,Catherine Schmitt,13
14091,5,Mia Primavera,410
23752,5,Irina Dorogan,17
25440,5,Marie-Therese Ender,30
20882,5,Adrien Cligny,22
19036,5,Anthony Borgese,75
26843,5,Lynne Yun,5
17595,5,Matt Simkus,35
25232,5,Fynn Behnke,5
20942,5,Erika Sonnenvirth,7
10896,5,Simon Girard,125
17184,5,Alexandria Freeman,84
9470,5,Mike Carringer,268
10935,5,Emily Richardson,25
21165,5,Raphael Berthome,37
17803,5,Brad Austin,37
10762,5,Elena Logashina,84
20303,5,Kateryna Kirian,64
22634,5,Nicholas Hinton,30
26430,5,Ronja Moss,5
17573,5,Maria Arkhandopulo,125
12276,5,Jessica Breault,56
8814,5,Stacy Kay,160
24904,5,EJ Olszanowski,5
10618,5,Joshua Chng,50
24295,5,Renee Richburg,6
9333,5,Wayne Powell,100
13312,5,River Peterson,83
24974,5,Carmella Neiswender,5
15470,5,Maelys Fillon,103
16918,5,Rebekah Abbey,56
8455,5,Stephane Houis,85
21559,5,Anna Szylar,9
21193,5,Anna Gasslbauer,29
23137,5,Tom Tseng,24
26731,5,Peter Meij,5
17664,5,Lisa Palenga,38
9855,5,Megan Morris,68
24780,5,Ben Cok,5
16353,5,Rosetta Rubino,106
16297,5,Rachel Holdren,133
24237,5,Geoff Yang,9
23622,5,Nataniel Wong,8
17960,5,Laura Schlapper,50
10783,5,Tom Reardon,45
15495,5,Melissa Sutjipto,61
20424,5,Vladimir Ljubopytnov,10
14982,5,Hyojin Kim,68
17270,5,Asta Ojala,24
16141,5,Neuczki Mathurin,44
15229,5,Floralie St-Hilaire-Adam,144
22784,5,Allie Hillis,16
17105,5,Jaimee Silber,59
26266,5,Aurora Harmathy,5
25747,5,Bavelyn Vega,5
20275,5,Sarah Adam,29
20309,5,Ken Ng,22
25240,5,Lisa Loskamp,5
23460,5,Elise Olavsen,9
26378,5,Maximilian Dyga,6
15687,5,Jake Dyson,65
16961,5,Johnny Lee,106
19829,4,Richard Ruff,22
19635,4,Regine Drange Eriksen,24
19341,4,Brett Rhyne,67
26553,4,AJ Key,4
19549,4,Brad Wendt,131
26444,4,Paul Lindauer,4
19399,4,Florina Stoian,55
19396,4,Michaela Diasova,57
26177,4,Tina Hellman,4
19364,4,Siv-Karin Rødhyll,37
27141,4,Trevor Mullens,4
26211,4,Yana Vaseva,4
26201,4,Nikolay Makhalin,4
9968,4,Carolin Mattox,16
27130,4,Evie Jamieson,4
25874,4,Mateusz Dusik,4
26695,4,Karolina Sawczyn,4
25485,4,Kenzie Woods,4
25499,4,Angga Brownski,4
25990,4,Veronika Barešová,4
26184,4,Helena Johansson,4
26227,4,Jonathan Huhn,4
26451,4,Emily Pearson,4
26561,4,Elouan Théot,4
23705,4,Chrisy Raharison,5
20060,4,Anastasia Okhapkina,5
26833,4,Amber-Louise Masters,4
10545,4,Sayaka Suzaki,281
18966,4,Wioletta Kurdek-Zylm,70
18810,4,Janice Frank,8
18797,4,Jeongwook Kim,10
25457,4,Meredith Wells,4
18682,4,Valerie Weeks,48
18667,4,Phillip Palenga,26
18587,4,Árpád Koroknai,35
25452,4,Leanne Loranger,4
27150,4,Halle Kocian,4
27119,4,Yelena Chernysh,4
18576,4,William Langenbach,52
18543,4,Noé Roche,130
18539,4,Allan Pieroz,6
18806,4,Brian Passon,9
20124,4,Tori Teng,128
10267,4,Diane Hemon,45
20393,4,Sylvie Nuguet,28
26165,4,Monika Mallos,4
26828,4,Lanhowe Chen,4
25817,4,Bery Montenegro,4
22317,4,Rosa Mört,7
24445,4,Devin Hoot,7
24030,4,Melissa Hinkel,5
17629,4,Carlos Procópio,151
26256,4,Christie Felker,4
20394,4,Aurélie Saunier,26
7517,4,Cj Caraway,199
26427,4,Minna Beijar,4
26526,4,Luana Alves,4
25893,4,Melissa Almario,4
7166,4,Randal Boyd,35
9947,4,Elliot Wong,102
10572,4,Anna Mischenko,64
25445,4,Wendy Moore,4
25835,4,Matthias Zemp,4
26157,4,Jason Frates,4
18422,4,Kyle Jones,62
5062,4,Joanna Meinl,311
17700,4,John Colquitt,38
26519,4,Annika Collier,4
22594,4,Connor Beck,12
10838,4,Caitlin Ward,24
19268,4,Laura Langenbach,18
17529,4,Antonio Kin-Foo,23
18530,4,Jenna Schueler,43
23624,4,Anna Osmak,9
25406,4,Victoria Tso,4
26250,4,Michael Dearden,4
22342,4,Shiloh Boyd,5
26848,4,Ian Paradis-Cote,4
10840,4,Vanessa Thomson,58
7361,4,Cameron Crook,274
25540,4,Anna Vinichenko,4
25395,4,Sarah Menu,4
10845,4,Maxwell Thew,125
7358,4,Tashina Beckmann,295
25541,4,Anaeva Nelsas,5
27096,4,Jenny Chiu,4
25410,4,Wan-Ting Hsieh,4
26004,4,Justin Carter,4
26641,4,Gerald Parzer,4
16392,4,Roger Orcutt,45
26642,4,Timo Bertolini,4
25367,4,Alberto Vidal,4
20804,4,Albana Haxhia,29
17366,4,Thomas Sturman,59
25811,4,Brian Peterson,4
25368,4,Janicka Renata,4
27091,4,Chris Fusco,4
23364,4,Anthony Ho,6
22607,4,Sherry Xu,9
20758,4,Frode Nordfjellmark,22
25803,4,Rozi Dosek,19
11452,4,Anni Hellwagen,118
26572,4,Crystal YH Lim,4
11465,4,Torsten Hauschildt,24
25336,4,Daniel Claff,4
16875,4,Marvin Koehler,118
24513,4,Mach Jackson,16
20515,4,Lucia Huo,35
11486,4,Ryan Boz,333
7909,4,Wren Newman,72
16845,4,Kasia Gierat,90
24796,4,Andres Rizzo,4
9578,4,Scott Paynter,44
25467,4,Dana DiMaio,4
17370,4,Carmen Chan,32
25776,4,Brianne Podritske,4
25357,4,Beth Maiden,4
11027,4,Aleksandr Rozhkov,136
24785,4,Emma Stenner,4
17190,4,Anthony Riojas,50
26857,4,Doris Voina,4
17482,4,Panu Pesonen,65
11031,4,Ken Thongpiou,86
7545,4,Christopher Chung,156
20462,4,Rachel Gillis,5
23378,4,Jihan Watkins,32
25374,4,Beth Lamarra,4
26875,4,Eleanor Sigrest,4
25810,4,Michael Münzberger,4
26022,4,Sophie Blondel-Antelme,4
17442,4,Maria Styszynska,53
22251,4,Jenifer Manzo,6
25365,4,Gesa Duden,4
12017,4,Nichole Carder,22
3181,4,Ben Mchenry,523
26137,4,Matthieu Carruelle,4
25789,4,Ragnar Kempf,4
27073,4,Krisztina Szanyi,4
26408,4,Bridget Mangan,4
16516,4,Max-Philip Waeller,62
16554,4,Birte Pereira,66
26273,4,Shaun Connor,4
26013,4,Laurent Cohendet,4
25782,4,Sophie Clement,4
9601,4,Janine Martin,60
24654,4,Krisztina Beatrix Tóth,5
27200,4,Helen Read,4
26413,4,Melissa Jauregui,14
11719,4,David Geukers,55
26351,4,Karolina Gwozdz,4
23545,4,Bryan Bowling,6
17531,4,Laura Trethewey,80
26698,4,Lucas Vargas,4
26811,4,Tim Haboldt,4
26533,4,Michael Tamborski,4
25883,4,Alicja Piotrowska,4
18940,4,Ben Dobson,68
22167,4,Jane Lu,16
20488,4,Amandine Pittaluga,16
11807,4,Agnès Palat,101
26285,4,Phoebe Reagan,4
25320,4,Vanessa Stephan,4
7918,4,Kyle Fitzgerald,341
11562,4,Elisabeth Buer,10
7995,4,Filipe De Barros,66
25325,4,Kim Sinkola,4
26280,4,Brandon Jobst,4
11652,4,Beth Cronin,94
25797,4,Alexander Feigin,4
16952,4,Minttu Raudasoja Heinola,96
27164,4,Javier Buentello,4
22660,4,Zsolt Almási,23
24615,4,Chamodi Basnayake,5
11260,4,Marie-Claude Lafleur,24
17171,4,Kyle Hebert,43
26707,4,Luda Kamenetsky,4
20486,4,Claudia Younis,21
26867,4,Sean Lee,4
22641,4,Irene Berton,12
26236,4,Karen Kelsey,4
26539,4,Sabrina Helland,4
20184,4,Jordan Foresyth,59
14557,4,Julie Thieblemont,92
25026,4,Austin Snide,4
25027,4,Nathan Un,4
23048,4,Anton Liakhovitch,17
25939,4,Michèle Rindlisbacher,4
21460,4,Christopher Little,20
25035,4,Rachel Utter,4
25036,4,Jared Taylor Skelton,4
25686,4,Karine Herlemann,4
27258,4,Martin Zellner,4
26042,4,Yvette Dragt,4
25632,4,Jiji Wong,4
25045,4,Penny Wilson,4
25046,4,James Knight,4
26492,4,Narine Bridgemohan,4
25679,4,Nicole Lahr,4
9283,4,Marianne Low,140
9251,4,Taisya Krivoruchko,22
15439,4,Tom Swarbrick,53
19702,4,Edwin Mangalino,14
13489,4,Marie Laurent,7
21407,4,Brandon Romeo,29
26399,4,Stephan Beaulac,4
25693,4,Tyler Donohue,4
14102,4,Maximilian Hantsch,16
27185,4,Pascal Dorinet,4
26482,4,Sydni Galligher,4
25097,4,Ingo Tõnnov,4
26946,4,Vanessa De La Regata,4
25104,4,Pinja Tawast,4
13706,4,Jesper Petersson,68
25127,4,Jayashri Lakshmanan,4
9136,4,Julianne D'Amico,86
25117,4,McKay Nelson,4
25062,4,Nadezhda Minina,4
26096,4,Anne Rantala,4
21540,4,Kory Marken,46
25055,4,Marit Schirmer,4
14638,4,Kris Haney,28
25174,4,Benjamin Stiles,4
27263,4,Anne Lange,4
25012,4,Dariya Bisovko,4
22851,4,Damian Antczak,15
16048,4,Guido von Mulert,56
26460,4,Riccardo Ferretti,4
26668,4,Shareena McGregor,4
9549,4,Piotr Lenart,255
20894,4,Paivi Hytonen,10
22071,4,Adriana Correa,8
24877,4,Michael Engel,6
26108,4,Decen Ng,4
26903,4,Brittany Palmer,4
15869,4,Alicia Cichon,82
9526,4,Daric Lion,116
10595,4,Alexandria Maradey,82
12140,4,Kaiano Levine,209
12218,4,Ruben Fagerli,55
20910,4,Jacinda Waite,27
16099,4,Brock Daniels,67
21911,4,Mia Toivonen,35
16225,4,Simon Perrat,60
23283,4,Kara Bartlow,29
24857,4,Kindra Stevens,4
26310,4,Virginia Viso,4
27063,4,Adam Sarosi,4
9523,4,Gul'nara Arkhipova,112
26297,4,Gianna Leto,4
25596,4,Erik Lundgren,4
26721,4,Craig Nelson,4
8508,4,Mark Srethabhakti,47
27033,4,Avery Phoenix,4
15570,4,Andreia Ghimis,80
20909,4,Brandon Zukowski,71
25764,4,Nikole Jabour,4
27173,4,Olga Diaz,4
24876,4,Ádám Zsár,4
16029,4,Harmony Wayne,33
22754,4,Dan Nehrbass,6
25593,4,Olga Lisitsyna,4
26899,4,Jonathan Cormier,4
25969,4,Amanda Brown,4
26631,4,Yarden Lumbroso,4
24837,4,Leora Wasserman,4
26302,4,Lee Prowse,4
25276,4,Joshua Orsak,4
26593,4,Jerry Wier,4
24847,4,Amy Sommers,4
22048,4,Caroline Laestander,8
25283,4,Becky Hill,4
25662,4,Tobias Piesch,4
16091,4,Anastasiia Babakhan,117
26474,4,Mircea Albu,4
26033,4,Sascha Grimm,4
25928,4,Paul M Johnson,4
26917,4,Amélie Dessogne,4
25961,4,Dakota Kimble,4
26577,4,Huei Wen Jang,4
25718,4,Hope Wamble,4
21838,4,Kara Bayless,15
13150,4,Samuel Anspach,119
27269,4,Grzegorz Biel,4
25714,4,Chris Wulff,4
26602,4,Sarah Rowe,4
26325,4,Mia Mette Rosenmay,4
9337,4,Serena Elhard,70
27002,4,Alena Prakonina,4
14901,4,Sarah Fallot,20
25932,4,Alexey Sizov,4
24990,4,Camille Goubert,4
26371,4,Lynne Damianos,4
21317,4,Gaelle Penin,26
25699,4,Bella Archibald,4
26660,4,JianBo He,4
25209,4,Jacob Morton,4
25195,4,Saman Ramezani,4
24958,4,Jackson Burkholder,4
26770,4,Katerina Soukupova,4
18271,4,Cami Johnstonbaugh,114
25829,4,Constance Cyran,4
25524,4,Lisa McMahon,4
24241,4,Srishti Love,5
18209,4,JC Gagne,23
26565,4,Clémence Thiriot,4
4988,4,Doug Morgan,82
26000,4,Justin Carter,4
25421,4,Guido Kos,4
18169,4,Matthieu Chipponi,54
24298,4,Lindsey Todd,5
25419,4,Kazumi Hoshino,4
18156,4,Guillaume Delporte,11
26650,4,Annamária Jacsó,4
27110,4,Meyline Audineau,4
8212,4,Zsolt Vajda,109
25312,4,Janina Witulska-Gonsior,4
24801,4,Jennifer Staples,4
25949,4,Janet Nordlund,4
9913,4,Elysia King,131
25723,4,Ivan Davidson,4
9434,4,Patricia Phillips,23
26737,4,Katsiaryna Dzibrova,4
25925,4,Annika Sima,4
25615,4,Isabelle Münster,4
8734,4,Eunice Wong,123
25002,4,Andrei Ivanchenko,4
13359,4,Ned Gould,36
26748,4,Viktor Bäck,5
26992,4,Rafał Lewandowski,4
26341,4,Michal Sadowski,4
14243,4,John-Mark Mamalakis,68
25071,4,Eric Fernandez,4
27189,4,Lucie Vialatte,4
25669,4,Sophie Hinterberger,4
25075,4,Carl Breindel,4
25641,4,Juan Luis Rodriguez,4
21576,4,Jenni Rogers,5
25080,4,Caroline Lexheden,4
24955,4,Rick Hunt,4
13672,4,Katie Bretherick,7
12875,4,Tero Rahko,60
2173,4,Jennifer Deluca,316
15100,4,Jessica King,47
21896,4,Mateusz Kopeć,11
24943,4,Eleanor Hardicre,4
25739,4,Jack Wilson,4
26318,4,Bettina Bulfone,4
26678,4,Sanna Pynttäri,4
8715,4,Andrew Sunada,186
26499,4,Patricia Smith,4
15250,4,Manxi Ye,64
24918,4,Gilles Hernandez,4
21206,4,Teodora Dale,9
24921,4,Tay Blyth-Kubota,4
21118,4,Hamza Andaloussi,72
15195,4,Jagoda Czosnowska,13
26782,4,Patrick Herke,4
27240,4,Marina Gregorsson,4
26497,4,Eric Lee,4
26467,4,Albu Oana,4
24926,4,Camille Behar,4
15147,4,Rodrigo Campos,70
18404,3,Bruno Michit,116
27097,3,Carolyn Wilkins,3
19455,3,Soazic Mickers,9
27115,3,ILya Shevcov,3
24167,3,Heather Clark,7
23830,3,Emma Westermark,4
5812,3,James H,142
6040,3,Jonathan Taylor,146
26174,3,Liz Lopes,3
23759,3,Anastasiya Shvedchikova,12
19333,3,Corey Brillantes,59
25856,3,Fiona Newby,3
6274,3,Steve Hall,211
23952,3,Jessica Mellert,17
6367,3,Brennar Goree,274
6376,3,Glen Acheampong,221
20009,3,Mikhail Lebedev,7
17773,3,Jennifer Zaslona,25
24361,3,Zuzanna Beckmann,7
23538,3,Andrew Coleman,5
4852,3,Brandi Caro,53
26521,3,Chloe Chapman,3
18993,3,Cassandre Duclieu,10
18202,3,Jong Char,62
25830,3,Marie Carmen Sanchez,3
7014,3,Clint Glasgow,177
27106,3,Yohan Nooshian,3
18088,3,Sean Rice,99
18022,3,Randell Livelo,114
26566,3,Magali Maulard,3
20286,3,Svetlana Egorshina,36
20298,3,Lilla Kovács,30
17924,3,Claire Aung,19
17903,3,Selina Her,129
25819,3,Makenzie Tarpinian,3
4898,3,Alex Wood,117
26251,3,Edward Ishii,3
24385,3,Álvaro Galán Cruz,5
5312,3,Scott Mercer,51
16651,3,Konrad Kras,33
23980,3,Peter Jonsson,4
20772,3,Mira Salo,54
23390,3,Ryan Choong Ee Goh,4
20752,3,Linn Johansson,19
16415,3,Kathleen Salmi,60
8077,3,Craig Schubert,88
26286,3,Daiza George,3
16368,3,Cindy Moreno,25
26290,3,Zander Adkins,3
24797,3,Myles Hall,3
25783,3,Emmanuelle Hoareau Sautières,3
26578,3,Seobin Kim,3
24802,3,Fabiana Gavello,3
26509,3,Brad Bemis,3
8243,3,Kristen Hoffman,46
23352,3,Jessica Benedicto,4
26523,3,Peter Christian,4
8248,3,Tim Acosta,74
23393,3,YiHsuan Sun,4
3244,3,Shalay Branch,79
6535,3,David Ward,152
24052,3,Devon L,5
27126,3,Gordon Russell,3
24022,3,Micah Harkins,4
26532,3,Hannah Evans,3
18882,3,Amy Leung,70
24038,3,Regina Castro,12
18837,3,Sophie Robert,108
6612,3,Lemery Rollins,274
26562,3,Jeronimo Diaz,3
26717,3,Sara Ashun,3
24087,3,Kristina Riccio,4
27120,3,Mariya Denisova,3
26527,3,Nicola Kalli,3
6867,3,Virginie Massart,69
17738,3,Dara Cline,69
24426,3,David Zsolt Kiss,13
25894,3,Jordan Powell,3
24277,3,Peter Mancuso,15
27186,3,Guilhem Benoux,3
20247,3,Jon Good,57
18221,3,Alicia Speckmann,66
27259,3,Daniel Hoff,3
9016,3,Yves Reynaert,55
23023,3,Marius Ihlar,4
25681,3,Filibert Munaron,3
21493,3,Johann Chan,8
25056,3,Miles Ross,3
21499,3,Diana Müller,14
21501,3,Arianna Giovannetti,6
25076,3,Dan Malmgren,3
25081,3,Trine Lie Morken,3
25082,3,Catherine O'Hara,3
25084,3,Luis Farías,3
25088,3,Ashley Mo,3
26483,3,Camellia Nieh,3
26059,3,Alex Parra,3
22960,3,Nynke de Roest,4
21608,3,Yana Smith,13
14528,3,Joel Gibson,147
27023,3,Jasmine Abdurahman,3
25719,3,Rayanna Griggs,3
27286,3,Yannick Franoux,3
26293,3,BeLynn Buckley,3
24898,3,Joseph Quintana,3
15796,3,Nadine Wald,57
24845,3,Jimmy Burns,4
15496,3,Moe Ang,34
15865,3,Pilar Lopez de Luzuriaga,58
15608,3,Ann Walkup,20
21046,3,Cole Stockdale,28
23279,3,Vadym Stetsiak,5
24851,3,Brian Nuyen,3
25752,3,Mariah Mason,23
27289,3,Krystal-Anaïs Capdegel,3
26589,3,Tatyana Parfenova,3
26726,3,Tyler Reamy,3
26299,3,Aline Benedetti,3
23275,3,Larissa Robinson-Mudhar,4
14010,3,Geoff Newell,98
26053,3,Irina Tuchinskaya,3
22916,3,Tony Ezio Nguyen,17
14615,3,Romain Niederst,9
24975,3,Melania M. Falcon,3
14946,3,Mikaela Lewis,26
23132,3,Myriam Robert,4
14856,3,Ellen Dudley,55
21309,3,Chris Leaver,26
14791,3,Otmar Kirchgaessner,18
21329,3,Zachary Arredondo,29
24844,3,Erik Requejo,3
25715,3,Joseph Britt,3
17137,3,Thomas Huin,49
15981,3,Pavel Levchenko,65
6882,3,Dominique Morin,109
27111,3,Elise Mercier,3
24227,3,Salla Nuutinen,13
20202,3,Laetitia Fallone,14
6930,3,Jeff Moscaritolo,140
27004,3,Malgorzata Slowinska,3
21235,3,Katharina Anger,26
25119,3,Jon Pham,3
24938,3,Alexandru Tarlia,3
8988,3,Vitalie Majullo,51
26732,3,Christian Panlilio,3
25013,3,Solonkina Mariya,3
21353,3,Claire Strain,16
8723,3,Elisabeth Zosseder,63
27019,3,Adam Firdaus Tan,3
21140,3,Steven Ortiz,27
25729,3,Kimberly Rapp,3
21227,3,Johannes Windelen,5
15150,3,Jeongbae Kim,35
21178,3,Zoltan Resi,29
25869,3,Danielle Primavera,3
21195,3,Elin Braten,7
27013,3,Dana Bourque,3
27010,3,Micah Larson,3
15007,3,David Waugh,62
24812,3,Alessio Canton,3
21964,3,Alyona Shcherbakova,17
20851,3,Thomas Monroe Brown,7
13748,3,Melissa Stirton,143
25411,3,Natsumi Fukaya,3
21840,3,Diane Wrightson,7
10853,3,Bambi Preble,60
25407,3,Aleksei Aliapkin,3
22575,3,Håkan Axelsson,39
26001,3,Natasha Lykhenko,3
25554,3,Antoine Bonvallet,3
22333,3,Emma Spedding,6
25291,3,Stephen Hrncir,3
26428,3,Britta Kössendrup,13
11167,3,Hana Titania,105
9527,3,Anastasia Sidko,117
25376,3,Catherine Miscampbell,3
25633,3,Maya Golden,3
26445,3,Cody Murrow,3
26620,3,Silvia Saggiomo,3
26829,3,Reza Akbari,3
10757,3,Andrey Ushakov,23
21818,3,Fanni Linda Hegedűs,4
26416,3,Adam Armijo,3
12773,3,Yevgeniya Tretyakova,31
11135,3,Brittney Valdez,129
12849,3,Areez Gangji,13
12832,3,Nicolas Champsavoir,6
12822,3,Valerie Pamphile,48
26904,3,Catherine Ogden,3
25384,3,Adel Auth,3
25226,3,Gabriela Brown,3
10970,3,René Strücker,27
11343,3,Alesya Kovaleva,114
12546,3,Jonas Nicklas,59
26423,3,Ann Bertilsson,3
22306,3,Milla Peltoniemi,7
10956,3,Karin Kakun,247
22785,3,Sheridan Oyer,15
21870,3,Ulrike Fengler,7
9518,3,Alena Ulaner,48
9635,3,Guy Livneh,68
22035,3,Aleksandr Parfenenko,25
12509,3,Brad Gallow,123
26352,3,Suzanne Petit,3
10047,3,Alex Kim,454
25326,3,Ryan Higgins,3
25463,3,Jody Sark,3
25464,3,Michael Rasmussen,3
13793,3,Charles Zins,42
26435,3,Emily Hayes,3
22670,3,Laurine Toulemonde,5
26772,3,Ingeborg Grüner Skram,3
25495,3,Vanessa Martell,3
13575,3,Oliv Haight,97
12038,3,Elizabeth Fox,58
25585,3,Yaroslav Podkolzin,3
27225,3,Olga Komarova,3
26050,3,Alisa Petrushina,3
13621,3,Ekaterina Gayday,50
10502,3,Joseph Carey,81
20875,3,Mathilde Varieras,43
10331,3,Emma Carter,120
10467,3,Nicolas Cousin,66
22520,3,Dana Shapiro,4
10276,3,Dirk Haage,96
25587,3,Liana Aminova,3
22461,3,Caitlin McCluskey,17
11953,3,Jacques-Olivier Hache,113
21691,3,Guillaume Deysine,10
22460,3,Tricia Oei,11
10292,3,Leonardo Vidal,81
22136,3,Steven Houston,9
21709,3,Calvin Yio,5
26883,3,Zachary Barbieri,3
22473,3,Nora Renard,13
13701,3,Olesya Ulanova,35
27208,3,Ben Haut,3
10258,3,Patrick Tran,103
22086,3,Suzy Ackerman,36
21714,3,Lynna Noor,6
25277,3,Shannon Cochran,3
9437,3,Lamarr Williford,131
22902,3,Gabriel Hotchkiss,19
27222,3,Alexander Pershin,3
16751,3,Mandy Fried,102
17323,3,Robin Larsson,60
24563,3,Gabriel Bizcarra,5
23486,3,Martin Bautista,22
15966,3,Ashley Testerman,26
17273,3,Cherise von Mulert,95
27084,3,Ashley Dominguez,9
27081,3,Lilyann Linehan,3
22492,3,Kryspin Musiol,14
26270,3,Briahne Holland,3
17071,3,Lindsey Granger,60
17068,3,Chelsea Haining,67
20495,3,Pierre Popineau,56
20498,3,Emilia Jaskot,122
24660,3,Jacky Chen,5
16937,3,Maverick Cove,96
26573,3,Anett Soti,3
16867,3,Max Wakeham,60
24555,3,Donna Holiwod,4
24543,3,Oda Odden,5
25812,3,John Baker,3
25787,3,Florence Côté,3
25600,3,Liam Dauchat,3
26722,3,Zachary Harding,3
8334,3,Zsuzsanna Paulik,30
16036,3,Larisa Bratkovskaya,25
26587,3,Aleksandr Timonin,3
23423,3,Bradley Zickafoose,6
25786,3,Pascal Turcot,3
26281,3,Joshua Mollineda,3
27092,3,Yash Giri,3
24435,3,Laura Hübner,13
17649,3,Lilio Montel,21
17637,3,Chris Guthrie,41
24463,3,Richelle Davis,6
17517,3,Deirdre Jennings,65
7532,3,Nicolas Bourgeais,153
17477,3,Rachael Cathcart,12
1679,3,Malia Jameson,266
25766,3,Madelaine Briggs,3
26267,3,Benoy Varghese,3
9956,3,Jocelyn Bender,119
12196,3,Elodie Chapon,114
25629,3,Martin Bloch,3
25458,3,Katelyn Barsi,3
21991,3,Trinity Madden,54
22418,3,Stefanie Hoffmann,4
26834,3,Lee Crosbie,3
25450,3,Maggie Silverman,3
26928,3,Michelle Serame,3
21793,3,Tara Tramel,7
25453,3,Terry Wilde,3
12264,3,Edward Truong,51
26461,3,Kelemen Szilard,3
22415,3,Laura Weber,7
13486,3,Edouard Siegel,22
21679,3,Bethan Gibbs,53
11650,3,Michael Medini,69
21776,3,Rose Thirion,8
9699,3,Allysa Rees,143
22397,3,Eli Schlenker,14
21186,3,Melissa Rahimi,9
26900,3,Nizam Tengku,3
11479,3,Christine Pitawanich,128
25446,3,Isabella Alfonso,3
21931,3,Tim Aberle,19
27190,3,Séverine Carles,3
25998,3,David Flores,3
25247,3,Balázs Nick,3
25441,3,Kevin Basham,3
25951,3,Kyla Welsh,3
26370,3,Kathy Wyndemuth,3
26777,3,Elias Skistad,3
22560,3,Demi Hart,21
26433,3,Seth Lowery,3
13319,3,Adam Varney,53
26625,3,Marc Pape,3
19076,2,Lance Dewbre,21
6832,2,Michelle Fletcher,128
6851,2,Steve Wilder,207
18488,2,Johanna Aho,15
18410,2,Dmitriy Kudlay,26
18348,2,Jonathan Hsieh,33
6416,2,Brandon Parker,199
19710,2,Caroline Hölker,115
15824,2,Johanna Hartner,36
19081,2,Angelica Lunod,6
5730,2,Stephen White,209
19779,2,Andreas Zetterström,32
19745,2,Thomas Ragel,15
19714,2,Jennifer Gustafson,5
18693,2,Stephane Aubossu,6
5847,2,Jen Pfister,13
18637,2,C Chang,18
18949,2,Ryan Benkert,63
18700,2,Clémence Thai,28
18717,2,Stew Hartman-Mart,2
12199,2,Jennina Farm,110
12180,2,Mejrem Halidovic,76
6035,2,Olivia Luke,132
12092,2,Joel Weldy,9
12064,2,Philip Fallin,24
11998,2,Marion D'Angelo,9
15721,2,Maria Flores,82
15815,2,Alexandr Sibirsky,78
19861,2,Elvira Gafarova,3
19050,2,Alexander Borisenko,28
18965,2,Wilsen Hadiwikarsa,34
18964,2,Kevin Eschhofen,5
18877,2,Anne Snell,19
18876,2,Jeffrey Moyers Jr,17
6616,2,Adela Su,106
18744,2,Dorothe Pfautz,28
6761,2,Victoria Henk,420
19653,2,Sylvie Barrière,17
16713,2,Katherine Frei,6
19521,2,Stéphanie Monet,7
17090,2,Kyle Condiff,71
16244,2,Laila Skudite,16
8257,2,Jordan Sims,92
8442,2,Tina Slusher,37
15916,2,Jeanne Swee,22
15846,2,Lucy Cartwright,68
15836,2,Yubin Kim,109
15829,2,Michal Bobowski,27
17178,2,Dorothea Koletsos,70
16294,2,John Collini,73
17187,2,Britni Weaver,87
7388,2,Patty Houston,60
18195,2,Matthias Thomas,47
18171,2,Houston Higgs,6
18149,2,Tash Oduro,8
17961,2,Dominik Neugebauer,58
17947,2,Nadine Arvisais,11
8234,2,Levente Friesz,55
16391,2,Leah Grodstein,57
19500,2,Jordan Kolarik,4
18292,2,Luka Pernot,15
19438,2,Stuart Holloway,7
19295,2,Charlotte Holmes,26
19291,2,Anastasiya Naydenova,63
19249,2,Lara Beecher,4
19233,2,Ilya Ustinov,26
19183,2,Karolina Gabara,129
6239,2,Rebecca Savoca,136
18260,2,Carol Klarman,36
16558,2,Thilo Eichhorn,3
18226,2,Charlotte Durbass,7
18205,2,Isabelle Lettere,2
17027,2,Laura Stainback,15
7856,2,Shantala Davis,212
16899,2,Abel Barrientes,23
16802,2,Katarzyna Zamaria,13
16592,2,Anthony Lipscomb,85
12203,2,Annika Valimaa,123
9015,2,Cyndie Petit,86
12266,2,Sam Wilksch,35
15684,2,Christian Kaller,112
13436,2,Wanja Chresta,24
13433,2,Tiane Vongphasouk,38
9303,2,Teveya West,71
14152,2,Alex Glover,126
14313,2,Paulina Górka,126
15764,2,Shawn Bellenbaum,47
9052,2,Nam Lim Kim,82
15609,2,Matthew Jo,26
13656,2,Jessica Polzer,76
8587,2,Cari Chestnut,105
15511,2,David Morellato,9
8618,2,Jack Flynn,15
15434,2,Heather Maddigan,19
15283,2,Michael Ha,106
15274,2,Karolina Jagla,36
15228,2,Alina Pink,63
13654,2,Patrick Buckvold,3
13675,2,Asha Francis,35
15092,2,Elaine Anderson,22
14126,2,Coralie Morand,105
22846,2,Jeff Cope,3
7373,2,Augie Leija,121
27191,2,Loane Marthely,2
19898,2,Quentin Falcand,19
19889,2,Yahya Mouldi,66
24060,2,Mallory Phillips,4
9072,2,Jen Malcolm,160
14075,2,Jessica Lee Armstrong,35
13677,2,Kim Hyunmi,35
9110,2,Anastasia Lokshina,112
14031,2,Regan Radulski,27
13910,2,Debbie Adams,54
13801,2,Shigeyuki Kiba,6
9149,2,Michael Poh,60
13724,2,Hannu-Pekka Schukov,70
13681,2,Zoltán Jászai,116
15155,2,Ryan Wrench-Buck,62
14832,2,Diana-Cristina Iancu,28
9552,2,James Bartlett,108
12372,2,Emanuel Aguilera,12
10308,2,Laure Quienne,25
10239,2,Sonyeo Yun,28
10171,2,Barry Goh,98
10144,2,Hisaki Mino,35
9734,2,Matthew Jacobson,27
9680,2,Camilla Jonsson,15
9639,2,Frederic Jover,71
12740,2,Anna Torngren,12
10474,2,Gabriel Assogba,29
12617,2,Vincent Lallemand,63
12605,2,Ayelet Kalderon,123
12524,2,Yongmin Choi,59
12473,2,Brenda Waterhouse,6
12454,2,Aleksey Zinchenko,19
12391,2,Stuart Hiarker,71
12344,2,Keith Penu,187
10322,2,Eszter Koltai,51
10513,2,Lauryn Sperling,83
14710,2,Pen Dy,61
11376,2,Luce Pasquini,43
14539,2,Tyson Hood,48
14451,2,Celine Gryglewicz,17
14373,2,Caroline Fondacci,12
13322,2,Sean Siavash,17
13117,2,Shelly Callaghan,65
13074,2,Jens Wallstrom,17
12975,2,Casey Margules,149
11269,2,Yie Hahn Hwong,76
10617,2,Kyoung Hwa Jang,10
11216,2,Rodrigo Monteiro,34
11004,2,Larissa Thayane,202
10974,2,Julie Rakkestad,15
10967,2,Melinda Szanyi,33
10871,2,Stephane Guijarro,16
10822,2,Flore Berne,255
10642,2,Olivia Burnsed,237
17855,2,Jacob Sacco,17
26864,2,Amelie Combier,2
7431,2,Jeff Mumford,165
24937,2,Amanda Bernstein,2
25478,2,Brian Royston,2
24858,2,Alexandra Dunn,2
24185,2,Alexej Antropov,4
25085,2,Detlef Hohl,2
24939,2,Martin Mason,2
25241,2,Tjaša Zadravec,2
25500,2,Yue Kit Lau,2
24086,2,Camille Vitale,4
24927,2,Morgane Bodiou,2
27121,2,Olga Uskova,2
24852,2,Macallan Savett,2
26827,2,Dylan Astaing-Peyrat,2
24946,2,Leticia Tasende,2
25486,2,Mimi Watanabe,2
25077,2,Ronnie Wikström,2
25074,2,Z Turnross,2
27024,2,Fan Yi Zeng,2
25311,2,Alicja Kurowska,2
27116,2,Vladimir Travkin,2
25063,2,Hannah Dunwoody,2
27064,2,Julia Raida,2
25402,2,Pierre-Antoine Degroote,2
26886,2,Michaela Sadler,2
25404,2,Anian Brosig,2
25412,2,Yuko Ishiwata,2
25228,2,Michelle Busby,2
25105,2,Heta Ruutiainen,2
25057,2,Michelle Miles,2
27020,2,Daryl Goh,2
26901,2,Evan Walters,2
27112,2,Clara Crignon,2
27014,2,Sylvia Egger,2
24217,2,Mari Nikkarinen,6
24254,2,Samir Bougrine,12
24264,2,Blake Martin,8
26830,2,Monique Thepkaisone,2
24164,2,Sichinskaya Anna,3
25468,2,Grace Jackson,2
17199,2,Katie Wolgamuth,39
26838,2,Vincent Perdana,2
24313,2,Jochen Walther,3
27107,2,Florent Veret,2
24329,2,Alexis Collin,12
24330,2,Sébastien Cros,10
25454,2,Robert Millard,2
26835,2,Amy Hallam,2
25447,2,Céline Maury,2
25313,2,Agnieszka Gabara Bella,2
25050,2,Hugh Clark,2
25128,2,Shanyn Emerson,2
25047,2,Wendy Lim,2
24972,2,Kade Street,2
25043,2,Bryce James,2
24919,2,George Hardwick,2
25322,2,Nathan Forest,2
22854,2,Miklós Mátyás Simon,6
24956,2,Larry Miller,2
27027,2,Kael Lee,2
25225,2,Jonathan Hazelton,2
25139,2,Daniel Lupascu,2
25459,2,Chelsea Shaw,2
24537,2,Therése Ellénius,3
27098,2,Mimi He,2
24439,2,Wiktoria Szczepaniak,4
24905,2,Marie Tamliani,2
27093,2,Jarrah Conlon,2
24506,2,Elouise Mendoza,4
24539,2,Erika Åkesson Bengtsson,3
26947,2,Caitlin Woodman,2
25314,2,Aleksandra Wrzochal,2
26909,2,Frans Verhees,2
25426,2,Stefan Istatkov,2
26981,2,Michele Klein,2
25422,2,Anžej Žužek,2
26918,2,Tom Gaillard,2
24557,2,Florencetina Chew,3
25358,2,Brigitte Dallaire,2
24803,2,Beth Hill,2
24991,2,Elizaveta Verbina,2
24723,2,Oscar Lindblom,3
25156,2,Michael Meier,2
25003,2,Alisa Lozunova,2
25383,2,Gosia Kwiatkowska,2
24786,2,Anabel Dimova,2
25278,2,Glenn Yost,2
27036,2,Patricia Ladouceur,2
26939,2,Michelle Van Der Karr,2
24893,2,Camille Pinto,2
24767,2,Ole Arne Jakobsen Steen,2
24632,2,Cécile Cubadda,18
254,2,Beverly Durand,16
27085,2,Eden League,2
24899,2,Matt Rogers,2
24607,2,Samuel Gerard,3
26985,2,Franziska Zinsmeister,2
25089,2,Quita Hall,2
24771,2,Agnieszka Lejwoda,2
24766,2,Sofia Hellstrand,2
25296,2,Pavan Powani,2
23984,2,Maiara Karlsson,10
17628,2,Artis Lisa,49
17540,2,Igor Ejov,30
17525,2,Danielle Considine,20
17485,2,Minna Mutanen,70
17469,2,Tine Palenga,51
7597,2,Libby Collins,99
17292,2,Xavier Phan Chan Thé,28
26446,2,James Blair,2
26993,2,Derek Murphy,2
24944,2,Larissa Villares,2
26933,2,Reyna Shisbey,2
25152,2,Elena Stoeva,2
25388,2,Anouvong Visouthivong,2
24738,2,Martine Taring,4
24761,2,Amandine Tanniou,3
25273,2,Mélanie Gerum,2
26849,2,Brian McConville,2
25396,2,Audrey Jounet,2
24655,2,Franziska Dollinger,3
25318,2,Mirella Brzozowska,2
24878,2,Stefano Woerner,2
25327,2,Cynthia Stark,2
27003,2,Iana Petrakivska,2
24832,2,Matt Fleming,2
27009,2,Anna Chudnaia,2
27061,2,Georgiana Danila,2
24984,2,Sergiej Szejko,2
26882,2,Diana Fu,2
24669,2,Harmony Lahti,3
25375,2,Jackie Tibbetts,2
25369,2,Robin Behnke,2
24790,2,Coryne De Haan,2
27008,2,Oskar Bohinc,4
25316,2,Agnieszka Borowska,2
25289,2,Hansel Chiang,2
26868,2,Kareena Zheng,2
26926,2,Caroline Forin,2
24977,2,Anthony Michael,2
25337,2,Alexander Rosemond,2
27011,2,Duncan McElveen,2
24679,2,Ben Witoff,5
25315,2,Anna Terlecka,2
25145,2,Anne Helmreich,2
25272,2,Patrick Verrier,2
25284,2,Ellie Yates,2
25380,2,Rebecca Slevin,2
24839,2,Anya Sue,2
25378,2,Maria Lange Pedersen,2
25210,2,Ryan Longenecker,2
26876,2,Stephanie Gay Moss,2
25308,2,Anna Lichtarska,2
26927,2,Emma Sold,2
24981,2,Charles Ducros,2
25340,2,Jaylee Dupere,2
25310,2,Katarzyna Gawinek,2
22848,2,Jasmine Mendiola,19
13358,2,Noemie Bonnin,47
22888,2,Amanda Ho,16
25793,2,Anne Theodorescu,2
26132,2,Jessie Choy,2
26311,2,Alicia Minnaar,2
26014,2,Quentin Leroy,2
26133,2,Niken Niken,2
26468,2,Viktoriya Sirakova,2
26574,2,Yang Fu,2
25605,2,Karina Playfoot,2
25976,2,Niyanth Polisetty,2
26498,2,Stephanie Woiciechowski,2
26797,2,Erik Requejo,2
26087,2,Tristen Hewitt,2
25798,2,Charlie Lee,2
26783,2,Nash Carroll,2
25730,2,Marie Walker,2
26097,2,Anja Sippola,2
26379,2,Felix Hampe,2
26088,2,Mari Sandberg,2
26319,2,Philipp Padinger,2
26738,2,Indre Nagyte,2
26419,2,Isaac Akintitan,2
26417,2,Marian Pearcy,2
26269,2,Eliza Sprey,2
26086,2,Grace Torgerson,2
26418,2,Laurel Wong,2
25804,2,Barbara Sophie Wölfer,2
26268,2,Philippa Eden,2
26131,2,Melissa Chan,2
25727,2,Simon Dirckx,2
26799,2,Ji Yeon Ku,2
25555,2,Daniel Bane,2
26084,2,Caylin Knott,2
26007,2,Josh Kneeland,2
26264,2,Stefanie Beale,2
26513,2,Anais Cordebard,2
25559,2,Julie Farman,2
26023,2,Véronique Cohendet,2
25579,2,Laura Krohn,2
25818,2,Mackenzie Cook,2
25784,2,Caroline Mineau,2
26287,2,Harumi Buchholz,2
25720,2,Helen Ajufo,2
25813,2,Stephen Douglas,2
26590,2,Ekaterina Ando,2
26034,2,Vasily Lukyanov,2
25748,2,Jenny Liversedge,2
26257,2,Srividya Natarajan,2
26424,2,Magnus Korsaksel,2
26570,2,Alexandra Radulescu,2
25616,2,Oleg Borisov,2
26452,2,MB Barden,2
25760,2,Sebastián King,2
26569,2,Cecile Poquet,2
25895,2,Mara Lobianco,2
25716,2,Adam Oh,2
26626,2,Markus Maki,2
26651,2,Tina Renner,2
26005,2,Joshua Rahm,2
26567,2,Estela Chabasse,2
26252,2,Nik Snow,2
25970,2,Saba Rathore,2
26719,2,Christopher T. Lo,2
25778,2,Aliya Millson,2
25933,2,Victoria Imsiecke,2
25952,2,Jessica Zeigman,2
26326,2,Cristiana Silva,2
26745,2,Roxana Nichiforov,2
25532,2,Nyx Danvers,2
25700,2,Hannah White,2
26661,2,Melissa Chong,2
26603,2,Andrea Blosser,2
26306,2,Samar Maguire,2
25981,2,Michał Kowalski,2
26128,2,Jonathan Quek,2
25740,2,Phillip Clifford,2
25901,2,Serina Fischer,2
26002,2,Francesca Rossi,2
25650,2,Carla Ezponda,2
26415,2,Christopher Lui,2
22642,2,Julien Cime,6
25525,2,Jean Lee,2
25527,2,Lilysan Wijaya,2
26431,2,Louise Bertilsson,2
26754,2,Ina Lindsköld,2
26432,2,Anna Holmbom,2
26524,2,Baron Saraiva,2
26708,2,Deanna Nelson,2
25526,2,Ee Lin Tek,2
26493,2,Jeffrey James,2
26303,2,Sherif Uthman,2
25682,2,Ludovic Moreau,2
26228,2,Deante Finnie,2
26043,2,Tuisku Jarva,2
26528,2,Staci Most,2
26342,2,Aneta Ostrówka,2
26563,2,Eva Guignabodet,2
26761,2,Øystein Hjertenæs,2
25831,2,Amanda Ny,2
26459,2,Robyn Maile,2
26294,2,Tara Dixon,2
25836,2,Andreas Unger,2
22978,2,Fallone Celine Pruvot,7
26669,2,Jeri Tess,2
26434,2,Jack Luhman,2
25523,2,Jennifer Hacia,2
25521,2,Youkang Lam,2
26158,2,Daniel Burkdoll,2
26400,2,Gregory Cook,2
25588,2,Darya Fedorova,2
26749,2,Benoit Esmein,2
26291,2,Jonathan Yake,2
26109,2,Steven Nguyen,2
25891,2,Douglas Zeidler,2
26409,2,Anna Hinz,2
26237,2,Bryn Willhite,2
26621,2,Catherine Kerr,2
25695,2,Landen Graves,2
26679,2,Pirjo Mäkelä,2
26166,2,Lindsay Wolcott,2
26271,2,Li Ern Mah,2
26579,2,Yi Lin Wang,2
25670,2,Sarah Heyen,2
26221,2,Ksenia Chichay,2
26462,2,Catalin Retegan,2
26771,2,Rita Pedersen,2
26699,2,Robert Stackhouse,2
26613,2,Raven Duncan,2
25518,2,Mark Xavier,2
26619,2,Luca Reale,2
26520,2,Jordan Ruvalcaba,2
26436,2,Courtney Purcell,2
26534,2,Joshua Kramer,2
25991,2,Kristin Klasinski,2
26458,2,Rachel Hughes,2
25503,2,Ming Feng Chai,2
26429,2,Naomi Barmettler,2
26282,2,Steve Korte,2
25849,2,Johanna Hellberg,2
26222,2,Maria Ushakova,2
26723,2,Tony Yelle,2
25765,2,Haley Gehle,2
26694,2,Petteri Ervasti,2
25659,2,Dongje Lee,2
26540,2,Patrice Tafur-Schlosser,2
26202,2,Daniil Baskakov,2
26479,2,Kira Schubot,2
26054,2,Yana Zachupeyko,2
26178,2,Johanna Brodin,2
26554,2,Jonathan Mace,2
25642,2,Dmytro Kushnirov,2
26588,2,Artem Shkov,2
26051,2,Albina Gaynutdinova,2
25910,2,Elke Liebig,2
26185,2,Fredricia Loven,2
25665,2,Alina Winte,2
26212,2,Anastasiya Sokolskaya,2
26632,2,Svenja Beck,2
9991,2,Shimpei Muraoka,106
26484,2,Aubrey Nida,2
21605,2,Nancy Salmon,10
27131,2,Michi Aneez,2
27162,2,Kate Solhaven,2
27160,2,Jazlyn Burgess,2
22274,2,Maire-Laure Michon,7
27151,2,Lindsey Holton,2
27127,2,Sebastian Milc,2
23972,2,Jeff Wright,4
23958,2,Alexis Chavez,8
23882,2,Akseli Ingervo,3
23150,2,Mya Grace,10
23868,2,Andrea Romeu,8
23861,2,Marina Kraeva,13
23833,2,Håkan Viklund,4
23809,2,Diana Carrier,3
23807,2,Wayne Mak,6
23770,2,Chelsea Traino,8
23760,2,Jeremiah Steph,10
23146,2,Hanchen Wang,3
23161,2,Emily Prebihalo,30
23709,2,Barbara Marx,10
23359,2,Rhea Stewart,8
22265,2,Megan Sintef,3
19894,2,Adeline Boulet,35
27161,2,Trinity Sciannella,2
23449,2,Sergey Zabolotnyy,13
23437,2,Goose Bonvegna-Heasley,23
23428,2,Candice Jablonski,6
23421,2,John Wilson,14
27165,2,Dominick Montie,2
23206,2,Jelena Steinberga,3
23338,2,Sean Hahm,27
23298,2,Conny Van Hoorn,12
23288,2,Jane Guo,4
23244,2,John Swartout,3
23233,2,Daniel Semac,3
27174,2,Ruby Berlin,2
23210,2,Nataliia Baliuk,8
27142,2,Greg Buchanan,2
23695,2,Kyrylo Yakymenko,26
20501,2,Jessica Beltran,24
23096,2,Yvette Farmer,18
22321,2,Hannah Haist,29
22814,2,Saskia Löw,3
22829,2,Phela Chuey,23
22830,2,Parker Lauren,19
23027,2,Mariah Levin,6
27182,2,Caleb Sears,2
23108,2,Emma Dinga,9
23043,2,Silja Lindqvist,3
22332,2,Mandy Kiger,4
23039,2,Niina Taskinen,8
23031,2,Jenni Pakkila,16
23028,2,Myrtle Ventura,9
23007,2,Liv Kirby,3
21549,2,Monika Słocińska,12
22980,2,Alena Abrazhenina,5
22841,2,Christine Zoyhofski,8
22322,2,Karrington Haist,31
22378,2,Lauren White,55
23687,2,KD Kaiser,9
22678,2,Jade Houis,12
23679,2,Gayle Owen,19
23142,2,Eric Tian,7
27180,2,Dalton Dabney,14
23133,2,Alicia Tirone,28
27195,2,Robby Harrison,2
22749,2,Aurélie Unan,16
22694,2,Maya McNair,34
22674,2,Gabin Fouache,12
22429,2,Martin Graw,3
27201,2,Savannah White-Jagelski,2
22553,2,Tegan Marshall,4
22513,2,Lisa Wills,13
22487,2,Sophia Chui,11
22484,2,Gael Mantillet,22
22459,2,YiLin Zhao,19
27210,2,Jessica Brown,2
22178,2,Christina Jacildo,3
27181,2,Matt Nickerson,2
20506,2,Cora Orme,8
27241,2,Tone Regine Løland,2
27226,2,Ulyana Zavyalova,2
22131,2,Christina Garza,22
22043,2,Markus Åström,8
27233,2,Sindre Vatne Storesund,2
22040,2,Nadezhda Zhirikova,4
21990,2,Lindsey Veuger,16
21852,2,Marcin Zywalewski,5
21834,2,Joseph Conroy,119
21609,2,Elliott Sweeney,27
21744,2,Perekorangi Herewini-Te Awa,6
21734,2,Nitsan Rechels,5
21520,2,Fred Caputo,32
27247,2,Adele Innvær Stokkenes,2
21721,2,Cassie Clayton,12
27248,2,Tania De Castro Simarro,2
21632,2,Tatiana Ziora,21
27223,2,Igor Zakharov,2
27216,2,Jose Luis Roma,2
27285,2,Agnieszka Kuruś,2
21265,2,Alyssa Boersma,19
21513,2,Natacha Blondel,31
21485,2,Ashley Sill,4
20547,2,Laura Paakkunainen,33
27260,2,Abe Ackerman,2
21361,2,Geoffrey Costello,5
21336,2,Anthony Moeller,3
21330,2,Sam Salour,66
21245,2,Boramy Ty,27
21566,2,Sandra Slūka,5
21218,2,Ruslan Mukmenzyanov,6
21204,2,Amy Sleeper,22
21132,2,Stephanie Barreau,5
21084,2,Chaeyu Geun,25
21028,2,Lauren Nelson,29
21009,2,Clara Hiel,24
20996,2,Ren Pritchard,3
21613,2,Ariel Anders,21
21606,2,Tom Mickers,3
20994,2,Aimee Hamilton,6
20845,2,Eric Sharp,5
20404,2,Lydia Gibson,6
20434,2,Magdalena Wodiczko,4
20812,2,Wendy Carter,21
27290,2,Karine Treguer,2
20907,2,Connor Stubbs,24
20852,2,Carlo Deldonno,19
20846,2,Talia Fallis,25
20844,2,Jonno Liberman,99
19899,2,Guillaume Bury,32
20773,2,Anna Zetterström,10
4208,2,Natalie Johnson,9
20733,2,Lyla Ruth,97
20992,2,Debbie Phang,22
20574,2,Adia Nuno,20
20711,2,Ilya Duplin,23
20605,2,Jona Triebel,71
20403,2,Stephanie Meyer,27
20895,2,Timo Saratto,4
5557,2,Dana Galyon,47
20052,2,Brittani Powers,78
20349,2,Mark O'Dea,11
20346,2,Don Walker,23
20249,2,Andrew Maynard,64
20219,2,Christine Kearney,32
20176,2,Camille Lachant,43
20082,2,Malin Nyberg,36
20070,2,Caleb Gilbert,58
20163,2,Maria Zuzga,3
20380,2,Baptiste Bieber,13
19997,2,Igor Gorodnichev,22
19993,2,Kim Pear,38
27287,2,Matthew Tilsley,2
19972,2,Daniel Smith,10
20001,2,Yana Litinskaya,15
19947,2,Lucas Daut,15
26067,1,Vlad Vermesan,1
26061,1,Liat Steinberg,1
26016,1,Paolo Olivo,1
26062,1,Aspen Hunt,1
25994,1,Veronika Buryánová,1
26068,1,Keith Barnard,1
26069,1,Ryan Beede,1
26035,1,Guido Schrijvers,1
26055,1,Marina Chinenova,1
26037,1,Jorick Lange,1
26045,1,Laura van Hecke,1
26036,1,Erik Landman,1
26052,1,Kalimullin Rinat,1
26047,1,Joy Muth,1
26046,1,Jette Vis,1
25993,1,Zuzanna Mierzwa,1
26044,1,Marianne Zeillinger,1
26039,1,Siarhei Tryputska,1
25996,1,Eliška Píchalová,1
26038,1,Marten Kruidhof,1
26048,1,Barun Parruck,1
25995,1,Iva Žůrková,1
25743,1,Stephen Barnes,1
26003,1,Keltcey Durham,1
26006,1,Jake Miller,1
25742,1,Chris Luzzi,1
25986,1,Timo Lanzner,1
25749,1,Kylie Davidson,1
25741,1,Joey Westermeyer,1
25735,1,Isabelle Penny,1
25734,1,Jessica Hall,1
25731,1,Kristin Andrews,1
25728,1,Scott Lambie,1
25908,1,Christoph Jansen,1
25909,1,Pascal Prinz,1
25911,1,Sascha Meels,1
26028,1,Marie Fasol,1
26027,1,Carole L'Abbate,1
26026,1,Apolline Ravassard,1
26025,1,Patricia Richardet Lhote,1
26024,1,Mathilde Gurgey,1
26018,1,Cedric Santiago,1
26029,1,Jean-Luc Jusserand,1
26017,1,Aurélien Dudouit,1
26015,1,Didier Dubrit,1
26011,1,Jenny Spencer,1
25992,1,Dominika Borková,1
24827,1,Polina Mirenkova,1
25944,1,Jonathan Busse,1
25943,1,Anja Schofield,1
25971,1,Katia Hughes,1
25966,1,Vijay Rao,1
25965,1,Robert Victory,1
25964,1,James Figluizzi-Bingham,1
25963,1,Cristian Ruiz,1
25962,1,Aaron Plattus,1
25957,1,Alex Carr,1
24828,1,Zuzanna Gadomska,1
26443,1,Gracie Thornton,1
24824,1,Anja Božič,1
17276,1,Debarshi Pratihar,19
17269,1,Emma Dyson,71
17260,1,Mark Dwelly,3
17256,1,Florian Kemper,24
17126,1,Sylvain Poincon,27
17125,1,Noemie Gourdon,63
17281,1,Songyan Chow,65
17118,1,Viacheslav Grachev,59
17024,1,Anthony Garcia,2
25750,1,Rachel Messmer,1
17023,1,Callie Gieck,65
25972,1,Elizabeth DeFreitas,1
25973,1,Dominique Marinescu,1
25974,1,Sarah Dziedzic,1
25919,1,Ines Lewandrowski,1
25942,1,Andrea Kemmner,1
25941,1,Jasmin Braun,1
25936,1,Martin Rohrmüller,1
25935,1,Lena Johanna Gschossmann,1
25946,1,Patrick Buchner,1
25934,1,Marcel Thoeren,1
25922,1,Lisa Hohnen,1
25921,1,Lucille Bekono,1
25920,1,Lonneke van Valkenburg,1
25918,1,Anna Schiefer,1
25975,1,Katherine Cunningham,1
25912,1,Sascha Enz,1
25923,1,Meike Broemmel,1
25950,1,Dan Johnson,1
25953,1,Judith Marshall,1
25955,1,Nathan Gault,1
25985,1,Jan Wąsak,1
25984,1,Adam Vlasák,1
25983,1,Martin Šmoldas,1
25982,1,Tomas Krutina,1
25724,1,Sarah Truglio,1
26330,1,Franka Boender,1
25751,1,Lucia Nunez,1
26327,1,Vera Cardoso,1
26321,1,Guilherme Santos,1
26295,1,Kailey Kennedy,1
26320,1,Emma Lecocq,1
26314,1,Jennifer Thompson,1
26313,1,Anais Pitaud,1
26312,1,Julia McDonnell,1
26305,1,Mark Oborn,1
26304,1,Fergus Mackay,1
26298,1,Ali Black,1
26315,1,Margot Greenen,1
26077,1,Teresa Castillon,1
26071,1,David Rosenfeld,1
26070,1,Harkeerat Kohli,1
25846,1,Charlotte Aste,1
25840,1,Mathias Albert,1
25839,1,Jan Book,1
25838,1,Frederic Sommer,1
25837,1,Tony Jialiang Chen,1
25833,1,Yann Du Bouays,1
25847,1,Camilla Näslund,1
25832,1,Lucie Bordron-Ursule,1
26322,1,Carsten Klemt,1
26328,1,Paula Castanheira,1
25761,1,Beck Maslia,1
26329,1,Ida Correa,1
16969,1,Laetitia Lung,127
26334,1,Slata Zlatin,23
26331,1,Courtney Lippman,1
26283,1,Dakota Schanze,1
26274,1,Andrew Lewis,1
26272,1,Kevin Formosa,1
26261,1,Patricia Shea,1
26260,1,Annelise Pageau,1
26259,1,Mélanie Luciano,1
26288,1,Yelinet Lopez,1
26258,1,Julie Cyr,1
26245,1,Maksim Smith,1
26242,1,Emma Tate,1
26241,1,Ashleigh Ragone,1
26240,1,Maria Clara,3
26239,1,Lauren Michaelis,1
26238,1,Joanna Windler,1
26253,1,Cameron Deweerd,1
26333,1,Ricard Serra Pujol,1
26292,1,Seth Relampagos,1
26296,1,Jack Marburger,1
25821,1,Caroline Weisgerber,1
25820,1,Julianna Bailey,1
25808,1,Ksenia Krivoruchko,1
25807,1,Virág Kiss,1
25712,1,Kira Regan,1
25710,1,Michael Livingston,1
25708,1,Ehlan Stiritz,1
25707,1,Nels Atkinson,1
25705,1,Judith Marshall,1
25704,1,Samantha Barondyck,1
25717,1,John Jolley,1
25701,1,Reagan Calahan,1
25692,1,Remi Jabes,1
25691,1,Pauline Petit,1
25690,1,Camille Colas,1
25689,1,Malika Belmokhtar,1
25688,1,Amandine Durand,1
25687,1,Sarah Roux,1
25696,1,Juno Tran,1
25779,1,Hanna Barmina,1
25721,1,Kathleen Osterwise,1
25725,1,Kathryn Finley,1
25769,1,Katie Brayer,1
25768,1,Taylor Royal,1
25767,1,Preksha Jain,1
25770,1,Isabel Bobrik,1
25785,1,Christine Kleinert,1
25907,1,Marc Kröll,1
25888,1,Oliwia Tkaczyk,1
25806,1,Katrin Vu,1
25805,1,Anita Palkovics,1
25825,1,Ashliegh Dollar,1
25788,1,Ishaaq Jiffry,1
25848,1,Naomi Aihara,1
25851,1,Camilla Dahl,1
25899,1,Emily Baptista,1
25896,1,Kristen Sweat,1
25892,1,Preetish Arjune,1
25887,1,Marianna Siedlaczek,1
25879,1,Julius Simmank,1
25886,1,Fiona Nijensohn,1
25850,1,Daniela Pavlicenco,1
25885,1,Katarzyna Gruchała,1
25878,1,Jan Gąsiewski,1
25877,1,Artur Kazimierski,1
25876,1,Kamil Wrzesinski,1
25875,1,Piotr Gomoła,1
25857,1,Anne Kerr,1
25852,1,Agneta Klasson,1
16980,1,Jacinthe Richaud,44
12571,1,Thiago Camacho,71
16963,1,Margaret Moreno,138
18274,1,Annie Kapitan,85
18204,1,Johnny Robinson,24
18167,1,Guillaume de Longuemar,52
18157,1,Juliette Clinet,5
18347,1,Natasha Woloschuk,28
19787,1,Reetta Ranne,12
15884,1,Ken Cirimelli,18
15858,1,Alexandre Panazol,113
12410,1,Aleksandra Lukomska,114
12408,1,Carsten Schoettler,72
12395,1,Andrei Bereczki,59
12187,1,Tapani Hasa,25
12149,1,Mandy Tenly,9
12138,1,Galen Chen,82
12436,1,Crystal Smith,39
12116,1,Maria Ivanova,104
12034,1,Andrei Kasabutski,12
12028,1,Joe Wang,113
11975,1,Philip McDonald,31
11947,1,Susann Ewald,3
11892,1,Austin Sullivan,80
11855,1,Marie Phaneuf-Fourn,78
18255,1,Mark Medley,62
18315,1,Jeffrey Huynh,64
16925,1,Aleksey Artemiev,23
18394,1,Viktor Benks,2
17967,1,Jorg Entner,3
17941,1,Teemu Kankaanpaa,3
18108,1,Kelli Joseph,30
17933,1,Hanna Slapik,30
17836,1,Wiktoria Weimert,60
17824,1,Stefanie Motzokan,30
17766,1,Andres Ciccarelli,22
17733,1,Marlene Ouazana,20
17723,1,Renee Ulbinsky,24
17702,1,Isaiah Johnson,7
17894,1,Ross McCLeary,6
18754,1,Anna-Belle Jean,13
1811,1,Mark Cruz,7
18146,1,Simon Bowker,3
18705,1,Helene Ricordel,21
18590,1,Dewi Wibowo,19
18552,1,Mathilde Communier,29
18521,1,Leigh Yu,11
18506,1,Bethany Johnson,40
18470,1,Marsha Tsang,22
18137,1,Kathy Lachance,25
12090,1,Kathleen Warner,51
11791,1,Kwok-Chu Lo,4
12480,1,Elise Millard,31
12632,1,Morgane Even,10
10919,1,Diane Bartlett,15
10624,1,Hyejun Park,29
10570,1,Maria Elizarova,182
10565,1,Patrice Joly,34
10436,1,James Atwill,27
10195,1,Emmajane Larkin,8
10079,1,Konstantin Baranov,147
10071,1,Nghi Nguyen,43
10585,1,Paul Bishop,27
11698,1,Joe McEndree,44
10997,1,James Patrick,37
11052,1,David Mulford,127
11657,1,Crystal Guzman,60
11653,1,Maria Chang,21
11595,1,Basia Muz,94
11566,1,Andrea Partos,130
11554,1,Nicole Lahmann,36
11444,1,Daniela Fabian,33
11003,1,Darryn Solomon,53
11442,1,Leonie Rothers,103
11308,1,Julie Auclair,141
10629,1,Jung-Jin Choi,8
10728,1,Gaetan Grondin,50
10738,1,Danny Ireland,18
12993,1,Camille Bontems,25
13318,1,Lori Sammis,9
13297,1,Elena Shabanova,60
13262,1,Caroline Monterubio Skaar,106
13261,1,Catherine Larsen,2
13244,1,Maylin Morera,41
13181,1,Gilbert Raya,70
26402,1,Tristan McMullen,1
13120,1,Heidi Dezell,2
13029,1,Henry Thomas,61
12869,1,Zsolt Csajági,58
10751,1,Aleksey Vorotnikov,119
12863,1,Zsolt Lukács,10
12790,1,Wes Terning,14
12720,1,Abigail Vogels,125
13081,1,Eva Lenman,3
13338,1,Ed Preble,23
11778,1,Erin Frazier,66
11679,1,Vincent Mok,115
10914,1,Liz Ravdin,141
10825,1,Amanda Lavigne,32
17985,1,Chelsea Brown,4
18016,1,Anna Fini,20
18020,1,Alexis Bernard,41
16274,1,Angela Heinold,17
16219,1,Jenna Korver,28
16217,1,Ethan Preble,5
16186,1,Rebecca Menon,94
16184,1,Valérie Freund,89
16267,1,Miguel Abdala,28
16180,1,Roberto Fasiello,5
16096,1,Elizabeth Ferreira,119
16092,1,Aleksandr Mukhin,50
16026,1,Svetlana Kocheva,5
16025,1,Helen Lee,32
16010,1,Danielle Neal,53
15944,1,Ludovic Zannier,21
16112,1,Miranda le Rutte,5
16846,1,Andrew Adam,53
16270,1,Stephen Freeman,128
16279,1,Virginie Truchet,5
16783,1,Mira Choi,27
16771,1,Fabien Depraetre,53
16699,1,Joebert Rosal,18
16675,1,Jeff Ort,5
16663,1,Lucien Serton,22
16237,1,Sofia Volkova,24
16243,1,Laila Aarmo,22
16836,1,Cassandra Eberly,57
17483,1,Riitta Kosunen,7
17112,1,Maxim Zhukovich,62
16895,1,Leilani Long,21
17286,1,Gabriel Rondeau,8
17306,1,Andy Rakotoelison,12
17626,1,Daniel Matias,60
17572,1,Yevgeniya Akhmadeyeva,47
17568,1,Valentina Cipolla,23
17556,1,Hsueh Ming Qu,75
17509,1,Jewel Soiland,19
17296,1,Isabelle Bretesché,2
16856,1,Jaabel Lopez,10
17428,1,Elza Duarte,25
17389,1,Jean-Martin Albert,23
17381,1,Alexa Vitrac,27
17376,1,Gyorgy Kovacs,11
17365,1,Rhys Fallavollita,33
17321,1,Chris Rupp,140
17307,1,Marion Guillard,28
17411,1,John Cichon,63
17634,1,Camille Masson,17
16661,1,Jimmy Bourdin,24
16636,1,Tarnopol'skiy Sergey,19
18107,1,Heidi Paul,2
16407,1,Michael Schmutzer,17
18791,1,Jedediah Naples,5
19130,1,Gyucheol Jeong,13
19175,1,Shannon Ball,8
19764,1,Patrick Rudlang,57
19699,1,Munah Abdul-Rauf,4
19657,1,Vincent Van,24
19637,1,Stuart Jacob,9
19620,1,Erlend Søhoel,5
19518,1,Sarah Peddle,29
19134,1,Estelle Yeak,22
19476,1,Mattia Rossi,22
19446,1,Jenny Brown,26
19383,1,Tair Feinberg,36
19345,1,Eric Gingrow,21
19265,1,Madison Morris,80
19226,1,Glenn McCallum,47
19223,1,Heike Gollenia,12
19454,1,Lino Vierheilig,23
17677,1,Daniella Minetti,51
18786,1,Jack Mullin,16
18722,1,David Rudgers,25
18963,1,Austin Wenger,9
18824,1,Livia Thannabaur,25
18825,1,Evgeniya Luchyk,3
19123,1,Johanna Jonsson,19
16389,1,Melissa Smith,23
16365,1,Alyssa Schoeller,43
16363,1,Heather Husnik,41
16354,1,Angenette Napravnik,3
16343,1,Ori Ziv,40
16463,1,Michelle Mixon,5
15932,1,Yuk Fan Yen,33
17653,1,Eva Dage,30
17691,1,Peter Man-Un Ung,24
19110,1,Claudia Amaral,21
18833,1,Jaana Saarijärvi,32
19047,1,Samuel Schlesinger,18
19046,1,Nicolas Rael,36
19013,1,Kelly Nelson,19
18995,1,Nicole Heller,46
19128,1,Jun Heo,21
18967,1,Robert Przygoda,6
18957,1,Evelyne Bazier,22
18905,1,Abby Mark,31
18850,1,Liel Shimonv,53
26231,1,Ethan Weaver,1
25182,1,Tiree Macdonald,1
26391,1,Heike Ammen,1
25481,1,TJ Johnson,1
25501,1,Mezyndra Badsha,1
25577,1,Anna-Lena Sulewski,1
25516,1,Lilian Gaberial,1
25533,1,David McNurlin,1
25571,1,Tommi Murtola,2
25570,1,Kai Klotz,1
25563,1,Georgie Joy,1
25562,1,Jordan Wheeler,1
25561,1,Jay Daniell,1
25560,1,Lisa Barber,1
25517,1,Weng Dee Mok,1
25546,1,Angeline Pimentel,1
25544,1,Janelle Jenkins,1
25543,1,Stefanie Vasturo,1
25542,1,Stephanie McKinley,1
25536,1,Ezequiel Jacoby-Mirabal,1
25535,1,Daniel Fiandor,1
25534,1,Steve Manry,1
25545,1,Victoria Jackson,1
25674,1,Carina Biribauer,1
25234,1,Andrea Castellani,1
25480,1,Avery Mack,1
25487,1,Marisol Alidon,1
24833,1,Paul Forness,1
25488,1,Jessica Devine,1
25651,1,Ana Montilla Carrascosa,1
25646,1,Christian Lewis,1
25645,1,Daniel Olondriz Rosique,1
25644,1,Luis Tinoco Carreira,1
25643,1,Mario Diaz Arniella,1
25635,1,Julie Piller,1
25630,1,AJ Rosenberg,1
2565,1,Joy Ro,12
25475,1,Carly Wells,1
25578,1,Luzie Below,1
25572,1,Janine Schön,1
25514,1,Herlin Anis,1
25513,1,Victoria Hartinah,1
25512,1,Vijay Verma,1
25511,1,Yok Yee Cheong,1
25505,1,Lisa McMahon,1
25504,1,Aidan Mock,1
25515,1,Yung Wen Yeh,1
25502,1,Jonathan Taylor,1
25490,1,Babs Bunnie,1
25489,1,Katie St. Gelais,1
25223,1,Laura Vesely,1
24985,1,Jerome Nizon,1
24983,1,Alexis Leclerc,1
24982,1,Aymerick Lamarque,1
25007,1,Ekaterina Kosheleva,1
25006,1,Nikolay Neomenko,1
25005,1,Vladimir Sutkovoy,1
25004,1,Semen Lopashov,1
24995,1,Sammie Stagg,1
25014,1,Nadezhda Makova,1
25030,1,Jonathan Long,1
24948,1,Louise Simmonds,1
24945,1,Shweta Dalal,1
24879,1,Jacek Kaźmierczak,1
24867,1,Hayden Miller,1
24866,1,Drake Tetreault,1
24862,1,Yi Hsuan Tu,1
24861,1,Nya Chang Alloy,7
24860,1,Viktoriya Stetsyak,1
24881,1,Timme Bethe,1
24859,1,Sarah Cassidy,1
24849,1,Abigail Markel,1
24846,1,Austin Matsoff,1
24842,1,Millicent Jiang,2
24841,1,Curtis Peck,1
25008,1,Aleksandr Kuptsov,1
25015,1,Marina Murashkina,1
24993,1,Arina Nikitina,1
24957,1,Tim Gay,1
24976,1,Stefanie Shahan,1
24971,1,Coralie McEachron,1
24970,1,Lauren Zajac,1
24986,1,Gua Takeda,1
24969,1,Beth Stout,1
24967,1,Alexandra Garg,1
24961,1,Steve Fanthrop,1
24960,1,Dennis Brian,1
24959,1,Charles Jones,1
24952,1,Mark McCormack,1
25016,1,Darʹya Golikova,1
24968,1,Madeline Fennell,1
24949,1,Mieke Post,1
24992,1,Lauriane Quenoy,1
24994,1,Beatrice Bedouin,1
25029,1,David Kamayor,1
25023,1,Aleksey Zarubin,1
25022,1,Olga Zabolotnaya,1
25018,1,Ilona Bozhe,1
25017,1,Viktoriya Pshek,1
25627,1,Usha Braun,1
25652,1,Gaetane Taterode,1
25653,1,Miguel Piñeiro,1
25246,1,Alessandra Biondi,1
25437,1,Eva Schinagl,1
25403,1,Claude Pellen,1
25436,1,Katarina Klepec,1
25434,1,Nadja Halsegger,1
25433,1,Vesna Mirt,1
25432,1,Saša Klančar,1
25424,1,Marvin Kirchner,1
25423,1,Edwin Teiber,1
25416,1,Catherine Kiss,1
25435,1,Csenge Soti,1
25469,1,Patricia Geng,1
25347,1,Renee Korgood,1
25345,1,Jamie Dunnigan,1
25265,1,Chloé Boisson,1
25264,1,Aurélie Artaud,1
25258,1,Raphaëlle Jouannin,1
25257,1,Eric Bernier,1
25256,1,Florent Sithimolada,1
25255,1,Lucas Garin,1
25266,1,Olena Aleksyeva,1
25254,1,Bastien Arricca,1
25443,1,Dan Myers,1
25448,1,Guillermo Ceballos,1
25455,1,Tobi Hawkins,1
25364,1,Quinn Gariepy-Regan,1
11268,1,D'Leene DeBoer,96
25398,1,Lucile Espuche,1
25397,1,Juliette Lewandowski,1
25391,1,Mickaël Menu,1
25390,1,Visothi Mensoum,1
25389,1,Theo Le Peltier,1
25379,1,Michelle Schafer,1
25399,1,Patricia Fey-Desvallet,1
25377,1,Boba Lee,1
25363,1,Andrew Humphries-Micallef,1
25460,1,Elisha Ramstad,1
25362,1,Brittany Postnikoff,1
25361,1,Monika Kitor,1
25360,1,Maxine Mahood,1
25353,1,Charles Shih,1
25370,1,Leo Turoff,1
25348,1,Haili Peruccio,1
25400,1,Annaïg Mottin,1
25413,1,Yujin Lee,1
25461,1,Phillip Tran,1
25252,1,Quentin Fakailo,1
25244,1,Martina Burgwieser,1
25654,1,Ares Aguilar Sotos,1
25243,1,Luca Lazar,1
25620,1,Benedikt Schneider,1
25619,1,Mike Hitzhusen,1
25618,1,Nicolas Schmitt,1
25617,1,Christian Weinmann,1
25610,1,Elisa Blot,1
25609,1,Vera Karabliova,1
25621,1,Georg Rabenstein,1
25608,1,Caroline Sternsdorf,1
25601,1,Fredrik Kalderén,1
25599,1,Rémi Albert,1
25598,1,Kristian Toftegaard,1
25589,1,Valeria Leush,1
25586,1,Oleg Vorontsov,1
25583,1,Fighera Benedetta,1
25606,1,Helena Grandell,1
25581,1,Astrid Stadeler,1
25626,1,Alwina Kaiser,1
25628,1,Anja Deiser,1
25673,1,Renate Kohl,1
25672,1,Rachel Ku,1
25671,1,Verena Münzberger,1
25479,1,Dylan Baker,1
25471,1,Kat Jackson,1
25235,1,Matjaž Žganec,1
25328,1,Oshani Ratnayake,1
25242,1,Krisztina Ökrös,1
25236,1,Daniel Wagner,1
25253,1,Etienne Desmartin,1
25346,1,Michelle Lee,1
25267,1,Clotilde Bochet,1
25269,1,Diane Théet,1
25344,1,Shannon Carey,1
25339,1,William Zhang,1
25338,1,Eric Barolet,1
25323,1,David Tippett,1
25298,1,Marek Přibyl,1
25301,1,Marcin Kocaba,1
25268,1,Diane Verrier,1
25300,1,Patryk Okoński,1
25297,1,Mihail Zhestkov,1
25287,1,Elana Granston,1
25286,1,Shino Naka,1
25285,1,Joan Peeples,1
25279,1,Hudson Ritchie,1
25270,1,Patricia Krajcsik,1
24840,1,Emilie Abel,1
24853,1,Hillary Beard,1
26392,1,Marlene Seipp,1
26194,1,Emrik Albrechtsson,1
26206,1,Vyacheslav Korzhov,1
26229,1,Jack Prothero,1
26152,1,Isabel Jarama,1
26150,1,Bárbara Casas,1
26110,1,Guruprasad Rudresh,1
26104,1,Andy Cabell,1
26101,1,Riina Kaukonen,1
26100,1,Jere Manni,1
26099,1,Sanna Aarikka,1
26098,1,Karoliina Ahonen,1
26111,1,Vince Yap,1
26092,1,Severi Jääskeläinen,1
26090,1,Harri Pöyhönen,1
26089,1,Robin Renggli,1
26082,1,Lindsay Gardner,1
26081,1,Shelly White,1
26080,1,Kristine Chambers,1
26079,1,Semret Yibass,1
26091,1,Tuomo Kautto,1
26151,1,Mélody Lim,1
26112,1,Rachit Kant,1
26193,1,Oscar Lundin,1
26195,1,Hugo Scherwin,1
24947,1,Sarah Cable,1
26203,1,Sergey Avramenko,1
26169,1,Leanna Taylor,1
26167,1,Shannon Gerboth,1
26162,1,Isaac Talbert,1
26161,1,Austin Davoux,1
26160,1,Silvana Guiterrez,1
26159,1,John Washburn,1
26154,1,Michael Still,1
26168,1,Rebekah Wilhelmy,1
26153,1,Irina Angelucci,1
26188,1,Tira Blixt,1
26190,1,Lisa Eriksson,1
26218,1,Kristina Yakubova,1
26217,1,Irina Baskakova,1
26216,1,Aleksandra Smirnova,1
26215,1,Valentina Sergina,1
26214,1,Zoia Tepponen,1
26213,1,Taisiya Afanasyeva,1
26189,1,Janne Vik Lossius,1
26207,1,Aleksandr Kharitonov,1
26205,1,Vlad Zheludov,1
26204,1,Mikhail Kuznetsov,1
26114,1,Nirvan Gopalan-Krishnan,1
26149,1,Ana Docampo,1
26148,1,Anna Rio Carrillo,1
26147,1,Alba Iniesta,1
26353,1,Małgorzata Łukaszewska,1
26347,1,Konrad Walasek,1
26346,1,Matej Soumillion,1
26345,1,Henrik Berglund,1
26344,1,Wojciech Pludra,1
26355,1,Magda Marciszewska,1
26336,1,Lorena Reverendo Miguéns,1
26381,1,Pirmin Suter,1
26383,1,Bernd Kosmella,1
26442,1,Chris Spear,1
26437,1,Jessica McClure,1
26425,1,Hampus Ekstrand,1
26420,1,Alberto De la Cruz,1
26410,1,Isabelle Gardo,1
26404,1,Alex Bruce,1
26382,1,Philipp Moehrke,1
26403,1,Rick Leach,1
26401,1,Christian Larsen,1
26395,1,Christina Dischler,1
26394,1,Sophie Heinzelmann,1
26393,1,Clara Nies,1
26354,1,Nadja Kossmann,1
26356,1,Myroslava Hurniak,1
26380,1,Moritz Greiner,1
26121,1,Wiing Liu,1
26141,1,Denis Tastet,1
26140,1,Raphaël Guetta,1
26139,1,Patrick Neipp,1
26113,1,Wai Limn Leong,1
26138,1,Jaume Oller Graners,1
26125,1,R. Ferdiyana,1
26124,1,Natalya Stelmakh,1
26123,1,Xindy Chin,1
26122,1,Tatjana Rebesa,1
26120,1,Jina Kim,1
26357,1,Tatyana Pribolovets,1
26129,1,Mezyndra Badsha,1
26078,1,Liza Townsend,1
26230,1,Sarah Parikh,1
26232,1,Chance Thompson,1
26373,1,Jade Doherty,1
26367,1,Jonathan Mitchell,1
26365,1,Tricia Lish,1
26364,1,Kenzie Espinoza-Finch,1
26359,1,Wiktoria Dyjas,3
26187,1,Lina Schöning,1
26170,1,Nyah Gray,1
26173,1,Samuel Maycock,1
25202,1,Kim van den Berg,1
25165,1,Isabella Eichbauer,1
25161,1,Andreas Sommer,1
25170,1,Kim Zehnle,1
25160,1,Philipp Weichsel,1
25158,1,Jürgen Kopf,1
25157,1,Jonas Vierjahn,1
25150,1,Irina Klekovkina,1
25149,1,Syrine Ghannem,1
25148,1,Marie Theresa Jasser,1
25147,1,Vera Corte-Real,1
25159,1,Papick Garcia Taboada,1
25146,1,Christy Morgan,1
25171,1,Sophie Werner,1
25222,1,Mish Tam,1
25221,1,Clementine Zimnicki,1
25219,1,Mikayla Briggs,1
25213,1,Santiago Valencia-Northrup,1
25212,1,Dan Da Cunha,1
25211,1,Michael LeFew,1
25176,1,Shay Govan,1
25205,1,Alexandre Grandgeorge,1
25166,1,Sabrina Kühn,1
25167,1,Susanne Reimer,1
25168,1,Jessica Plura,1
24922,1,Pierre d'Anella,1
24882,1,Bjarne Sievers,1
24890,1,Sarah Scholl,1
24933,1,Jennifer Hacia,1
24932,1,Lidia Mazouni,1
24931,1,Leslie Febrissy,1
24930,1,Sandrine Cilia,1
24929,1,Karine Fouquet Paquignon,1
24928,1,Marie-Pauline Cassely,1
24889,1,Dorka Lendvai,1
24910,1,André Meier,1
25169,1,Luisa Böck,1
24907,1,Nicki Neyrey,1
24906,1,Maddie Brown,1
24900,1,Ben Ha,1
24894,1,Dóra Vallyon,1
24892,1,Ágota Bakos,1
24920,1,Quentin Robert,1
25233,1,István Sándor,1
25031,1,Graham Childs-Goodwin,1
25038,1,Kendall Boyd,1
25203,1,Yuliia Potrymai,1
25197,1,Frits Van De Water,1
26179,1,Nova Lexell,1
25196,1,Louis Spiljard,1
25133,1,Naomi Steele,1
25132,1,Em Kay,1
25131,1,Alex Carr,1
25130,1,Anita Thomson,1
25129,1,Catherine Leon,1
25123,1,Jackson Carter,1
25100,1,Markku Konttinen,1
25122,1,David Deephanphongs,1
25120,1,Joseph Flinn,1
25110,1,Hanne Karttunen,1
25109,1,Karoliina Paavilainen,1
25108,1,Meeri Karhinen,1
25107,1,Milla Alakuijala,1
25106,1,Mirjami Anttila,1
25121,1,Amanh Wu,1
25675,1,Julia Grasegger,1
25676,1,Matthias Kuca,1
25683,1,Marilou Suc,1
26186,1,Susanne Boija,1
26181,1,Göran Eriksson,1
26180,1,Magnus Persson,1
25101,1,Tommi Haapanen,1
25099,1,Pekka Arikoski,1
25141,1,Aleksander Staroverov,1
25078,1,Björn Ancker Persson,1
25188,1,Gordon Dang,1
25183,1,Cara Horisk,1
25204,1,Kathrin Birkemeyer,1
25037,1,Faith Vranes,1
25142,1,Miguel Angel Fernandez Sánchez,1
25140,1,Iaré Doval Caramés,1
25090,1,Savannah Rose,1
25086,1,Aldo Trejo,1
25083,1,Elly Fors,1
25067,1,Brid Dunne,1
25064,1,Annette Patterson,1
25066,1,Celine Graffin,1
25098,1,Elina Gröhn,1
25065,1,Jin Zhou,1
25058,1,Petar Saulic,1
25053,1,Mila Lewerenz,1
25048,1,Rosie Evans,1
25041,1,Ann Wallace,1
25040,1,Madison Foster,1
25039,1,Annika Bald,1
11282,1,Aleksandra Kravchenko,28
9977,1,Audrey Gazzotti,44
11259,1,Anne-Riina Hurskainen,64
27105,1,Utako Niimi,1
27157,1,Thomas Garland,1
26702,1,Steve Pudloski,1
27124,1,Kseniya Zverkova,1
27122,1,Aleksey Pavlov,1
27132,1,Alice McKeown,1
27133,1,Kristina Johansen Aikio,1
27117,1,Anas Davletgareev,1
27134,1,Maria Agathangelou,1
27135,1,Nina Hope,1
27136,1,Laurence De Clercq,1
26703,1,Prajak Khruasuwan,1
27114,1,Victor Lhuillier,1
27113,1,Lucie Guitton,1
27143,1,Ansel Riccio,1
27144,1,Jayson Neff,1
27145,1,Ryan Ifflander,1
26693,1,Meryem Karalioglu,1
26692,1,Mirka Hemmilä,1
26691,1,Eve Vaitkeviciute,1
27146,1,Zerek Johnson,1
26690,1,Eva Aalto,1
26709,1,Lina Daoudi,1
27176,1,Sandrine Arnoult,1
26658,1,Madi Fabber,1
27079,1,Stanislav Boboshko,1
27167,1,Steven Schmitz,1
27168,1,Nathaniel Shi,1
26683,1,Jonas Huelsmann,1
26682,1,Beat Zobrist,1
26681,1,Anna Makowiecka,1
27169,1,Steve Byerly,1
26680,1,Frédéric-Sebastian Walk,1
27094,1,Felix Hermouet,1
27101,1,Dean Wrobel,1
27175,1,Peri Navarro,1
27177,1,Allison Palmgren,1
26674,1,Margaret Camp,1
27178,1,Kate Browning,1
27179,1,Ha Tran,1
27089,1,Colleen Madden,1
27086,1,Katie Kitay,1
26712,1,Lehansa Gurugamage,1
26713,1,Manuela Powell,1
26714,1,Joshua Hillis,1
27082,1,James Kruczek,1
27080,1,Livia Alexandru,1
26689,1,Sanna Aikio,1
27108,1,Jess Vachet,1
27152,1,Kailey Kessler,1
27153,1,Misty Barry,1
27220,1,Allison DeWeese-Sund,1
27048,1,Jörgen Boija,1
27047,1,Mari Danielsen,1
27224,1,Anton Nikitin,1
26636,1,Katrin Weigert,1
26635,1,Octavia Ciora,1
26634,1,Carolin Steinegger,3
26633,1,Lucie Drahoňovská,1
27046,1,Stefan Risberg,1
26724,1,William Douglas Hartman,1
27060,1,Siri Wallentén,1
27207,1,Sharon Estafanous,1
26646,1,Michael Kohl,1
27187,1,Romain Barres,1
26665,1,Aaron Koch,1
27075,1,Krisztina Dabóczi,1
27074,1,Sabina Oleksy,1
26664,1,Lee Riches,1
26663,1,Alison Burgess,1
26662,1,Octavian Tofoleanu,1
27192,1,Odile Blondeau,1
27219,1,Carine Buxeraud,1
27218,1,Elisabet Renaut,1
27049,1,Fredrik Brodin,1
26644,1,Juanita Kurtin,1
27154,1,Ruby Knight,1
27155,1,Julie Waggoner,1
27156,1,Jade Fauquant,1
27078,1,Csenge Földvári-Nagy,1
27228,1,Dmitriy Kanev,1
27077,1,Nina Mutch,1
26666,1,Michael Diamond,1
27059,1,Emelie Lindkvist,1
26645,1,Gerald Eder,1
26643,1,Steve Lesrel,1
27054,1,Trine Risvik,1
27058,1,Linnéa Tärnström,1
27211,1,Claudia Vanessa Garcia,1
27057,1,Mercia Malan,1
27212,1,Lora Oblack,1
27213,1,Brandon Keeler,1
27056,1,Inessa Heimeshoff,1
27215,1,Scott Morrison,1
27055,1,Sara Ejnestrand,1
27209,1,Craig Mills,1
27099,1,Karen Geurts,1
27166,1,Christian Summerfruit,1
26711,1,Trinity Roberts,1
26556,1,Katie IIsley,1
27031,1,Lilysan Wijaya,1
27028,1,Ryan Lim,1
27254,1,Nicole Silhan,1
27025,1,Chloe Liu,1
27255,1,Cecilia Prado Ramirez,1
27005,1,Katarzyna Pustelnik,2
27045,1,Jonathan Bon,1
27288,1,Fabrice Pagès,1
26586,1,Si Hyun Lee,1
26564,1,Mar Mensah,1
5066,1,Ashley Smith,27
26978,1,Ferdinand Becherer,1
26977,1,Svenja Mansdotter,1
26976,1,Alessandra Bode,1
26974,1,Michaela Danetzky,1
5282,1,Chris Moy,70
26755,1,Marta Trzaska,1
5313,1,Susan Grupp,45
26973,1,Christina Arnolds,1
26559,1,Ruby Nicolson,1
26558,1,Chrissy Muyshondt,1
26615,1,Konstantin Chaikun,1
27251,1,Tony Cheang,1
27032,1,Ying Xuan Chua,1
27037,1,Laura Haims,1
27021,1,Aaron Chang,1
27256,1,Makena Loveland,1
27044,1,Jyri Maanpää,1
27234,1,Moritz Müller,1
26627,1,Irene Papst,1
27235,1,Otto Hanski,1
27236,1,Sebastjan Pretnar,1
27038,1,Sharon Lee,1
26727,1,Demi Nichoalds,1
27242,1,Aliaksandra Kliuchko,1
26617,1,Yevgeniy Perfilyev,1
26624,1,Roberta Welling,1
26623,1,Alister Parsons,1
26622,1,Sabrina Barra,1
27243,1,Aneta Biel,1
27244,1,Lilja Riedel,1
27245,1,Thorey Maria Mariusdottir,1
27246,1,Ida Maruotto,1
27034,1,Ethan Labowe,1
26618,1,Valentin Figol,1
26982,1,Alex Deutschmann,1
5486,1,Yvonne Dodson,75
26710,1,Sophia Yang,1
26555,1,Allison Barry,1
2959,1,Jack Armstrong,2
26998,1,Roy Wexler,1
26997,1,Radoslaw Gierwialo,1
3394,1,Dee Barron,29
3677,1,Michael Ruby,25
26996,1,Przemysław Kuryłło,1
26995,1,Anna Borys,1
3827,1,Annmarie Marker,321
26575,1,Andrew Crossland,1
3967,1,Catherine Cogut,110
26994,1,Krzysztof Bartkowiak,1
421,1,Rob Ingenthron,141
4271,1,Linda Leverock,62
26989,1,Kerstin Batschak,1
26988,1,Patrizia Altenburger,1
26987,1,Cornelia Enz,1
26986,1,Elena Kirchgessner,1
27291,1,Anne-Lise Vinet,1
26545,1,Sarah Finer,1
27229,1,Andrey Popov,1
27227,1,Yuliya Kuznetsova,1
2742,1,Charles Williams,41
26743,1,Lorraine Laudrum,1
27294,1,Kim-Anne Pham,1
26548,1,Chad Eaton,1
26756,1,Ellen Nilsen,1
26757,1,Ida Stensson,1
26758,1,Camilla Nilsson,1
26762,1,Kenneth Lisbjerg Jensen,1
26967,1,Viktor Betke,1
26552,1,Courtney Mausling,1
26966,1,Melvin Paetzold,1
26965,1,Sebastian Stolz,1
26964,1,Max Eckel,1
26972,1,Xheni Vogli,1
26742,1,Lexie Papaspyrou,1
26701,1,Jose Dominic,1
26568,1,Aurore Girardet,1
26750,1,Anders Björklund,1
26585,1,Ayumi Ishiguro,1
26740,1,Shree Desai,1
27293,1,Michael De San Féliciano,1
26741,1,Jackie Braggs,1
26584,1,Natsuko Yamamoto,1
26580,1,Yerin Cha,1
27193,1,Margaux Meulnart,1
26656,1,Christina Leeb,1
26597,1,Brooks Testerman,1
9555,1,Jon Andre Haugen,70
7923,1,Judalyn Weeks,32
8664,1,Nomer Dumanon,71
26935,1,Mia Reed,1
26941,1,Joshua Kozlowski,1
26940,1,Jorge Alvarez,1
26529,1,Skitter McConkie,1
6804,1,Benjamin Clemons,119
7914,1,Carrie Smith,1
26934,1,Heather Whim,1
26932,1,Joe Akrabowon,1
26931,1,Anton Bogatirev,1
26773,1,Siri Stokkebekk,1
26930,1,Rosemary Garry,1
26774,1,Monica Svenningsen,1
26775,1,Hilde Elise Helgesen,1
6946,1,Stephane Dominguez,170
26776,1,Jeanett Wesstøl,1
26929,1,Chris Prasad,1
7011,1,Zo Carroll,29
7227,1,Wesley Brown,227
7252,1,Agnieszka Maslanka,170
9581,1,Peter Raynov,25
26456,1,Amanda Brady,1
27069,1,Arnold Németh,1
26457,1,Debra Mignola,1
9580,1,Cara Kwan,60
26804,1,Nick Manzo,1
9309,1,Karla Anita Catana,248
26469,1,Ralitsa Markova,1
9342,1,Laura Vanderwoude,51
26853,1,Martine Laniel,1
9373,1,Kyle King,6
26852,1,Alexandre George,1
9495,1,Elena Nazarova,27
26851,1,River Pyne,1
26850,1,Alice Rolf,1
26807,1,Laura Manzo,1
26808,1,Trang Tran,1
9521,1,Daria Komkina,138
26463,1,Vladimir Hristov,1
26845,1,Torre Viola,1
26844,1,Danielle Harris,1
9538,1,Henry Hwi,59
26841,1,Teniele Gabriel,1
9551,1,Marjorie Bertrand,55
26840,1,Monique Thepkaisone,1
26923,1,Sophie Crespo,1
7305,1,Roberto Corporan,285
26922,1,Audrey Bender,1
26778,1,Ole-Kristian Bendiksen,1
26948,1,Schuler Kleinfelter,1
6578,1,Fabienne Easton,95
26530,1,James Jimenez,1
26943,1,Jason Magafas,1
6693,1,Rene Arreola,73
26919,1,Alix Desagnat,1
26700,1,Chris Huff,1
7464,1,Gabrielle Williams,15
26905,1,Briana Cologna,1
7880,1,Ekow Oduro,125
26785,1,Chris Elder,1
7841,1,Goga Fortin,79
7836,1,Tien Khieu,270
26784,1,Raven Dupree,1
26910,1,Dominique Guyonnet,1
7657,1,Christina Crevier,36
26911,1,Philippe Van den Abbeele,1
26912,1,Vincent Moriceau,1
26913,1,Youri Noel,1
26914,1,Bart Van Mulders,1
7809,1,Karine Garin Zivanovic,36
26535,1,Morgan Germann,1
26949,1,Ingrid Bloom,1
6436,1,Peter Fradley,146
6048,1,Michael Shibasaki,63
26921,1,Jennylee Coupin,1
6753,1,Miguel Martinez,44
26920,1,Charline Servais,1
6745,1,Nikki Olson,16
26942,1,Stephanie Vos,1
26543,1,Alea Clark,1
26542,1,Amber Ballard,1
26541,1,Gosia Hoot,1
26962,1,Daniel Reuter,1
6049,1,Sara Raymond,14
26950,1,Elizabeth Mehringer,1
6095,1,Elaine Morgan,21
26957,1,Jan Burgard,1
26954,1,Mitchell Schaefer,1
26952,1,Ali Daniels,1
26951,1,Claire Desautels,1
26763,1,Eirik Berge,1
26764,1,Anders Gliddi,1
26765,1,Johan Ekorn,1
26766,1,Bjørn Henrik Fossum,1
26836,1,Swee McD,1
26802,1,Hideno Kiba,1
26455,1,Maria Kelly,1
26786,1,Nathaniel Payne,1
26489,1,Ava Lowell,11
9048,1,Carol Lanzillo,24
26871,1,Elton Wadlow,1
9070,1,Ben O'Neal,251
9093,1,Mike Schrimshaw,65
26798,1,Coby Giese,1
26870,1,Mikhail Sushchik,1
26800,1,Talyan Wright,1
9100,1,Lana Hannah,31
26801,1,Bailey Fritz,1
26869,1,David Shackelford,1
26480,1,Basil Stein,1
26861,1,Brenda Cowell,1
26860,1,Carine McCrae Boily,1
26475,1,Oana Luca,1
26859,1,Heather Marshall,1
26858,1,Daniella Reid,1
9237,1,Vinh Mines,31
8725,1,Thomas Bachmann,111
26472,1,Tatyana Genadieva,1
26794,1,Casia Siegel,1
26490,1,Kathryn Pearson,1
9046,1,Jesse Fatherree,11
9040,1,Richard Chung,109
27065,1,Wiktor Kolodziej,1
27196,1,Karnes McCarrick,1
27068,1,Balázs Ferencz,1
27067,1,Mike Ádám,1
26655,1,Ursula Buergerhausen,1
26654,1,Cecile Cronau,1
26653,1,Sonja Hoschek,1
26652,1,Barbara Marckhgott,1
27066,1,Daniela Schuster,1
26821,1,Natalia Kaczuba,1
27202,1,Kendra King,1
26795,1,Amity McGinnis,1
27203,1,Isabelle Wolansky,1
27204,1,Natalia Ford,1
27205,1,Bella Belarmino,1
27206,1,Susan Janik,1
27076,1,Lilla Pintér,1
26544,1,Coral Abel,1
4964,1,Michael Guzman,42
26963,1,Frank Becker,1
8783,1,Tom Levesque,2
8681,1,Guy Hughes,34
26511,1,Monica Wahl,1
9984,1,Steve Rogers,7
26787,1,Corbin Canfield,1
9664,1,Aleksander Vidackovic,28
9731,1,Alexander Mikitin,49
9805,1,Jeff Huang,9
9850,1,Dani Cosford,77
26454,1,Michael W. Smith,1
9871,1,Richard Urveczki,31
26831,1,Joshua Collis,1
9873,1,Adrian Keller,26
26813,1,Luca Tanno,1
9891,1,László Tárkányi,191
26814,1,Alice Donatone,1
26815,1,Mirko Raffo,1
9903,1,Wendy Green,22
9912,1,Stephanie Brown,24
9934,1,Victor Hernandez,153
9944,1,Endre Aas,17
26826,1,Marie Hacker,1
26825,1,Daniela Multari,1
26824,1,Anna Walkowska,1
26823,1,Roberta Consoli,1
26822,1,Claudia Mattei,1
26470,1,Karin Gneush,1
26471,1,Evelin Bell,1
26902,1,Jack Meyers,1
26507,1,Christopher Ling,1
8099,1,Lisa Picard,322
8163,1,Scott Mehlberg,100
26510,1,Kerry Jones,1
8177,1,Irina Puzanova,253
26897,1,Hanna Lu,1
26896,1,Elise Eaton,1
26891,1,Daniel Turner,1
26890,1,Shay Govan,1
26508,1,Ravikiran Kawade,1
8472,1,Jenna Shimek,251
26793,1,Kyla Sullivan,1
26881,1,Patricia Levi,1
26880,1,Edison Lee,1
26879,1,Julia Zhao,1
26877,1,Kya Solorio,1
26503,1,Leo Minamoto,1
8630,1,Joni Rivera,54
26501,1,Megan Cunningham,1
26500,1,Lakshanyaa Kannan,1
8631,1,Thomas Carter,289
27018,1,Katie Kostrzewski,1
27006,1,Marta Kuźlak,1
11236,1,Nicola Guderley,52
22821,1,David Richey,4
22795,1,Matthew Gerszewski,21
22782,1,Brittany Richardson,2
22766,1,Jose Cuadra,18
22667,1,Guy Lescalier,2
22822,1,Jarvin Garcia,19
23345,1,Adrien Tardieu,4
23060,1,Trey Cobb,26
23121,1,Gregory Hultgren,2
23315,1,Morgan Kavanagh,4
23306,1,Michelle Kampherbeek,2
23284,1,Karli Fulford,9
23263,1,Ryan C McDaniel,2
23257,1,Zoe Osborn,4
23237,1,Bryanei Geesaman,5
23111,1,Eva Guillemot,2
23220,1,Wyatt Suit,2
23202,1,Justyna Pietrzak,4
23174,1,Arianna Gehling,34
23173,1,Ramona Morales,12
23165,1,Karina Kavanagh,28
23136,1,Anjali Datta,4
22797,1,Alyssa Turner,45
22826,1,Emerson Hamlin,3
24077,1,Yana Polonsky,2
22973,1,Claire Naveh,3
23842,1,Polina Danshina,3
23840,1,Nadezhda Tarantina,5
23811,1,Jone Lam,29
23693,1,Marcus Müller,7
23790,1,David Ritter,5
23765,1,Muhibus Chaudhury,6
23747,1,Iva Bevc,2
23741,1,Anna Sikora,9
23735,1,Lukasz Mandla,3
23725,1,Angela McCluskey,2
23716,1,Brad Rosen,2
23779,1,Sergey Yepifantsev,3
23896,1,Anna Suchanska,2
23358,1,Cailan Jackson,3
23332,1,Kim Yuri,5
22965,1,Irène Rossignol,11
22950,1,Anna Csaki,2
22937,1,Jordan Tait,3
22884,1,Piper Karren,23
22849,1,Tiffany Castelitz,2
22844,1,Cole Enger,18
23122,1,Lucie Sitarová,11
23218,1,Gil Aromas,3
22649,1,Agata Szczechura,1
23932,1,Nadine Jerratsch,3
24808,1,Maggie Polsen,2
24758,1,Lauriane Moy,7
24807,1,Brandy Gottlieb,1
24799,1,Miles Leonard-Albert,1
24791,1,Becky Rose Grinwald,1
24789,1,Siri Cusimano,1
24788,1,Lauralyn Hickman,1
24787,1,Morgan Blevins,1
24781,1,Shasta Bryant,1
24804,1,Barbara Marquette,1
23944,1,Emma Hütter,2
24551,1,Zhixiang Zhang,2
24490,1,Camille Déprés,4
24183,1,Lennart Klein,3
24178,1,Emily Rogers,4
24166,1,Erin Gatland,5
24163,1,Safronova Victoria,3
24148,1,Kelly Spradlin,2
24115,1,Dan Nguyen,5
24186,1,Yaron Pnueli,2
24107,1,Nia Davis,15
24813,1,Yannic Antons,1
24814,1,Pascal Riesinger,1
24820,1,Gabi Bannert,1
24602,1,Charles Koll,9
23957,1,Joe Laffoon,3
24730,1,Galka Glazkova,2
24704,1,Anastasiia Us,2
24688,1,Damaris Holmes,2
24650,1,Borbála Roza,2
24630,1,Jonathan De La Cruz,13
24626,1,Claudia Sanchez De Movellan,7
24731,1,Julie Valbjørn,3
24608,1,Quinn Smith,11
24597,1,Holly Gillett,7
24822,1,Simona Ascher,1
24595,1,Thomas Goodwin,2
24583,1,Sophie Wieckowski,5
24579,1,Grethe Markussen,2
24576,1,Victoria Richardson,5
24605,1,Steve Danylchuk,2
24565,1,Todd Marles,2
24747,1,Christin Roßbach,7
24772,1,Isidora Janeva,1
24823,1,Pauline Prokschi,1
23847,1,Trent Blayney,11
23866,1,Peter Chadri,4
23892,1,Michelle Juler,2
13636,1,Frank Moda,104
15777,1,Amanda Morrison,113
15714,1,Amy Hoe,18
15705,1,Liubov Vasileva,11
15635,1,Gwen Young,25
15598,1,Chris Wasko,120
15302,1,Quentin Gouchet,29
15560,1,Paul Volf,6
15525,1,Paul Gouy,37
15446,1,Mandy Williams,25
15444,1,Lecie Langille,100
15358,1,Aaron Farance,40
15347,1,Jacob Ebelhar,19
15331,1,Mark Clark,16
15548,1,Brian Larsen,71
13394,1,Jennifer Cox,12
14518,1,Katie Wright,20
14495,1,Alexandre Arrieche,17
13831,1,Ray Thompson,21
13822,1,Michael Milgrom,131
13734,1,Natalia Petrova,10
13692,1,Charles Michel-Levy,23
15821,1,Tomas Kubik,27
15313,1,Lea Dannenmuller,34
15296,1,Kathleen Sun,119
14924,1,Sharon Matchett,30
11233,1,Adam Crewe,11
11421,1,Gerald Reschner,7
15859,1,Armand Buisson,141
13357,1,Antoine Duvocelle,103
13401,1,Jessica Wolf,40
15154,1,Christopher Piffel,115
15070,1,Pauline Alva,39
15022,1,Sarah Rempel,69
14953,1,Beth Calverley,44
14898,1,Ben Dichter,33
14545,1,David Collins,14
15185,1,Emma Muller,69
14875,1,Lola Cohensashley,98
14806,1,Allaine Dela Cruz,7
14784,1,Deborah Moroder,28
14780,1,Leah Ogle,9
14768,1,Daniel Shirtz,67
14723,1,Ken French,6
14551,1,Greer McNally,10
14811,1,Mara Flores,138
13671,1,Natasha Davies,54
13900,1,Jacob Correa,54
23698,1,Christian Bes,2
13625,1,Jarrett Lambert,19
14296,1,Sanjay Garg,39
19795,1,Marcelle Wheeler,2
19813,1,Mélanie Sylvestre,24
19830,1,Jessica Sweeney,20
23657,1,Dennis John,2
23656,1,Alexander Herrmann,8
23650,1,Vera Nischalke,2
23632,1,Adrianne Ziarkowski,11
23608,1,Amanda Langworthy,21
23607,1,Riley Goegan,40
23670,1,Cody Hamilton,3
23582,1,Róbert Szűcs,2
23570,1,Leah Gatica,10
23539,1,Michael Mullins,2
23533,1,Josiah Moran,4
23531,1,Sarah Silva,2
23487,1,Sagara Michiro,19
23454,1,Anna Vladi,2
23573,1,Annalise Harm,2
23424,1,Justin Spears,3
23692,1,Lisa Dalrymple,11
14079,1,Paul Feitz,3
14203,1,Irina Popovichenko,126
14214,1,Jonathan Brownlee,19
14049,1,Joshu Creel,141
13616,1,Ekaterina Meleshko,41
13594,1,Matt Cox,25
13557,1,Allison Pittman,56
13502,1,Marcin Kuzlak,3
13500,1,Jakub Szwiec,57
13403,1,Olivia Reiser,36
13622,1,Azat Khalimov,18
14501,1,Timothy Wilson,5
13911,1,Adam Averbuch,10
14471,1,Kendall Mountford,22
14248,1,Bert Martin,22
14455,1,Santolina Savannet,130
14453,1,Maik Schumann,31
14432,1,Niclas Schweitzer,50
14350,1,Shawn Specht,13
14314,1,Vaarnan Drolia,7
14032,1,Phillip McGhan,22
14312,1,Nikodem Karbowy,142
14254,1,Jean Pierre Troclez,9
14250,1,Naomi Skee,22
24078,1,Roberto Cabero,2
24076,1,Laura Bailey,3
26739,1,Shelley Cook,1
22457,1,Asim Waheed,3
22402,1,Miriam Zedníčková,4
22367,1,Kanae Kuba,22
22357,1,Irene Murphy,3
22249,1,Ashley Boomershine,65
22234,1,Natalia Benke,47
22454,1,Andrew Balmer,6
21895,1,Emerald Burcham,20
21885,1,Claudia Steinke,2
21845,1,Richard Lefebvre,7
21416,1,Shelby Noeth,5
21380,1,Yuliya Prokopyeva,20
21359,1,Toan Trinh,17
21328,1,Fanny Desert,25
21229,1,Balint Andras Barta,19
21217,1,Yevgeniy Lishtovnyy,20
21418,1,Gwen Smith,61
21215,1,Murat Baychorov,2
21174,1,Regina Balogh,36
21171,1,Domonkos Petky,28
21164,1,Yvonnic Moisy Mabille,24
21142,1,Kristen Quiroga,14
22403,1,Uwe Schaffner,11
22215,1,Karen Workman,4
24070,1,Tatia Dumbadze,19
22462,1,Katrina Kunker,5
22145,1,Kamil Stepin,5
22139,1,Maretta Morovitz,9
22104,1,Mona Oßwald,10
22083,1,Sarah Kwok,19
22183,1,Yelena Malorosiyantseva,3
22081,1,Clarice Jena Luo,24
22055,1,Marlene Åslund,18
22042,1,Polina Gerasimenko,19
22034,1,Grigoriy Kochnev,13
21988,1,Max Kargbo,81
21984,1,Sam Pollard,28
21979,1,Carlie Liebrum,24
22075,1,Imaan Taghavi,51
21973,1,Terrell Ibanez,8
22200,1,James Wilder,6
22220,1,Kathleen Cole,16
22571,1,Anastasiya Adamova,17
22570,1,Ilia Zalivako,4
22539,1,Amanda Storey,15
22489,1,Blake Bedford-Palmer,4
22465,1,Katherine Newell,5
21135,1,Tommy Daquin,4
21131,1,Maxime Thauvin,20
21183,1,Trond Anders Bjerkli,19
21438,1,Sandra Liljeqvist,3
27261,1,Aneta Mista,1
27264,1,Mareike Tredup,1
26604,1,Elizabeth Bredice,1
27266,1,Franziska Görlitz,1
27016,1,Michael Hosale,1
27015,1,Robin King,1
27270,1,Pawel Rudnicki,1
27271,1,Piotr Pieda,1
27277,1,Barbara Zając,1
26608,1,Lauren Coleman,1
26598,1,Matthew Stuffel,1
26596,1,Luke McGregor,1
26595,1,Michael-Paul James,1
27278,1,Agata Wichowska,1
27012,1,Ethan Alexander,1
27279,1,Maja Kuźniarska,1
27280,1,Anna Cyrys,1
27281,1,Katarzyna Wyszomirska,1
27282,1,Sarai Oppenheimer,1
27283,1,Paulina Czwalga,1
27007,1,Hanna Bieżyńska,1
26605,1,Erika Reyes,1
26606,1,Ingrid Swanson,1
26607,1,Lilliana Simpson,2
21675,1,Mike Cahill,19
21458,1,Rachel Gross,4
21487,1,Laura Avila,19
21812,1,Maja Asic,7
21796,1,Patty Jo Yanello,42
21790,1,Ryan Toll,5
21760,1,Shane Belau,29
21739,1,Meirav Segev,22
21725,1,Victoria Felldin,34
21715,1,Piyi See,20
21659,1,Miyeon Yoo,7
26820,1,Benedetta Carocci,1
21636,1,Destiny Gweh,4
21602,1,Alexander Schelchshorn,7
21585,1,Krista Cummins,23
21558,1,Konrad Kalita,2
21555,1,Marta Kapuściak,5
21554,1,Bea Veronezi,73
24825,1,Erika Simonato,7
26447,1,Kayla Ferrara,1
10030,1,Angelique Boully,40
22151,1,Emma Exinge,6
22165,1,Gregory Niguidula,2
21107,1,Taylor Holland,17
20995,1,Lauren Douglas,29
20731,1,Lisa Whittle,11
20722,1,Inga Usoltseva,16
20695,1,Justin Tadlock,68
20692,1,Helena Shi,47
20657,1,Eli Webb,49
20648,1,Jasmine Crane,35
20737,1,Harish Sidanmat,4
20640,1,Valerie Higgins,42
20616,1,Lukasz Borys,20
20602,1,Annalena Peter,64
20584,1,Robert Hoppe,2
20582,1,Michael Oeser,36
20572,1,Olivia Wenke De Castilho Quixada,1
20571,1,Mattéo Bernardi,1
20631,1,Karolina Kosecka,2
20540,1,Jenny Lindensparr,8
20788,1,Maksim Rodionov,2
20802,1,Charissa Prince-Ferdinand,7
21045,1,Seth White,22
21038,1,Heather Loghry,52
21030,1,Damon Cooper,27
22596,1,Jennifer Gorce,10
22636,1,Bekah Vance,34
22638,1,Florian Ransford,5
24410,1,Annika Petersen,5
23993,1,Clement Darfeuille,5
23979,1,Rickard Ambros,2
24105,1,Porter Thomas,2
24538,1,Sylvia Gäckle,2
24215,1,Jenni Rajanen,9
24235,1,Rachel Lucas,11
24465,1,Colin Graeme,9
24434,1,Adam Miloch,12
24418,1,Elisabeth Bosch,5
24398,1,Kate Samol,4
24362,1,Hanna Müller,3
24368,1,Ute Thust,2
24224,1,Ivo Azirjans,2
24365,1,Magdalena Holz,2
24350,1,Mirac M. Atmaca,9
24340,1,Lindsay Clark,7
24318,1,Anne Ingerberg,5
24315,1,Ngoc Duc Anh Pham,2
24281,1,Nicholas Plotts,9
10039,1,Jennifer Molle,51
20997,1,Kamil Kurus,11
20987,1,Michaela Podmanicka,51
21105,1,Cassidy Wiedman,4
20795,1,Hussain Jaffery,27
19851,1,Amy Finder,18
19985,1,Alëna Kozlova,50
20525,1,Cali Russell,23
20146,1,Mateusz Piestrak,23
20180,1,Cynthia Morelle,32
20487,1,Pauline Blanc,4
20481,1,Alexus Munn,57
20476,1,Devin Wilson,119
20460,1,Chase Yandell,21
20449,1,Nick Hoffman,55
20444,1,David Bal,2
20177,1,Anaelle Braine,24
20372,1,Christian Kranzlein,2
20305,1,Kateryna Rybkina,27
20278,1,Ronald Hohenberger,36
20266,1,McKenzie Butcher,20
20259,1,Rachel Bowlby,171
20203,1,Typhanie Moiny,22
20186,1,Joe Mendence,123
20310,1,Edgar Acosta,11
21049,1,Charity Brain,60
19858,1,Mayya Zhitkova,7
19896,1,Delphine Zein,65
19905,1,Anjelika Thwaites,31
20530,1,Rick Kindt,12
20985,1,Laurane Favre,26
20934,1,Kevin Hyde,4
20930,1,Janice Spike-Porter,13
20908,1,Kevon Lindenberg,2
20883,1,Gaëtan Bretin,29
20857,1,Angela Peltier,15
20814,1,Megan Landau,19
20955,1,Teresa Flowers,3
21047,1,Michael Roberge,21
20511,1,Juan Aguirre,188
19906,1,Alessandra Oliva,26
20123,1,Jen YZ Ang,23
20120,1,Floriane Robert,53
20085,1,Amanda Vasquez,54
20053,1,Caroline Paige,143
20025,1,Kalinda Pride,47
19999,1,Larisa Masterova,33
20136,1,Shane Russell,55
19986,1,Pavel Lipatov,47
19910,1,James Kao,2
24263,1,Rie Shinagawa,2
