dancer_id,events_2025,events_total,dancer_name
14487,23,39,Kristen Wallace
20700,21,32,Mackenzie Keister
11759,21,38,Sebastian Quinones
17182,20,31,Noelle Hoeppner
20512,20,39,Keerigan Rudd
12417,19,33,Joseph Tong
11629,19,31,Igor Pitangui
22890,19,22,Mathias Mendillo
13295,18,35,Joshua Schubert
8344,17,33,Zachary Skinner
17737,17,22,Shayla Bouise
17340,16,28,Stefanie Tschom
22004,16,35,Trenten Jackson
21515,16,23,Camille Picano
10672,16,37,Thibault Ramirez
20974,16,19,Dario Haxhia
14186,16,32,Aymeline Felmy
18932,16,22,Florian Hamm
23919,16,18,Alvaro Hilario Garcia
22932,16,24,Tatiana Doldonova
8282,15,26,Sharon Her
15581,15,27,Attila Kobori
18652,15,18,Eduardo Nunez
22414,15,20,Hanna Junk
9363,15,39,Bryn Anderson
20832,15,28,Christina Landowski
12424,15,40,Mia Pastor
11262,15,41,Anna Wallace
6207,15,44,Nicole Ramirez
16369,14,30,Branden Strong
17955,14,24,Sebastian Gerwald
13528,14,29,Haley Hauglum
9062,14,29,Mathieu Compagnon
10719,14,28,Elizabeth Spann
12089,14,44,Fernanda Dubiel
12842,14,30,Sam Vaden
11267,14,38,Za Thomaier
17954,13,24,Tobias Gerwald
22161,13,25,Brandon Julian
9140,13,26,Maddy Skinner
13962,13,31,Philippe Amar
20920,13,18,Brittany Richardson
24792,13,13,Red Elghazi
11491,13,33,Brooklyn Lanham
18516,13,29,Neil Joshi
17630,13,25,Arantxa Lebon
15530,12,35,Alexandra Branco
23436,12,14,Jasmine Morrison
9806,12,35,Hannah Guttman
14098,12,21,Jeffrey Wingo
19817,12,16,Fabio Zanardelli
21685,12,20,Vicky Vasiliauskaite
12638,12,40,Ken Rutland
12183,12,35,Maria Bileychik
20835,12,21,Ngoc Anh Walter
8123,12,33,Margaret Tuttle
13036,12,22,Christine Medin
23163,12,16,Courtney Mejias
21146,12,17,Elise Renwick
22227,12,12,Daniel Curl
16075,12,16,Michael Hassey
23546,12,15,Gaby Sandoval
14601,12,28,Jaden Pfeiffer
6581,12,43,Alyssa McKeever
24909,12,13,Gabe Ofordu
22160,12,26,Corinne Smith
17254,11,33,Vanessa Bachmann
22169,11,19,Bethany DeGraff
22376,11,14,Ryan Osbourn
21136,11,12,Charlie Fournier
17823,11,21,Raphael Krauthann
17257,11,34,Charline Grossard
7258,11,34,Sheven Kekoolani
18215,11,20,Fran Vidal
10273,11,20,Savana Barreau
20209,11,18,Alexander Nguyen
18560,11,11,Aless Tondolo
15201,11,42,Jula Palenga
14489,11,30,Rachel Shook
20187,11,25,Chaz Frankenberry
13957,11,31,John Carrez
21494,11,19,Daniel Cruz
13110,11,29,Allan Thivoz
16722,11,14,Alexa Partos
19409,10,22,Elizabeth Wyke
15713,10,26,Clement Turpain
23256,10,14,Tom Teramoto
22270,10,15,Marylou Durandeau
20137,10,13,Duane Erwin
21486,10,17,Andrea Gomez
11197,10,36,Ekaterina Wolff
6236,10,31,Heejung Jung
23427,10,13,Hannah Ginsburg
23435,10,13,Easton England
23245,10,18,Macie Sandlin
21403,10,19,Irène Bivas
3125,10,50,Ben Morris
18091,10,21,Marie-Pascale Cote
20652,10,19,Scott Goodhart
11649,10,28,Lindsay Mistretta
764,10,31,Robert Royston
24278,10,12,Nicole Bruner
12273,10,28,Dillon Luther
7592,10,42,Marina Motronenko
11819,10,24,Dianeva Poirson
11874,10,33,Miquel Menendez
19457,10,24,Lotte Meier
13589,10,34,Alejandro Hernandez
14563,10,42,Leo Lorenzo
23543,10,10,Benton Hoskison
25472,10,10,Keith Lewis
25755,10,11,Willow Vander Kooi
18647,10,21,Janie Deroche
21723,10,11,Ida Marie Strand
10713,10,17,Aleksandra Radziejewska
17407,10,17,Annamaria Mezei
10291,10,20,Jerome Tangha
23308,10,11,Fabian Thumshirn
16485,10,29,Omar Gonzalez
21879,10,16,Muriel Guthoff
16839,9,19,Eliot Heinrich
23189,9,13,Rafał Jasionkowski
22573,9,9,Marina Kondrateva
22266,9,14,Kainoa Archer
12389,9,22,Lucio Ughi
9529,9,24,Elena Kotelnikova
22595,9,13,Steven Zarate
19443,9,13,Grainne Farrell
22435,9,13,John Brezinski
22209,9,17,Mae Rowlett
22878,9,12,Egan Anselmo
9888,9,33,Nataliya Kane
13114,9,20,Garrett Thompson
22691,9,12,Ellis Permann
4033,9,36,Lara Deni
21676,9,13,Fiore Marra
20719,9,15,Anastasiya Yuzhakova
15645,9,21,Thomas Devereux
10440,9,46,Daniel Pavlov
19672,9,13,Rish Rastogi
21836,9,13,Christa Farmer
24514,9,9,William McGregor
20300,9,16,Joscha Brick
18448,9,29,Estelle Chardonnens
22171,9,10,Daniella Robichaud
11058,9,27,Rosemary Whitson
21133,9,18,Teddy Sanchez
24516,9,10,Una Kacavenda
7202,9,29,Janelle Guido
23877,9,10,Agnieszka Lidke
20826,9,15,Miles Van de Wetering
11162,9,27,Maina Vila Cobarsi
21888,9,13,Michael Kuss
19302,9,18,Charlotte Forster
24798,9,9,Tyler O’Rear
21286,9,24,Kayla Coghlan
20304,9,17,Lea Hörner
17831,9,16,Christoph Steinmaier
15280,9,18,Chloe Winzar
16905,9,25,Alec Grant
19774,9,21,Remi Khansa
21287,9,14,Abigail Roach
23480,9,16,Andrei Bires
20185,9,17,Jackie Van Ooteghem
21313,9,12,Mara Titz
19245,8,14,Hannah Bonaguide
24621,8,9,Julien Espagnet
7124,8,41,Aidan Keith Hynes
23974,8,8,Kyra Peters
23973,8,10,Heather Sabel
25092,8,8,Tori Oelsen
22559,8,14,Sebastian Shindel
16292,8,15,Gaia Read
21100,8,20,Trevor Jaskot
12202,8,23,Outi Salonen
9139,8,20,Paiton Hebert
22525,8,19,Elise Holland
22126,8,12,Justin Kaiser
20716,8,14,Ekaterina Grigorieva
20830,8,14,Sierra Burford
10528,8,16,Carmen Hyunsook Kim
14415,8,16,Florencia Diaz
15178,8,18,Antoine Cantin
20235,8,14,Corrado Mazzarelli
20263,8,13,Emma Suggs
25726,8,8,Savannah Davis
14231,8,18,Robert Crocker
17455,8,19,Sabrina Seyfferth
25187,8,8,David Castrejon
18566,8,11,Chloe Ourties
15290,8,19,Thea Alfredsson
24770,8,8,Helene Kyvik
23464,8,9,Filippa Lange
3150,8,30,Benji Schwimmer
25288,8,8,Luke Applin
20586,8,16,Hugo Mouriame
8374,8,22,Magalie Vergne
7352,8,33,Stanley Seguy
13537,8,16,Aris DeMarco
20628,8,10,Kamila Ciupińska
19426,8,18,Charlotte Ridgway
13465,8,49,Khayree Jones
13463,8,14,Reasmey Tith
21607,8,11,Elaine Dimal
18665,8,25,Michelle Braun
20791,8,15,Rilee Long
10470,8,26,Evgenia Itkina
22120,8,14,Willy Carpaye
22493,8,13,Valerie Udier
23166,8,13,Sarah Rose Goin
20128,8,31,Chase Warner
22268,8,12,Vincent Roubadia
21422,8,24,Jeren Kutcher
22280,8,13,Jared Reedy
19062,8,16,Audra Long
16206,8,15,Alexandra Hopper
17280,8,29,Lauren Jones
21601,8,12,Lukas Massenberg
21302,8,18,Lorenzo Valerio La Pietra
21334,8,17,Lynn Telzer
24778,8,8,Jennifer Hu
19404,7,19,Evan Schreiber
22485,7,17,Aaron Nuno
1333,7,28,Brandi Tobias
14614,7,26,Helene Mickle
8540,7,22,Nina Norgren
22480,7,8,Michela Maravigna
20160,7,9,Jacqueline Karvinen
20691,7,13,Trevon Chaney
25321,7,7,Mackenzie Andrews
13304,7,22,Jennifer Norris
22394,7,10,Philip Piersol
24728,7,8,Henny Sveen
20165,7,14,Monika Drzewiecka
23576,7,9,Anastasia Suvorova
24509,7,8,Johanna Orellana
21325,7,14,Hugo Beisser
20760,7,12,Serena Saarela
19990,7,9,Natalya Bykova
15656,7,34,Tuan Nguyen
23666,7,8,Sarah Willis
20863,7,12,Emma Ialeggio
20842,7,16,Clara Deiters
25781,7,7,Scott Fleischer
9340,7,25,Lucky Sipin
22747,7,9,Noël Taillardat
15759,7,14,Mariya Kopylova
12962,7,37,Philipp Wolff
20809,7,18,Diego Rivera
3331,7,38,Torri Zzaoui
13034,7,12,Nicki Cacciato
16887,7,13,Maria Niedzialek
18794,7,10,Anna Suzuki
22783,7,9,Emily Straight
22244,7,8,Jannis Blossey
25864,7,7,Luis Ortiz
23832,7,7,Marcus Moström
11431,7,29,Attila Partos
21867,7,11,Michelle Welter
18283,7,10,Ada Zeira
22245,7,15,Justin Kereszturi
18537,7,27,Kaja Wierucka
10175,7,44,Joel Torgeson
14117,7,13,Livia Crhova
16959,7,11,Jerome Speck
5421,7,42,Sean Mckeever
21969,7,11,Andrew Roach
23020,7,7,Anne Malm
14183,7,20,Evelina Lundberg
14209,7,16,Mackenzie Sharp
22304,7,11,Kjetil Stokke
23941,7,8,Sebastian Schwind
22289,7,9,Silas Oakland
23434,7,8,Ethan Wilson
22248,7,17,Krista Young
23322,7,8,Olivia Wilhelms
14047,7,16,Jenny Cadieux
15529,7,11,Marion Muller
18232,7,12,Melina Voglhuber
24198,7,10,Amit Klein
12763,7,20,Yuri Erokhin
20608,7,11,Aline Koch
20603,7,11,Leo Nguyen
10277,7,20,Katarina Mursec
16127,7,16,Hanna Vammeljoki
21829,7,11,Neel Raj
18311,7,19,Jessica Davidson
18580,7,19,Rafal Grzelak
24275,7,7,Callie Mashburn
7646,7,32,Delancey Von Langendoerfer
20510,7,19,Beatrix Teng
5748,7,40,Cameo Cross
14024,7,22,Omaid Karimi
22319,7,8,Jubilee Call
25227,7,8,Regina Galiyeva
24343,7,7,Frédérique Gosselin
7541,7,18,Maxime Zzaoui
23962,7,9,Ngoc Phan
15914,7,22,Anna Niedzialek
17833,7,20,Theresa Plattner
22524,7,13,Michael Barreto
26360,7,7,Calvin Cleveland
15968,7,11,Keri Pilgrim
20892,7,16,Aaron Mitchell
24908,7,8,Noah Frome
17223,7,18,Henry Phan
22499,7,12,Amadeus Masny
23968,7,10,Annie Ogren
21225,7,19,Tobias Heinlein
22604,7,10,Alyssa Kim
7182,7,8,Rachel Hutchins
7299,7,41,Hugo Miguez
6228,7,23,Abigail Baker
9053,7,27,Jade Bryan
23721,7,7,Betty Quinn
22637,7,8,Elodie Bois
22640,7,13,Lucie Pierau
25439,7,7,Lennard Selli
12739,7,10,Teemu Lujala
14671,7,18,Mandy Liu
24103,7,7,Caio Botelho
15902,7,20,Grzegorz Bielecki
17248,6,17,Patricia Brandwein
21096,6,8,Eva Kahn
22538,6,9,Ellie Sousa
16977,6,21,Marine Le Dudal
23474,6,8,Jessica Graeme
23723,6,9,Alesia Haxhia
22529,6,8,Jess Skjonsby
14057,6,29,Rolf Eirik
23873,6,8,Cristen Appleton
24659,6,7,Paul Hansel
12758,6,8,Jeanette Gredvall
25021,6,6,Polina Khapaeva
16162,6,9,Aurelie Bleuse
22938,6,9,Rhys Black
19577,6,12,Arina Fedorova
25756,6,7,Emily Aukamp
23509,6,7,Helena Erkens
20565,6,9,Angela Wood
18025,6,24,Sam Lingane
12329,6,12,Pavel Kozlov
21837,6,13,Talisa Tam
21994,6,12,Monica Huang
11337,6,19,Olga Ruban
25531,6,7,Gabriel Diaz
24769,6,6,Renáta Koutenská
24266,6,7,Ethan Jasso
21993,6,10,Katherine Jin
21085,6,9,Pauline Lagarde
10214,6,25,Joao Parada
24047,6,10,Mckenna Vroom
13959,6,9,Noémie Even
16260,6,12,Blake Knoll
22986,6,8,Kalaychidi Vladislav
22987,6,7,Tatiana Kaneva
25220,6,6,Ozlem Davis
23025,6,8,Tobias Ziegler
21124,6,9,Mathilde Rallet
9210,6,30,Olga Khvan
20284,6,18,Nina Winkler
21170,6,8,Edna Marie Theadore
17734,6,19,Gal Kashi
16593,6,10,Julia Lambert
14295,6,11,Danielle Abali
6916,6,31,Shanna Porcari
10975,6,10,Iuliana Marcu-Dancescu
20248,6,14,Erich Kramer
20188,6,12,Julio Alvarez
14321,6,25,Charlotte Mennetrey
24379,6,7,Anik Dutta
14336,6,15,My Hanh Tu
19967,6,13,Vanessa Zighelboim
24775,6,6,Elise Nordli
14765,6,34,Raphael Ettedgui
23370,6,9,Austin Griffith
5676,6,20,Everest E
17486,6,16,Henri Karvinen
17445,6,8,Ewelina Lapinska
7821,6,32,Ludovic Pelegrin
21169,6,13,Zhong Xuan Khwa
21163,6,10,Alice Martel
9849,6,33,Austin Kois
21130,6,13,Michael Fleig
20421,6,9,Pawel Szkopinski
22567,6,7,Vasiliy Skurydin
25032,6,6,Marissa A. Guillen
8004,6,36,Larisa Tingle
9815,6,32,Jennifer Ferreira
16172,6,9,Andrea Schräpler
25753,6,7,Lucas Frassrand
15980,6,14,Reetta Koivuniemi
23731,6,11,Wendy Chao
19803,6,9,Katelyn Brady
24631,6,7,Micael Ernst
23074,6,12,Meghan Mui
10755,6,14,Andrey Shenayev
20353,6,18,Alex Raposo
21207,6,9,Erik Petersen
25192,6,6,Amber Newell
20322,6,9,Michelle Hajostek
18933,6,22,Rachel Schubert
21448,6,10,Kameron Moore
4533,6,20,Matt Mickle
22903,6,11,Nathan Wong
20705,6,6,Klim Borisov
21390,6,7,Manon Prunier
19306,6,13,Rae Tardif
17275,6,14,Edwin Aw
25091,6,7,Zane Youmans
14681,6,8,Beata Tracz
24872,6,6,Brycelyn Knudson
22228,6,8,Jan Melicharik
23219,6,8,Seth Pearson
21308,6,13,Yann Lopez
22779,6,8,Sean Callahan
16753,6,21,Tim Morrow
23710,6,7,Warren Kao
22798,6,13,Miranda Lisowski
23369,6,6,Ian J Cameron
24039,6,7,Sarah Brown
22812,6,7,Marlene Schaufler
21319,6,13,Ewelina Langowska
23950,6,6,Nnamdi Opara
23268,6,7,Lahiru Maramba
7576,6,26,Jerome Fernandez
19359,6,10,Thomas Hansen
12629,6,16,Océane Even
8774,6,22,Katharine Montgomery
20941,6,8,Audrey Disnard
24871,6,6,Sierra Race
22425,6,9,Philipp Winking
23787,6,6,Spencer Gyore
16683,6,17,Sequoia Nelson
25408,6,6,Alberto GeiWen
22708,6,7,Sindre Thoresen
12821,6,28,Savannah Harris-Read
14676,6,16,Agnieszka Orzel
17943,6,22,Alexandre Zaag
20122,6,8,Ornella Ortola
24328,6,6,Alena Belousova
23805,6,7,Shweta Mehta
19203,6,12,Adrien Guesnel
12900,6,14,Nathan Walsh
19040,6,12,Jennifer McDaid
12670,6,15,Peter Yin
22226,6,9,Baptiste Lafabregue
24225,6,6,Matvey Grigoriev
21689,6,9,Irina Wilhelm
24476,6,7,Ryan Mantey
20169,6,15,Mariia Ziv
23286,6,7,Stacey Potter
20948,6,12,Adam Sumilong
5372,6,20,Trendlyon Veal
13603,6,11,Artem Shapovalov
7589,6,26,Miguel Ortega
8354,6,20,Emma Collyer
19456,6,18,Florian Hintermaier
22881,6,8,Jack Pacific
15512,6,17,Emmanuelle Bertrand
25093,6,6,Mackenzie Singer
21800,6,9,Isaiah Copher
21815,6,7,Barbora Levickova
17074,6,11,Arielle Steers
6204,6,34,Christopher Dumond
24280,6,6,Isabella Espinosa
12767,6,9,Margarita Perepelkina
23169,6,8,Yoshi Tryba
21034,6,9,Veronica Davis
18344,6,16,Austin Layne
17070,6,16,Luke Reeves
18987,6,15,Aleix Figueras
13711,6,12,Johanna Thorn
24864,6,7,Matthew Casillas
21381,6,6,Anna Zhukova
22879,6,11,Audrey Hoo
11851,6,14,Viktoria Burman
9498,6,9,Ellen Dacombe
23579,6,7,Dominik Kóbor
16408,6,13,Sophie Itatani
25537,6,7,Alexis Dolgoff
23246,6,7,Britta Albertson
24682,6,6,Mallory Fuhrmann
20002,6,6,Oleg Fabritskiy
15928,6,31,Florian Simon
24826,6,6,Lucas Melmer-Wolf
22061,6,9,Jess Mar
14942,6,13,Samantha Pugmire
23777,6,7,Jonathan Morgan
20059,6,9,Timofei Ejov
22345,6,9,Elizaveta Kadochnikova
24006,6,6,Illy Cohen
20682,6,20,Brittney Bush
16824,5,17,Shawn McGettigan
15069,5,18,Florence Dehais
15072,5,13,Andreas Danielsson
24199,5,8,Lea Hubert
15005,5,11,Matthew Jones
17992,5,10,Tyler Doss
19953,5,10,Doug Kim
15934,5,9,Bartlomiej Szczesniak
19138,5,11,Jillian Carroll
19119,5,11,Rasa Keleryte
18451,5,19,Jonathan Wolfgram
19091,5,29,Talía Colón
24085,5,5,Betty Peng
6016,5,24,Nelson Clarke
19048,5,10,Carla Crowen
24895,5,5,Anton Zverev
5861,5,44,Bella Viramontes
24068,5,5,Julia Kereszturi
19015,5,11,Margaret Terrio
24067,5,9,Matthew Dotson
24065,5,6,Chris Pozo
18535,5,30,Emily Schubert
23951,5,7,Jure Bergant
18761,5,5,Richard Swann
18760,5,30,Harold Baker
16295,5,16,Ilon Weeldreyer
16307,5,11,Robin Lysaker
24863,5,5,Brandon Li
18678,5,16,Florian Gräbe
23978,5,5,Shehab Kazi
18644,5,11,James Debacker
18610,5,20,Marcin Kowalczyk
24024,5,6,Sat Sugita
18586,5,10,Aniko Hajagos
16514,5,12,Miroslav Paulik
19139,5,7,Christa Kiesling
24913,5,5,Kayla Cunningham
18276,5,9,Maya Sigl
24914,5,5,Dana Johnson
23416,5,7,Hana Kim
23425,5,6,Chloe Christine
19810,5,13,Sergey Sirotkin
19746,5,11,Clément Brion
19681,5,6,Thibaut Gery
15381,5,8,Artem Lebsak
23494,5,6,Eliott Basse Green
23496,5,7,Bryan Veltz
19555,5,11,Christopher Bernard
23529,5,6,Keesha Dalley
23560,5,9,Britni Alexander
19448,5,11,Alison Gibson
15553,5,23,Miranda Lam
19421,5,10,Tze Chao Chiam
15586,5,13,Joseph Pacheco
15602,5,17,Orian B
23589,5,5,Crista Buznea
19343,5,10,Sergei Smolich
23597,5,6,Lilla László
16708,5,19,Megan Clark
19286,5,12,Iryna Sarnitska
15806,5,26,Helen Zhou
24795,5,5,Trudie Davies
19201,5,6,Marc Hummel
6304,5,16,Amy Shibasaki
23713,5,6,Connor Metz
19167,5,11,Miho Myojin
19180,5,8,Nathan Rossard
21910,5,6,Alicja Kopeć
23320,5,6,Zeus Zalevskyi
12162,5,38,Ariel Peck
21193,5,8,Anna Gasslbauer
21200,5,11,Ashley Veal
25528,5,6,Josh Hartnett
9285,5,16,Tze Ming Wee
11956,5,40,Giulia Rusch
24387,5,6,Christelle Courtois
22437,5,8,Jing Huang
21228,5,6,Christoph Kunit
9300,5,14,Bernard Phua
21230,5,9,Jakub Fijalkowski
24651,5,6,Pawel Pasterz
21275,5,10,Tamara Watson
25548,5,6,Vincent DeRise
25549,5,5,Colton Kaiser
21303,5,7,Klemen Kenda
21314,5,11,Laurie Pinaud
17783,5,17,Chase Henry
11549,5,23,Marcin Skalski
11433,5,24,Jakub Jakoubek
25862,5,5,Chase Beloff
17762,5,6,Garrett Maglio
12106,5,21,Ilmira Galieva
22526,5,11,Jindalae Suh
25860,5,5,Sam Smith
24676,5,6,Rachel Little
20867,5,10,Saira Brubaker
12751,5,14,Jennifer Ritzen
12713,5,25,Glenn Ball
12690,5,13,Sarah Cook
20882,5,6,Adrien Cligny
12652,5,10,Anastasia Telegina
17184,5,17,Alexandria Freeman
22675,5,6,Pacome Tomietto
24364,5,5,Véda Szücs
12572,5,15,Jung Kang
20921,5,10,Sabrina Sharmeen
22645,5,8,Agathe Montebrun
20980,5,12,Hawa Diallo
20981,5,11,Romy Nguyen
22628,5,9,Cody McElligott
12412,5,6,Amandine Lacroix
22591,5,6,Stefanie Winkler
22578,5,9,Sourav Sarkar
22569,5,6,Dmitriy Panov
21077,5,9,Sofie Peilitz
17846,5,17,Petter Fossheim
11369,5,15,Taylor Schoen
11322,5,6,Jessica Carollo
24709,5,5,Anton Sochnev
21631,5,8,Nardia Chernawsky
25799,5,5,Máté Róbert Mészáros
24459,5,6,Robert Burtt
21665,5,7,Rachel Stuart
9895,5,16,Anna Horváth
24503,5,6,Hannes Bayha
21702,5,5,Abel Colleu
22113,5,7,Amelie Gruber
25772,5,5,Malissa Petersen
22112,5,14,Josh Safiniuk
24505,5,5,Austin Cashion
22090,5,7,Pauline Voigt
10334,5,12,Ward Roberts
21741,5,9,Nevena Banov
21775,5,7,Perrine Rutkowski
10297,5,26,Jacob Reding
22047,5,6,Emelie Fredriksson
21866,5,9,Leonie Schwan
10185,5,5,Kathleen May
21967,5,5,Anthony Robinski
21878,5,8,Lea Färber
24517,5,6,Olivia Huhta
10632,5,17,Jordan Fox
10762,5,16,Elena Logashina
9536,5,11,Emma Sackett
22184,5,7,Anastasiya Lishtovnaya
24633,5,5,Csongor Ferenczi
22320,5,7,Maxim Popov
25590,5,5,Yevgeniy Borisov
11238,5,7,Joanna Jacklin
25592,5,5,Marina Girina
21464,5,12,Julia Doody
11160,5,14,Laurena Houhou
21504,5,13,Lukas Weiß
24405,5,6,Anna Guarino
17707,5,18,David Bonnet
22247,5,9,Nicoli Liedtke
21532,5,5,Emilie Michel
10951,5,13,Amber O'Connell
25823,5,5,Josiah Nuest
17339,5,22,Ivan Katrunov
22229,5,8,Giuliano Lehner
10894,5,24,Matthew Davis
21557,5,9,Monika Smorag-Maksymiak
21587,5,11,Payten Rudd
17659,5,17,Mateusz Zaborski
17343,5,14,Isaiah Tingus
12808,5,13,Althea Lew
22688,5,5,Diana Frias Franco
20813,5,19,Taylor Linahan
20585,5,24,Luca Schnoor
20344,5,10,Jared Cogswell
18139,5,18,Emily Hung
24774,5,5,Della Izadi
20374,5,16,Anna Muench
23063,5,9,Chi Pham
20408,5,13,Stephanie Dierks
14081,5,22,Lily Auclair
20441,5,8,Marzena Dykman
20442,5,20,Lisa Shirokova
24260,5,5,Keith Lee
23013,5,8,Lorris Chardonnens
8173,5,19,Artur Radzikhovsky
14022,5,10,Ekaterina Gorianaya
18055,5,5,Anastasiya Andreyeva
17063,5,14,Kelsey Tasker
8213,5,14,Shane Feldman
18036,5,14,Franz Magen
20568,5,15,Manon Esparcieux
22904,5,8,Clay Morrison
20573,5,17,Gabriel Sebastian
22900,5,8,Gabriel J Rogers
20314,5,8,Aaron Didner
25190,5,5,Morgan Halstead
20289,5,11,Isobel Tucker
7537,5,27,Emeline Rochefeuille
14923,5,12,Sylvestre Chopard
23310,5,9,Anastasia Vanekhina
20063,5,7,Anastasiya Ivanova
20072,5,17,Kristina Casazza
23295,5,6,Sounda Majeri
23292,5,8,Tyler Becker
20113,5,20,Mel Verduci
7513,5,11,Kerrie O'donnell
20131,5,6,Sarah Storch
14691,5,8,Tina Kronberg
20282,5,15,Rahel Greiner
24233,5,7,Maddy Knox
20193,5,7,Danielle Blohm
25135,5,5,Paige Rutherford
2761,5,33,Samantha Buckwalter
14379,5,11,Grant Walker
23158,5,7,Josiah Pettie
7849,5,30,JesAnn Nail
7857,5,39,Chantelle Pianetta
23141,5,6,Harrison Fang
22887,5,10,Stella Kautzman
20514,5,12,Katie Jensen
20589,5,6,Jolie Keller
13314,5,36,Conor McClure
24300,5,6,James Owen
22847,5,6,Ashley Figler
17977,5,16,Irina Kalita
20678,5,12,Kadidja Hackforth
17107,5,13,Lucy Walsh
20696,5,9,Iskandar Pashayev
26049,5,5,Xixuan Zhu
24305,5,5,George Martin
13312,5,16,River Peterson
22870,5,7,Alisa Kuznetsova
22819,5,9,Sarah Latton
20751,5,9,Tamara Martinho
22776,5,10,Jonathan Lin
20796,5,11,Alyssa Tyler
20801,5,11,Colleen Cheong
20807,5,8,David Choi
12995,5,13,Jacen Northcutt
25382,5,5,Dominika Wiatrowska
17091,5,12,Inna Stetsiak
18558,5,18,Guillaume Perez
20635,5,8,Thibaud Baron
22885,5,8,Jessica Greene
13530,5,15,Alli Reese
20623,5,6,Gabriela Nowakowska
24299,5,7,Jonathan Fuller
13540,5,14,Laura T. Thompson
24829,5,5,Matthias Tuncel
22880,5,10,Hikari Iwasaki
17901,4,13,Henry Leonard
24204,4,4,Sara Mattis
24309,4,6,Joslyn Mendez
17888,4,5,Ana Maria Lipan
17555,4,9,Joun Young Lee
17960,4,9,Laura Schlapper
24205,4,4,Riley Grecco
24194,4,5,Fiona Kandzior
18180,4,11,Gabriella Lakó
24512,4,5,Salomon Alcantar
24029,4,5,Olivia Smith
18187,4,9,Kastytis Pucilauskas
24397,4,6,Arina Apetyan
24031,4,4,Sara Weitzel
24216,4,5,Elise Grindstad Rundhovde
18384,4,7,Michele Owen
17920,4,9,Connor Johnson
17784,4,13,Alicia Viera
18317,4,19,Brianna Garcia
17573,4,9,Maria Arkhandopulo
17987,4,6,Brita MacInnes
24093,4,4,Ajay Phatak
17843,4,19,Anja Riste
24407,4,5,Steffen Richter
24042,4,6,Corbin Petersheim
17673,4,10,Priscilla Bellet
18111,4,11,Ursula Krishtal
18291,4,9,Alicja Stankiewicz
18511,4,13,Kyle Eckman
18093,4,16,Jamie Lach
24369,4,5,Jennifer Xiao
18463,4,24,Frank Jiang
17863,4,12,Rohit Venugopal
18152,4,5,Maxime Bonelli
24110,4,5,Jake Rehwoldt
18041,4,11,Ilyas Galiev
24457,4,5,Spencer Spiegel
24106,4,4,Kyle Paul
24108,4,4,Sidney Peng
18386,4,10,Simon Pannek
24458,4,4,Adam Hendrawan
17970,4,9,Allison Brown
23107,4,6,Virginie Hêche
18575,4,10,Seth Hostetler
20870,4,15,Angela Nertney
20874,4,6,Thibault Alphazan
20888,4,8,Isabelle Issaurat
20893,4,7,Naelle Toumi
22684,4,6,Shaun Clark
20904,4,6,Emma Locke
22624,4,6,Jared Smythe
22602,4,8,James Vaughan
20999,4,6,Zohar Belkin
22549,4,4,Melissa Thomas
21087,4,5,Mikhail Shufer
21104,4,14,Ella Bell
21106,4,21,Julie Winspear
21119,4,6,Mario Hanser
21126,4,7,Mélissa Gay
22470,4,5,Daniele Gazzola
22463,4,4,Joelle White
21206,4,6,Teodora Dale
22692,4,8,Karin Riechenberg
20841,4,9,Timo Kurzendorfer
24012,4,5,Amy Welmers Bailey
22743,4,4,Nikita Richagneux
20595,4,8,Ramona Mahr
22886,4,7,Elli Haugen
22883,4,6,Jefferson Flowers
20609,4,11,Luisa Wang
20627,4,15,Anna Krzyśko
22869,4,7,Olga Troszka
20642,4,7,Michelle Yang
20670,4,4,Esther Ehrstine
20676,4,12,Klara Epperlein
22845,4,5,Mike Celis
22836,4,9,Vincent Mével
20714,4,5,Viacheslav Volkov
20775,4,5,William Danielsson
20777,4,7,Janis Klavins
20779,4,11,Laura llacuna
22757,4,6,Daniel Desjardin
22748,4,8,Romain Bichon
26781,4,4,Sandile Keswa
22440,4,6,Jeanie Ricci
21224,4,4,Alexander Posch
21226,4,6,Hwee Meng Yeak
22176,4,7,Meredith Gibbons
21630,4,15,Igor Laryukhin
21657,4,5,Jun Tae Hoon
22154,4,11,Raphaël Pile
21662,4,5,Jungmi Park
22135,4,5,Salman Parvez
21701,4,6,Mathilde Tourné
22118,4,6,Mathilde Verdier
21720,4,16,Jessica De Jager
22085,4,8,Bobby Leitmann
21777,4,5,Leiya Crosbie
21819,4,10,Anna Lebed
21980,4,5,Cindy Bai
21934,4,6,Patrick Thompson
21911,4,6,Mia Toivonen
21896,4,5,Mateusz Kopeć
21902,4,7,Marie Fourriere
22190,4,5,Ryenn Will
22207,4,5,Celisse Idleman
21583,4,5,Robert Simmons
21408,4,5,Samuel Bingham
21242,4,9,Stefan Aworsky
21251,4,6,Emily A Rogers
21253,4,9,Asher Newman
21270,4,6,Kathie Castro
21324,4,7,Jose Miguel Belloque Vane
22396,4,11,Maura Blutt
21383,4,5,Mathieu Treilhou
22316,4,6,Hannu Mört
22239,4,5,Lucie Meyer
21459,4,6,Aaron Panganiban
22279,4,9,Jaden Frost
21512,4,9,Cristina Marino
21522,4,4,Maïlys Delcroix
21527,4,7,Jeanne Gelis
21528,4,6,Layan Boucheta
21530,4,7,Mahee Laybros
20583,4,12,Max Wertenbruch
22906,4,8,Madison Broussard
20564,4,5,Corinne Lafonta
19673,4,10,Griffin Roy
19156,4,5,Benjamin Rodelet
19195,4,9,Danielle Chojnacki
23691,4,4,Matt Harris
23680,4,7,Elena Mukherjee
23676,4,5,Taylor Jarrels
19278,4,18,Victor Aitman
23622,4,5,Nataniel Wong
19314,4,20,Heloise Cossin
23619,4,5,Wiktoria Koza
19334,4,10,Emma Brillantes
19341,4,16,Brett Rhyne
19358,4,11,Aleksander Kristiansen
19387,4,6,Szidónia Tófalvi
19451,4,13,Hyunhee Lee
19474,4,5,Ivan Jorquera Martine
23535,4,6,Hannah Allen
19602,4,18,Judith Plattner
23751,4,5,Franciska Gyuranecz
19101,4,5,Tatlyana Boykova
23757,4,5,Aleksandr Patutinskiy
23935,4,4,Lisa-Carina Zeiler
23999,4,4,Livia Pality
23989,4,4,Ida Back Wingård
18684,4,6,Samuel Cariou-Salaun
18686,4,9,Zakeo Taillardat
23956,4,4,Devin Rasmussen
23949,4,7,Lara Schneider
18800,4,17,Samantha Tan
23930,4,5,Felix Wagner
23792,4,4,Kimberly Ritter
23921,4,5,Juliette Tissot
18940,4,9,Ben Dobson
18976,4,8,Julian Lee
23824,4,5,Alva Idahl
26594,4,4,Giovanna Dubuc
23808,4,5,Adele Strub
19031,4,8,Ville-Valtteri Tiittanen
19635,4,5,Regine Drange Eriksen
19702,4,8,Edwin Mangalino
20553,4,9,Rong Liu
23452,4,9,Yanna Zhdankina
23159,4,6,Jamin Stagg
20270,4,16,Danya Svir
20360,4,11,Melanie Bartholomew
23067,4,4,Annalie Bamberg
20387,4,5,Lyse-Marie Aici-Mira
23029,4,9,Emma Walsh
20433,4,9,Milena Stolarska
23022,4,8,Jonathan Caraballo Eriksson
23019,4,5,Sofia Hedberg
20463,4,6,Angeline Sullivan
20474,4,14,Shelby Evans
23009,4,4,Shruti Senthil
26728,4,5,Haustyn Forney
22962,4,5,Felix Lotito
22957,4,9,Lucca Grygiel
20537,4,6,Oskar Eklund
20542,4,4,Emmy Ihlar
23160,4,7,Abigail Smith
23195,4,7,Filip Piłat
23224,4,5,Hans Marasigan
20014,4,8,Steve Fitz
19785,4,7,Malin Kloo
23407,4,4,Sonja Lam
19969,4,9,Fumiko Naka Jenkins
19976,4,5,Tama Mitchell
19982,4,5,Olga Aziattseva
19987,4,6,Tatiana Schmidt
19996,4,6,Mikhail Borisov
20021,4,6,Zoe Boling
20147,4,8,Artur Ciolek
20050,4,8,Britney Porter
23313,4,9,Raven McCoy
20057,4,10,Boris Sizov
20078,4,15,Matthew Mueller
20117,4,11,Géraldine Vimond
20118,4,14,Camille West
23265,4,5,Jade St. Denis
24525,4,4,Magnus Ehnberg
21903,4,4,Linda Smolenaers
25020,4,4,Sergey Lisitsyn
13804,4,5,Nina Bondar'
24776,4,4,Alex Acevedo
25826,4,4,Alan Eijkelhof
24917,4,4,Sara Manfredi
8338,4,16,Timea Gombos
13645,4,10,II'ya Melikhov
25307,4,4,Kristina Uldina
6199,4,20,Andrew Opyrchal
3041,4,15,Susan Kirklin
15979,4,19,Tuomas Sillanpaa
16842,4,12,Noah Lindeman
25299,4,4,Michał Lis
24779,4,4,Brandon Haas
10417,4,14,Angelle Villarrubia
14837,4,22,Tom-Elbin Bendheim
16800,4,12,Patrice Jaeger
25822,4,4,Jake Twork
13706,4,9,Jesper Petersson
16795,4,16,Mariella Mbantopoulos
25271,4,4,Sylvain Moioli
25774,4,5,Angelica Parker
16793,4,6,Paula Bleeck
25552,4,4,Noelia Guerrero
25827,4,4,Charles Dufour
9123,4,34,Kristen Shaw
24751,4,5,Thuy-Vy Vo
24739,4,5,Herman Aarstrand Kirste
24743,4,4,Stacia Martin
12298,4,9,Felicia Magnusson Strom
17075,4,11,Yuki Tamura
15019,4,22,Danika Dahl
10324,4,23,Michael Caro
24744,4,5,Pascal Schön
25881,4,4,Karolina Hausman
25087,4,4,Meridith Fulton
24752,4,6,Miriam Griebaum
13505,4,12,Annika Mäntylä
9096,4,6,Ania Verbitskaya
26224,4,4,Maria Chicheleva
13418,4,8,Dominique Menard
7353,4,29,Tony Schubert
7361,4,34,Cameron Crook
25491,4,4,Connor Smith
24936,4,4,Cindy Sims
25173,4,4,Elisabeth Hahn
25317,4,4,Zsanett Fróna
9362,4,25,Alexis Garrish
7507,4,14,Cherylyn Annicella
24724,4,4,Mariia Ilina
10895,4,14,Isabelle Roy
25218,4,5,Brittney McGetrick
5747,4,27,Maxence Martin
16216,4,7,Irina Amzashvili
14089,4,12,Katelyn Bouise
25809,4,4,Helen Assayag
7778,4,26,Alaina Rogozhin
14433,4,21,Cliff Pereira
14140,4,6,Kelsey Kate Morgenstern
25143,4,4,Sophia Lanzner
11866,4,11,Caroline Bejstam
11876,4,13,Hilma Kiuru
9282,4,20,Dalena Lee
9298,4,11,Lourdes Cruz
14201,4,19,Pavel Katunin
24870,4,4,Talisha Edwards
24869,4,4,Kelty Forman
7868,4,16,Jessie Rosenberg
5103,4,14,Markus Smith
14283,4,8,Alexandru Marcu-Dancescu
5168,4,21,Dallas Radcliffe
9855,4,18,Megan Morris
8051,4,12,Louise Capps
9329,4,31,Christopher Wrigley
9333,4,25,Wayne Powell
25113,4,4,Aliisa Kiiskinen
14770,4,44,Skylar Pritchard
13885,4,10,Lan VoBa
24782,4,4,Audrey Uspensky
25111,4,4,Hilmi Lapinniemi
14746,4,16,Pauline Charbogne
14731,4,6,David Amborn
26441,4,5,María Aguirre Roquero
25780,4,4,Dean Stroeder
16067,4,16,Kristen Ott
12097,4,10,Michael Cheng
16632,4,12,Anastasia Andreeva
3685,4,42,Michael Kielbasa
10532,4,15,Ulric Tyson
25814,4,4,Jade Savoia
13927,4,29,Paul Nunez
5828,4,19,Jeff Smith
9236,4,13,Marlynn Lane
7562,4,13,Susan Minor
16135,4,7,Ola Suchon
24811,4,4,Julian Heusler
12317,4,12,Daniel Trepat
24935,4,4,Kaitlyn Flynn
25177,4,4,Tim Heere
25711,4,4,Kaelyn Swetala
12564,4,9,Alexis Boudreau
25865,4,4,Olivia Doan
10224,4,25,Hailey Toro
12405,4,5,Michael Klei
15605,4,9,Elena Newmark
11139,4,30,Byron Brunerie
8835,4,22,Nick Hughes
12875,4,12,Tero Rahko
12916,4,11,Anna Gruszczynska
25593,4,4,Olga Lisitsyna
25470,4,4,Serena Beze
12972,4,20,Ken Yie
11528,4,17,Laynee Day
25028,4,4,Jesse Royal
24656,4,4,Emese Fazekas
24618,4,5,Abbagayle Long
15300,4,22,Deon Harrell
15305,4,14,Kelly E. Wright
9532,4,32,Phoenix Grey
25722,4,4,Brandon Hall
24988,4,4,Irina Beliaeva
15509,4,6,Camille Kipp
11411,4,14,Desirae Vasquez
8960,4,12,Shawn Morrison
25863,4,4,Diego Brea
15256,4,16,Alexandru Tanasoiu
25597,4,4,Christian Xie
6697,4,17,Jessica Taylor
26262,4,4,Zachary Pappalau
12786,4,7,Chris Reeves
10318,4,14,Balint Szekely
11375,4,12,Victor Chen
15482,4,16,Jason Donahoo
10081,4,13,Maxim Feoktistov
10267,4,12,Diane Hemon
25604,4,4,Nelly Ylitalo
25359,4,4,Sophia Yip
12427,4,25,Ryan Pflumm
15763,4,10,Mariia Chornous
17121,4,14,Chloe Martial
15367,4,13,Yevgeniya Karachentsova
6778,4,15,Pascal Emond
10044,4,17,Delphine Asselineau
25071,4,4,Eric Fernandez
17143,4,7,Lilian Chia
9650,4,10,Aurore Bichon
24707,4,4,Roman Yelagin
2495,4,31,Erica Smith
17416,4,7,Mars McNally
13220,4,17,Katia Rar
15483,4,8,Bianca Davis
25070,4,4,Alana Swift
10285,4,22,Orhiane Dang
15687,4,8,Jake Dyson
24951,4,4,Kieran Scott
17205,4,8,Jake Ryder
17415,4,9,Tina Lin
13096,4,15,Kate Garboden
23444,3,3,Artur Gareev
14290,3,17,Ariel Schwartz
23199,3,5,Dora Preszeller
21258,3,4,Missy Baddin
11928,3,16,Veronika Langmo
7835,3,8,Jacob Pernell
15321,3,10,Johannes Forsmark
22421,3,6,Laura Schmidbauer
23488,3,4,Glen Mangan
20272,3,3,Inara Smith
19720,3,6,Gal Rotbard
20275,3,12,Sarah Adam
20161,3,9,Romana Melichaříková
20213,3,4,Rachel Carlson
9288,3,11,Zoe Klomp
14594,3,13,Michal Avraham
23215,3,4,Wayana Dolan
20167,3,15,Christian Chua
14459,3,22,Stella Maria Schletterer
20254,3,10,Kyle Monahan
7683,3,8,Alyssa Arms
20247,3,11,Jon Good
20196,3,4,Vincent Dorey
23453,3,3,Tamara Battalova
15308,3,10,Aaron Jones
7696,3,7,Benjamin Beneyton
19706,3,7,Lina Kenzler
15301,3,15,Stacy Wheeler
7813,3,11,Celine Fournier
11806,3,21,Florian Lemoine
7599,3,25,Katia Avlasevich
25134,3,3,Paul Johnson
23188,3,6,Wiktor Wawrzak
21235,3,5,Katharina Anger
21237,3,5,Chiara Bachmann
25027,3,3,Nathan Un
23145,3,6,Danny Cherry
14527,3,8,Willemijn Passtoors
23191,3,4,Mathias Preuß
19740,3,11,Julie Nong
7193,3,16,Leilani Nakagawa
23440,3,4,Alena Ivanova
15147,3,22,Rodrigo Campos
2008,3,12,Virginie Grondin
19926,3,6,Anna-Maria Velander
7391,3,29,Kevin Kane
25096,3,3,Henri Laakso
23373,3,5,Son Nguyen
26244,3,4,Daniel Schuman
25094,3,3,Viljami Jauhiainen
20062,3,7,Anna Danilova
15150,3,12,Jeongbae Kim
19970,3,10,Kristina Yiannopoulos
14945,3,8,Robert Veale
14946,3,9,Mikaela Lewis
23356,3,3,Isabelle Staquet
21266,3,9,Pete Castro
25884,3,3,Katarzyna Zajkowska
7180,3,23,Katrina Ostrenski
20048,3,16,James Wyke
25880,3,3,Agnieszka Paluszek
23355,3,3,Audrey Dupuy
26672,3,3,Richard Zou
11570,3,15,Viktor Miskolczy
9478,3,10,Corrinne Schwartz
719,3,38,Kyle Redd
25871,3,3,Krzysztof Zajączkowski
23339,3,3,Zih Siang Huang
15053,3,13,Tegan Wilson
21294,3,11,Tibor Kostal
20098,3,10,Derek Wardle
11486,3,31,Ryan Boz
23385,3,7,Ondrej Divis
14709,3,5,Therese Axen
20144,3,8,Filip Sledzinski
20143,3,6,Zarina Babaeva
22335,3,5,Sheryl Bushaw
25541,3,4,Anaeva Nelsas
22417,3,4,Wilhelmine Wendeling
25042,3,3,Ariane Ang
20129,3,14,Deitric Thompson
19846,3,7,Meg Raymer-Brown
15209,3,13,Sean Godar
22370,3,5,Jaewon Moon
23417,3,3,Katie Lee
19885,3,4,Jessica Cox
14789,3,8,Yali Sela
23269,3,3,Eva Blakney
21343,3,4,Harish Kommineni
23277,3,4,Billie Nell
26246,3,3,Johannah Hager
23398,3,4,Cassandra Chong
25550,3,4,Ray Merkle
26223,3,3,Svetlana Prosina
14823,3,18,Melissa Ann Miller
7394,3,17,Alaina Yee
20108,3,15,Alexia Maire
21329,3,4,Zachary Arredondo
25051,3,4,Inka Nieminen
17468,3,4,Muriel Rupprecht
20286,3,9,Svetlana Egorshina
8715,3,21,Andrew Sunada
22808,3,6,Hannah Klebel
22801,3,5,Tim Noldin
20758,3,6,Frode Nordfjellmark
25940,3,3,André Zenzmaier
21058,3,5,Caroline Steel
22784,3,5,Allie Hillis
25365,3,3,Gesa Duden
13154,3,14,Justin Tomas
22768,3,5,Shannon Desjardin
20742,3,8,Emma Charlotte Young
21048,3,10,Bobby Martinez
21046,3,5,Cole Stockdale
25474,3,3,Jacquelyn Parker
22568,3,4,Fedor Mayboroda
25473,3,4,Ivy Hotz
12960,3,13,Laura Wenger
8814,3,27,Stacy Kay
20838,3,5,Johanna Meichelbock
21068,3,3,Hai Phan
21071,3,6,Therese Kleveland
12822,3,8,Valerie Pamphile
25332,3,3,Jane Quispe
25492,3,3,Jacob Guerin
21102,3,6,Patrick Charbonneau
13456,3,21,Bertrand Sorin
8508,3,10,Mark Srethabhakti
20679,3,12,Daniela Alonso
20687,3,6,Kelsey Gonzales
25331,3,3,Elijah Pitt-Gryaznov
22842,3,4,Krystal Spears
25333,3,3,Stacey Troy
22558,3,6,Madeline Erwich
21090,3,8,Gulnaz Ubaseva
25482,3,3,Yue Yu
22838,3,6,Veronica Ekström
12286,3,8,Emily Shoov
8593,3,20,Dani Darasz
22833,3,4,Katarzyna Liszka
20721,3,6,Julia Kapustina
25349,3,3,Daniel Ahn
8847,3,32,Alexandre Peducasse
22741,3,4,Mikélé Da Silva Bois
7899,3,27,Derek Leyva
20942,3,3,Erika Sonnenvirth
20903,3,8,Connor Clark
22670,3,4,Laurine Toulemonde
22668,3,4,Noémie Croenne
22660,3,4,Zsolt Almási
25438,3,3,Tobias Nett
25440,3,4,Marie-Therese Ender
25463,3,3,Jody Sark
25442,3,3,Annaliese Mann
20943,3,5,Hannah Lee
9003,3,24,Christelle Antenucci
9016,3,7,Yves Reynaert
22605,3,7,Katherine Damiano
20961,3,11,Yushi Wang
25450,3,3,Maggie Silverman
22634,3,6,Nicholas Hinton
25462,3,3,Anastacia Bahmutsky
12451,3,13,Olga Zenko
12438,3,25,Anthony Audin
20900,3,9,Timo Ahola
8988,3,12,Vitalie Majullo
22740,3,6,Stéphane Godeau
8866,3,12,Britny Delp
12384,3,13,Damian Gruszczynski
22728,3,4,Alyssa Ennis
22724,3,6,Grønlund Benedikte Rike
20854,3,6,Nadege Lebert
22713,3,4,Lea Miglinci
22579,3,4,Andreas Kloo
21019,3,5,Christoph Schmiedhofer
25997,3,3,Oleksandra Makedon
12773,3,8,Yevgeniya Tretyakova
12612,3,16,Coralie Busseuil
22589,3,5,Jenny Sjöberg
20875,3,8,Mathilde Varieras
20877,3,6,Angela Belze
12686,3,16,Róbert Tóth
20885,3,11,Yohan Poupard-Verdier
20886,3,10,Maelys Parla
22593,3,4,Johannes Reif
25979,3,3,Romana Břízová
12201,3,16,Matleena Haapalainen
8455,3,16,Stephane Houis
13508,3,11,Pavel Crha
21407,3,6,Brandon Romeo
23048,3,6,Anton Liakhovitch
14102,3,8,Maximilian Hantsch
14091,3,38,Mia Primavera
14085,3,9,Nicholas Payton
20423,3,7,Alek Dykman
20424,3,7,Vladimir Ljubopytnov
20426,3,8,Szymon Chodzidlo
20427,3,4,Rados?aw Gromek
20438,3,6,Agata Marcinek
20394,3,7,Aurélie Saunier
14072,3,14,Guigo Sortica
8074,3,4,Hollie Shannon
22476,3,4,Federica Bruni
23016,3,4,Amanda Kajava
8077,3,12,Craig Schubert
23012,3,4,Graylen Kirby
20462,3,4,Rachel Gillis
22477,3,4,Kateryna Marushchenko
26716,3,3,Hsu Serena
20393,3,7,Sylvie Nuguet
21128,3,4,Johanna Hanser
22460,3,4,Tricia Oei
11981,3,27,Exenia Rocco
23123,3,4,Nives Đorđević
20293,3,14,Sabrina Hohenberger
25897,3,4,Sydney Thomas
22452,3,5,Etienne Joseph Charles
25186,3,3,Rachael Newman
23106,3,3,Celine Cruvellier
25898,3,4,Katie Reeves
14156,3,30,Alexander Stavola
20391,3,5,Alexis Prouvost
25900,3,3,Bailey Miles
23085,3,4,Brendan Dunn
21199,3,6,Amanda Chung
20362,3,7,Brianna Pinckney
23072,3,6,Dixie Zins
25214,3,3,Isaiah Smith
23066,3,7,Sophia Inge
14112,3,15,Philipp Holzinger
26130,3,3,Adeline Chan
25231,3,3,Maria Olive
22992,3,5,Trent Payton
26072,3,3,Abbie Brown
25261,3,3,Magdalena Machala
13758,3,15,JD Nafziger
22902,3,5,Gabriel Hotchkiss
25290,3,3,Sydni Hearn
22892,3,4,Alison Coffey
13701,3,9,Olesya Ulanova
8262,3,15,Sharell Weeams
12144,3,12,Danielle Johnson
25302,3,3,Agnieszka Mentel
14010,3,17,Geoff Newell
20604,3,8,Kai Ploeger
25304,3,3,Ada Łysiak
8334,3,9,Zsuzsanna Paulik
20618,3,8,Simon Mannes
25309,3,3,Melanie Schuster
13608,3,12,Yuliya Shapovalova
13575,3,13,Oliv Haight
8419,3,10,Thomas Clyde
25250,3,3,Augustin Besnard
21140,3,4,Steven Ortiz
25247,3,3,Balázs Nick
12122,3,15,Anna Morozova
20482,3,5,Thomas Porcheron
20488,3,4,Amandine Pittaluga
13958,3,18,Marine Monin
25520,3,3,Alferd Febriel
21176,3,6,Magdalena Kudła
9229,3,21,John-Paul Masson
13926,3,20,Dexter Aronstam
20515,3,7,Lucia Huo
20521,3,7,Artee Arenas
25519,3,3,Henry Chiang
20529,3,6,Paul Okura
22952,3,4,Andrew Holmes
8203,3,18,Sara Mouchon
20538,3,6,Denis Kosovich
20539,3,5,Miika Aspiala
9177,3,25,Riley Crozier
20544,3,5,Mattias Salder
8011,3,15,David Guido
25853,3,3,Sam Akella
23492,3,5,Liana Davies
21711,3,6,Wan Yu Lin
18227,3,14,Patrick Jagla
21719,3,4,Ayako Oikawa
24167,3,5,Heather Clark
21716,3,6,Wen Shi Chung
21713,3,5,Ting Lu
16785,3,16,Anna Zabek
24143,3,4,Clara Sowell
16778,3,10,Yeow Lai Yee
16777,3,10,Tristan Lewis
18221,3,16,Alicia Speckmann
10502,3,11,Joseph Carey
18342,3,8,Jordan Cline
21708,3,4,Yewin Fong
21705,3,4,Samuel Yeun
24116,3,3,Fafadji Gnofame
18359,3,9,Jennifer Liu
16775,3,7,Therése Aurén
18397,3,4,Amandine Royer
24173,3,4,Lance Jenner
311,3,33,Jordan Frisbee
24794,3,3,Kirsten Myers
24228,3,5,Jamie Ullenius
18119,3,5,Lorenzo Garcia
10386,3,35,Jesse Lopez
24253,3,3,Matthew Kavanagh
16952,3,15,Minttu Raudasoja Heinola
18145,3,19,Florent Coïc
2173,3,35,Jennifer Deluca
16937,3,15,Maverick Cove
18156,3,7,Guillaume Delporte
22093,3,4,Veronique Hartmann
16845,3,11,Kasia Gierat
2832,3,34,Arjay Centeno
24220,3,3,Elsa Kalervo
24218,3,4,Vilma Koljonen
24777,3,3,Alex Moore
16875,3,22,Marvin Koehler
18192,3,4,Andreas Hammar
2986,3,50,Brad Whelan
18199,3,17,Timothy Nall
16762,3,8,Byron Doss
24104,3,3,Vincent Meyer
21639,3,7,Matt Vickars
16467,3,7,Dillon Thomas
18539,3,4,Allan Pieroz
9899,3,10,Fabrice Perdereau
26412,3,4,Gabriel Girley
16554,3,14,Birte Pereira
24830,3,3,Tina Schiefer
24831,3,3,Kerim Hurd-Korkmaz
10596,3,16,Michael Levy
24835,3,3,Claire Passon
10612,3,22,Ville Immonen
18531,3,19,Rose Martin
24836,3,3,Domenica Dunnigan
25663,3,3,Zoltán Dominguez
10618,3,10,Joshua Chng
18587,3,10,Árpád Koroknai
16413,3,17,Paolo Iannello
18600,3,12,Tim Gülzow
10620,3,10,Sharyl Thung
4985,3,11,Rye Crowen
16588,3,12,Cecil Pham
18530,3,8,Jenna Schueler
22121,3,6,Bruno Dato
24806,3,3,Brandie Pastorek
18434,3,8,Eugene Pun
25680,3,3,Pierre-Joseph Delattre
16672,3,13,Lauren Bellenbaum
21691,3,4,Guillaume Deysine
18446,3,13,Cedric Le Franc
9910,3,10,Tracey Neate
18449,3,9,Trevyn Hey
24805,3,3,Jason Hizon
21687,3,6,Callie Starkey
24821,3,3,Giorgia Lanteri
18461,3,9,Angeline Huang
24812,3,3,Alessio Canton
4152,3,29,PJ Turner
24052,3,3,Devon L
25677,3,3,Sanem Aydogan
24046,3,5,Devon Holcombe
22132,3,4,Liannah Kovacs
18519,3,12,Megan Souza
24773,3,3,Haya Al Khatib
24255,3,6,Nadia Mofidi
24256,3,3,Anna Stedile
24604,3,4,Anne Yolland
17629,3,18,Carlos Procópio
21971,3,5,George Vasquez
24450,3,4,Dani Bitout
24445,3,4,Devin Hoot
26509,3,3,Brad Bemis
24437,3,4,Julia Thomas
17649,3,9,Lilio Montel
25754,3,3,Alex Gracia
24615,3,4,Chamodi Basnayake
24455,3,5,Breydon Lyall
10201,3,23,Agnieszka Powell
10216,3,7,Alyson Candido
24619,3,4,Kim Taylor
26516,3,3,Caden Reynolds
26474,3,3,Mircea Albu
17738,3,8,Dara Cline
17757,3,9,Jim LaDouce
24645,3,4,Angyal Mercedesz
24454,3,4,Anthony Caine
17625,3,11,Anna Khomyn
22086,3,9,Suzy Ackerman
24556,3,5,Judith Tan
10042,3,6,Julie Grippon
17477,3,5,Rachael Cathcart
10043,3,23,Barbara Oliva-Lanza
24547,3,3,Gage Abernathy
24552,3,3,Alice Nuryati
26502,3,3,Maayan Harispe
24513,3,4,Mach Jackson
24510,3,4,Stacey Rizk
25744,3,3,Madelena Pine
24594,3,4,Dane Williams
21939,3,12,Elizabeth Wooton
21948,3,4,Caroline Fitzpatrick
21964,3,3,Alyona Shcherbakova
25723,3,3,Ivan Davidson
17570,3,12,Natallia Mironova
21876,3,5,Alina Nickel
24564,3,3,Tegan Tisma
17600,3,7,Amanda Luke
25709,3,3,Elisa Tabor
24399,3,3,Anežka Rajmonová
21997,3,6,Nabil Fairbairn
17071,3,12,Lindsey Granger
10292,3,18,Leonardo Vidal
22064,3,3,Lara Arden
17980,3,41,JT Anderson
17080,3,10,Hunter Hobbs
21765,3,5,Justine Bailey
21762,3,6,Himanshu Paul
24290,3,4,Ines Leong-Nane
22080,3,9,Sarah Mollison
17069,3,7,Bree Bannon
17284,3,6,Stephanie Gan
17065,3,18,Renee Wasko
17045,3,10,Natasha Flowers
24748,3,3,Marie Klein
18080,3,14,Yuliy Khorolinskyy
18088,3,17,Sean Rice
24764,3,3,Lucy Sobczak
25766,3,3,Madelaine Briggs
18094,3,15,James Register
22035,3,3,Aleksandr Parfenenko
17134,3,7,Lori Matsuhara
17934,3,5,Fiona Callaghan
10289,3,15,Julien Manoukian
24652,3,3,Paulina Pasterz
10258,3,25,Patrick Tran
17803,3,12,Brad Austin
24654,3,4,Krisztina Beatrix Tóth
17270,3,6,Asta Ojala
21820,3,5,Fanni Ressely
24665,3,3,Jenaleigh Bankston
24675,3,4,Daniel Gallagher
17852,3,11,Julie Ringstad Larsen
17194,3,7,Tony Nguyen
25758,3,3,Andrew Knops
17192,3,16,Kaley Thompson
24696,3,4,Olga Mikheeva
22006,3,5,Mark Denker
24703,3,3,Ellina Zorina
17903,3,22,Selina Her
21804,3,6,Bence Jankus
16405,3,6,Jeremy Bodenmann
4295,3,4,Tina Hebert
9058,3,31,Ibirocay Alsén
22231,3,5,Tadeáš Moravec
16036,3,5,Larisa Bratkovskaya
23785,3,6,Andrew Pifferini
19058,3,4,Svetlana Tuktarova
25634,3,3,Kerry Burke
23761,3,5,Jason Math
16023,3,7,Donghee Kang
23756,3,3,Yuriy Ovodov
24896,3,3,Cezary Zajkowski
25819,3,3,Makenzie Tarpinian
21544,3,5,Kasey Luo
15991,3,14,Richard Sheldon
15985,3,23,Ats Nisov
23750,3,4,Roman Filkorn
24911,3,3,Sofi Ortiz
16040,3,8,Aydar Tukayev
25816,3,3,Mimi Cai
21471,3,5,Anna Aula
15761,3,13,Veronika Michel
21567,3,4,Clayton Morris
18984,3,4,Larissa Solovieva
5785,3,16,Camille Webb
22290,3,3,Erin Campagna
24888,3,3,Vanessza Vegi
11182,3,11,Anthony Chen
26638,3,4,Paola Guitart Velasco
16071,3,26,Emily J. Huang
10853,3,11,Bambi Preble
16101,3,16,Jocelyn Mobley
21559,3,5,Anna Szylar
19435,3,7,Korinthian Gaines
19036,3,10,Anthony Borgese
21469,3,4,Jenni Keränen
24912,3,3,Gwen Brinsmead
15900,3,7,John B Burns
21576,3,4,Jenni Rogers
23634,3,4,Caroline Gilberg
11161,3,11,Maxence Esparcieux
19266,3,7,Nicholas Johnson
15608,3,9,Ann Walkup
25612,3,3,Elise Nöjd
23596,3,7,Aleksandra Lewandowska
26332,3,3,Lucas Zalduendo
15683,3,18,Tschen Fung Wang
19256,3,4,Vyvy Benham
23613,3,4,Martin Sande
9651,3,11,Joris Baraillon
19292,3,3,Lewis Poulsen
21498,3,6,Philipp Millet
21506,3,4,Vincent Castelbou
11046,3,11,Veronica Atwill
19399,3,9,Florina Stoian
26343,3,3,Michał Chudzik
24915,3,3,Sheri Loraine
25624,3,3,Madeleine Reiter
26358,3,3,Patrycja Kozłowska
21533,3,10,Casey Bender
26614,3,3,Dmitriy Zakharov
10961,3,12,Femke Hermens
21481,3,5,Victoria Bian
24934,3,3,Lexy Moore
15593,3,10,Nina Yershova
23667,3,5,Cali Corkran
19407,3,8,Heather Nelson
23678,3,4,Sydney Rae Blanke
15796,3,8,Nadine Wald
23668,3,4,Lizaveta Kautaniuk
15784,3,4,Julia Danchenko
24966,3,3,Maya Hamilton
22296,3,5,Chantelle Elson
19440,3,4,Natasha Holmes
21499,3,6,Diana Müller
23952,3,6,Jessica Mellert
24865,3,3,Almir Mehmedovic
23938,3,4,Catherine Schmitt
24877,3,4,Michael Engel
24875,3,3,Barna Czegledi
23943,3,4,Janine Schlaak
10707,3,12,Christopher Blocker
9549,3,35,Piotr Lenart
18682,3,8,Valerie Weeks
19549,3,21,Brad Wendt
16268,3,9,Rachel Hayes
25810,3,3,Michael Münzberger
18785,3,8,Emil Lau
16285,3,42,Melodie Paletta
25656,3,3,Karolina Kniaziuk
16290,3,17,Mangesh Urankar
21616,3,4,Anne Chow
24996,3,3,Vincent Aron
16353,3,12,Rosetta Rubino
22167,3,4,Jane Lu
23959,3,5,Briley Sterling
21420,3,8,Tiffany Good
18740,3,8,Miguel Gonzales
18695,3,11,Sylvain Vimond
16335,3,16,Hien Nguyen-Phuoc
16327,3,10,Nolan Whitely
18720,3,5,Sonia Trave
25658,3,3,Shiming Lin
10757,3,6,Andrey Ushakov
23506,3,4,Alicia Fiévez
23548,3,5,Jessica Jakobeit
16169,3,8,Sebastian Kruse
18941,3,9,Charlotte Marbus
23865,3,5,Carlos Servan-Alvarez
50,3,27,Matt Auclair
24886,3,3,Lara Kardas
10843,3,15,Chris On
18928,3,6,Balázs Szapper
19519,3,5,Marie-Eve Landry
23500,3,9,Brian Moothian
21595,3,3,Amber Warder
10840,3,6,Vanessa Thomson
15439,3,10,Tom Swarbrick
10845,3,21,Maxwell Thew
21634,3,6,Robyn Giffen
16368,3,7,Cindy Moreno
22185,3,5,Liliya Latyipova
26396,3,4,Jean-Pierre Ngangu
23864,3,6,Denny Pham
23863,3,3,Derek Pasqualetto
25595,3,3,Igor Szejko
16224,3,11,Rachel Moran
23504,3,6,Apolline Castellani
23845,3,4,Anastasiya Barkova
24845,3,4,Jimmy Burns
25569,2,3,Viviane Kaltenbach
25579,2,2,Laura Krohn
22576,2,3,Eugen Boos
22321,2,5,Hannah Haist
25607,2,2,Kristina Persson
22575,2,6,Håkan Axelsson
25869,2,2,Danielle Primavera
25945,2,2,Laura Prada
21931,2,5,Tim Aberle
22274,2,6,Maire-Laure Michon
26803,2,2,Jevan Canada
22607,2,5,Sherry Xu
25849,2,2,Johanna Hellberg
25600,2,2,Liam Dauchat
25466,2,2,Francine Sonnenschein
25747,2,2,Bavelyn Vega
22365,2,3,Wuma Ichi
25752,2,3,Mariah Mason
21966,2,6,Srikanth Avasarala
25947,2,2,Lukas Freiwald
22594,2,3,Connor Beck
25591,2,2,Natalya Vetchinova
25574,2,2,Barbara Weinmann
22583,2,4,Sandra Bråborg
25732,2,2,Alison Klein
22333,2,4,Emma Spedding
22377,2,7,Will Zhang
21965,2,5,Keaton Rudd
21978,2,3,Rachel Statz
26843,2,2,Lynne Yun
26842,2,3,Kaitlyn McGuire
22317,2,3,Rosa Mört
22381,2,3,Kendra Russell
22322,2,7,Karrington Haist
22393,2,3,Riley Lofgren
25843,2,2,Dilay Türe
22461,2,3,Caitlin McCluskey
26772,2,2,Ingeborg Grüner Skram
25910,2,2,Elke Liebig
22180,2,6,Geneva Hall
25655,2,2,Evgenii Solntsev
26777,2,2,Elias Skistad
22492,2,3,Kryspin Musiol
25539,2,3,Annie Yin
25649,2,2,Victoria Heras
22513,2,3,Lisa Wills
22427,2,3,Johanna Skoerys
22225,2,3,Claire Swarbrick
22516,2,5,Anna Hamre
25914,2,2,Beatrice Blogna
25684,2,2,Sarah Vergnolle
22520,2,2,Dana Shapiro
25771,2,2,Adrian Maldonado
22484,2,7,Gael Mantillet
25538,2,2,Shavon Mattiello
22003,2,4,Sandy Samuel
25902,2,2,Wolf Schade
25901,2,2,Serina Fischer
25524,2,2,Lisa McMahon
22162,2,4,Adam Nice
22448,2,5,Agnieszka Bak
26779,2,2,Lola Rousseau
26812,2,2,Anna Garcia Sole
25903,2,2,René Gewald
22128,2,2,Julian Waldburger
22141,2,6,Michael Grether
25659,2,2,Dongje Lee
26816,2,2,Iman Alia Saleh
25665,2,2,Alina Winte
22473,2,3,Nora Renard
25580,2,3,Patrizia Bergers
25503,2,2,Ming Feng Chai
22418,2,2,Stefanie Hoffmann
25694,2,2,Yao Shengjie
22022,2,2,Brynn English
25703,2,2,Stacia Bruner
22553,2,2,Tegan Marshall
25613,2,2,Kevin Jilg
25759,2,2,Christian Twiggs
26805,2,2,Janette Ly
22409,2,2,Mats Gentzsch
22019,2,5,Kira Stein
25924,2,2,Sara Wright
22399,2,7,Minjia Ching
22251,2,2,Jenifer Manzo
22397,2,3,Eli Schlenker
22560,2,3,Demi Hart
25611,2,3,Andreas Ohlin
22561,2,3,Anna Kemp
22412,2,3,Alina Heib
22542,2,4,Melika Shams
22084,2,7,Nadja Tessler
25828,2,2,Wenxuan Xu
25623,2,2,Veronica Buchmann
25625,2,2,Saskia Sportel
25484,2,2,Nicole LoConte
25930,2,3,Sarah Engel
22415,2,3,Laura Weber
25660,2,2,Adam Drazil
25493,2,2,Annalise Charoonsophonsak
25495,2,2,Vanessa Martell
22091,2,5,Simon Daigl
25890,2,2,Jen Leong
25927,2,2,Robert Axley
25925,2,2,Annika Sima
22106,2,4,Nicole Flura
22536,2,7,Trevor Hayes
23150,2,4,Mya Grace
22617,2,3,Evangeline Paetkau
23886,2,3,Zarah Melander
24878,2,2,Stefano Woerner
24880,2,2,Bende Marton
23925,2,2,Lukas Samuel Jeck
26378,2,3,Maximilian Dyga
23918,2,5,Christopher Edwards
23912,2,3,Marie Guibert
26581,2,2,Arnold Cheong
23875,2,3,Sandra Fuller
24873,2,2,Julietta Longiotti
24884,2,2,Olga Berezhna
23868,2,2,Andrea Romeu
23844,2,3,Anton Matveev
23835,2,3,Katariina Pentikäinen
23833,2,3,Håkan Viklund
24887,2,2,Anastasija Antić
24891,2,2,Marina Tikhonova
23936,2,3,Lara Volle
26387,2,2,Iris Hauri
23807,2,3,Wayne Mak
24838,2,2,Christian Yzaguirre
26413,2,3,Melissa Jauregui
24038,2,4,Regina Castro
24030,2,3,Melissa Hinkel
26411,2,2,Liz Alexandra Morales
24022,2,3,Micah Harkins
24017,2,3,Omar Abdelfatah
24016,2,4,Murry Haithcock
24839,2,2,Anya Sue
23958,2,2,Alexis Chavez
23992,2,2,Adrian Wisnios
24844,2,2,Erik Requejo
24850,2,2,Michael Salber
23980,2,2,Peter Jonsson
24855,2,2,Michelle Guidroz
23970,2,4,Joshua Pelegrin
23960,2,3,Giovanna Robb
24893,2,2,Camille Pinto
23799,2,4,Nicole Jenner
25449,2,2,Brian Nuyen
23583,2,4,Milán Gulyás
23624,2,5,Anna Osmak
26338,2,2,Marek Grzybowski
24946,2,2,Leticia Tasende
24950,2,2,Ricardo Fernández
24958,2,2,Jackson Burkholder
24965,2,2,Heidi Olson
23587,2,3,Bernadett Wrana
23580,2,3,Tamás Podlovics
23626,2,2,Tam Vo
26316,2,2,Ruth Bubis
24973,2,2,Hannah Adair
24974,2,2,Carmella Neiswender
24977,2,2,Anthony Michael
24978,2,2,Christian Kittery
23569,2,3,Nicole North
24980,2,2,Ali Daoudi
23625,2,2,Joanna Lisowska-Paszkiewicz
23633,2,6,Juan Rodriguez
24901,2,2,Halie Burke
26352,2,2,Suzanne Petit
24904,2,2,EJ Olszanowski
26362,2,2,Sofia Wyatt
26361,2,2,Stephenie Thai
23752,2,2,Irina Dorogan
26610,2,2,Kareen Rivera
24919,2,2,George Hardwick
24921,2,2,Tay Blyth-Kubota
23707,2,3,Lena Schöne
24941,2,2,Uxía Vázquez
23688,2,3,Lauren Wann
23687,2,5,KD Kaiser
23686,2,12,Bella Johns
24937,2,2,Amanda Bernstein
23665,2,4,Roy Gershom
23648,2,3,Savanna Blümel
23643,2,3,Markus Ostfeld
26416,2,2,Adam Armijo
24819,2,2,Isabel Sieber
26422,2,2,Emily Andrews
26473,2,3,Alexandru Chivu
24426,2,3,David Zsolt Kiss
24425,2,3,Guillaume Franque
26514,2,2,Emerald Lacy
24416,2,3,Till Merkens
24617,2,3,Mitchell Smith
24632,2,4,Cécile Cubadda
24402,2,3,Anton Volodko
24396,2,3,Cornelia Tudose
26512,2,2,Anna Zeng
24385,2,4,Álvaro Galán Cruz
24660,2,2,Jacky Chen
26519,2,2,Annika Collier
26521,2,2,Chloe Chapman
24694,2,3,Taylor Lurie
26522,2,2,PK Rackley
24361,2,2,Zuzanna Beckmann
26513,2,2,Anais Cordebard
24435,2,2,Laura Hübner
26560,2,2,Romain Bobillier
24500,2,3,Sven Ferstl
26499,2,2,Patricia Smith
24528,2,2,Stefan Siegl
24549,2,3,Yinghao Yeo
24553,2,3,Alyssa Chua
24555,2,2,Donna Holiwod
26496,2,2,Luzia Jaeger Hintze
26495,2,3,Laura Mellado
24493,2,3,Mélanie Lizarte
24598,2,3,Melissa Gillespie
26504,2,2,Daisy Mohrman
24483,2,3,Hannah Uriel
24563,2,3,Gabriel Bizcarra
26506,2,2,Jan Boruch
24463,2,4,Richelle Davis
26494,2,2,Jessica Werlin
24573,2,3,Nicole Hardwick
24348,2,3,Dafydd Foster
24708,2,3,Konstantin Salin
24330,2,3,Sébastien Cros
24129,2,3,Benoit Iung
26549,2,2,Lori Byrd
24164,2,2,Sichinskaya Anna
24162,2,4,Dmitrieva Mari
24151,2,3,Sydney Boukedes
24150,2,3,Johnathan Cagle
24780,2,2,Ben Cok
24130,2,4,Peggy Delarbre
24126,2,3,Daniela Zarkovic
24710,2,2,Lyubov Berdnikova
24117,2,4,Quentin Chan-Wai-Nam
24790,2,2,Coryne De Haan
26557,2,2,Annuskha Dunstan
24095,2,3,Tom Gillespie
24094,2,3,Roxanne Brulé
24087,2,2,Kristina Riccio
26430,2,2,Ronja Moss
24175,2,3,Melissa Parrinello
24177,2,3,Rose Howard
24185,2,4,Alexej Antropov
24227,2,2,Salla Nuutinen
24711,2,2,Nataliya Babak
24325,2,3,Samuel Vaulimo
24712,2,2,Darya Fomchenko
24720,2,2,Sagiv Oulu
24725,2,2,Marija Bravikova
24298,2,3,Lindsey Todd
24295,2,3,Renee Richburg
26531,2,2,Krissinda Matheny
26532,2,2,Hannah Evans
24277,2,3,Peter Mancuso
24765,2,2,Romane Meyerfeld
24767,2,2,Ole Arne Jakobsen Steen
24254,2,3,Samir Bougrine
24241,2,3,Srishti Love
24237,2,3,Geoff Yang
23565,2,5,Ethan Smith
23562,2,3,Matthew Davis
24984,2,2,Sergiej Szejko
25312,2,2,Janina Witulska-Gonsior
22916,2,5,Tony Ezio Nguyen
26088,2,2,Mari Sandberg
25280,2,2,Carron Dempster
25291,2,2,Stephen Hrncir
25294,2,2,Zheng Yi Tham
25296,2,2,Pavan Powani
22882,2,4,Tom Hogue
26063,2,2,Phoebe Brodsky
22926,2,3,Justine Reisinger
22866,2,4,Nora Anna Nagy
22860,2,3,Sandra Boppel
22854,2,3,Miklós Mátyás Simon
22851,2,3,Damian Antczak
26060,2,2,Bryce Redmond
22848,2,4,Jasmine Mendiola
26059,2,2,Alex Parra
22924,2,2,Thomas Crockett
25245,2,2,Aleksandra Świątek
25200,2,2,Claire Van Akkerveken
26729,2,2,Madison Vangilder
25217,2,2,Svitlana Damon
26717,2,2,Sara Ashun
23023,2,3,Marius Ihlar
26135,2,2,Alessandro Cunsolo
25226,2,2,Gabriela Brown
25232,2,2,Fynn Behnke
22980,2,3,Alena Abrazhenina
22969,2,3,Ambre Erouart
22935,2,3,Hima Kopally
26731,2,2,Peter Meij
26128,2,2,Jonathan Quek
22960,2,3,Nynke de Roest
25238,2,2,Andrea Pásztor
25239,2,2,Zlata Lavska
26734,2,2,Natali Shatchan
25240,2,2,Lisa Loskamp
26057,2,2,Varya Khavtorina
22846,2,2,Jeff Cope
25329,2,2,Casey Castleberry
25405,2,2,Seungsoo Lee
22749,2,5,Aurélie Unan
25384,2,2,Adel Auth
26009,2,2,Leti Gold
26007,2,2,Josh Kneeland
22729,2,6,Kate Snijdewind
25402,2,2,Pierre-Antoine Degroote
22694,2,6,Maya McNair
25425,2,2,Tomasz Gąsior
22840,2,2,Erick Sirisoukh
22690,2,3,Saumya Bhandarkar
25426,2,2,Stefan Istatkov
25978,2,2,Rodolfo Blanquicett
22674,2,2,Gabin Fouache
22642,2,2,Julien Cime
22641,2,4,Irene Berton
25967,2,2,Marsha De Souza
25380,2,2,Rebecca Slevin
22751,2,2,Nicolas Tombarello
25378,2,2,Maria Lange Pedersen
25376,2,2,Catherine Miscampbell
25335,2,2,Margot Rankins-Burd
25340,2,2,Jaylee Dupere
25341,2,2,Stéphanie Jecrois
26041,2,2,Rachel Khoo
22830,2,4,Parker Lauren
22828,2,6,Curtis Promislow
22817,2,3,Aleksei Pushkarev
25350,2,2,David Saylors
25351,2,2,Phoebe Chua
25352,2,2,Cam-Tu Tomkins
22785,2,5,Sheridan Oyer
26032,2,2,Agnis Salmiņš
25368,2,2,Janicka Renata
25371,2,2,Asude Muftuoglu
22762,2,2,Lyric Jackson
25216,2,2,Nicole Williams
26155,2,2,Anna Goriuchkina
26306,2,2,Samar Maguire
23386,2,2,Harith Iskandar Chai
23423,2,4,Bradley Zickafoose
23419,2,3,Vinna Roque
26248,2,2,Evie Song
23412,2,4,Syed Nazri
23393,2,3,YiHsuan Sun
23390,2,2,Ryan Choong Ee Goh
23387,2,3,Caine Chan
23382,2,3,Mariam El Kouhan
23428,2,3,Candice Jablonski
23378,2,4,Jihan Watkins
26243,2,2,Tytus Thornton
23352,2,3,Jessica Benedicto
23347,2,2,Lennie Racault
23346,2,3,Regis Dupin
23338,2,3,Sean Hahm
25072,2,2,Leon Kong
25052,2,2,Lissie Zeh
23437,2,6,Goose Bonvegna-Heasley
23092,2,6,Judita Vainauskaite
25019,2,2,Yevgeniy Rzhevskiy
26300,2,2,Gretchen Smith
26642,2,2,Timo Bertolini
26299,2,2,Aline Benedetti
23514,2,3,Karl-Philippe Télémaque-Hector
24997,2,2,Madelyne Soulevant
26297,2,2,Gianna Leto
25013,2,2,Solonkina Mariya
26277,2,2,Mildred Wong
26264,2,2,Stefanie Beale
23477,2,4,Katherine Gonzalez
23466,2,3,Jonathan Cedernaes
23460,2,3,Elise Olavsen
23450,2,2,Marina Duplina
25033,2,2,Holley Moore
23449,2,5,Sergey Zabolotnyy
26269,2,2,Eliza Sprey
26671,2,2,Desmond Shu-Wei Hsu
25073,2,2,Ellis Reichert
23328,2,2,Kyungmi Oh
23132,2,3,Myriam Robert
26192,2,2,Jonas Dahlgren
25152,2,2,Elena Stoeva
25155,2,2,Eliana Stephan
24543,2,3,Oda Odden
26174,2,2,Liz Lopes
23137,2,4,Tom Tseng
23133,2,8,Alicia Tirone
23112,2,6,Léonie Havé
23324,2,5,Brady Richter
25180,2,2,Nadiya Tyshetska
25181,2,2,Bryar Waghorn
23101,2,4,Aubin Vallet
23100,2,4,Emmanuel Baudet
26156,2,2,Sarah Chambless
23095,2,2,Solana Carpenter
23093,2,6,Jaimee Thomas
23161,2,4,Emily Prebihalo
23164,2,3,Christina Welter
23171,2,5,Patrick Blanchette
23180,2,5,Claire McCarthy
25082,2,2,Catherine O'Hara
25095,2,2,Cosma Bothe
23299,2,3,Olga Romanova
26676,2,2,Vilde Sandnes
23283,2,6,Kara Bartlow
26219,2,2,Nikita Parichuk
25102,2,2,Leija Lahtinen
23248,2,3,Rachel Lai
25112,2,2,Saara Tuikkala
25114,2,2,Maenard Bihis
25118,2,2,Kyle Miller
26695,2,2,Karolina Sawczyn
25119,2,2,Jon Pham
26197,2,2,Ida Borg
23192,2,3,Sebastian Brud
21700,2,5,Brice Issaurat
25737,2,2,Eddie Reyes
21906,2,4,Yara Mangindaan
17637,2,8,Chris Guthrie
17565,2,16,Alicia Couturier
20206,2,13,Daria Klimovitskaya
17566,2,34,Julia Leonard
6915,2,9,Jodie Stanley
20202,2,3,Laetitia Fallone
15250,2,7,Manxi Ye
15229,2,23,Floralie St-Hilaire-Adam
17577,2,9,Laura Clark
20184,2,16,Jordan Foresyth
17595,2,9,Matt Simkus
17613,2,4,Inga Lisa Axman Sara
20171,2,3,Loic Sifferlen
20166,2,6,Katarzyna Czarny-Wasita
17628,2,7,Artis Lisa
8870,2,12,Todd Coulthard
8920,2,8,Andy Fernandes
20233,2,15,Morgan Hearrell
12621,2,17,Kevin Rocher
15274,2,9,Karolina Jagla
12524,2,7,Yongmin Choi
20309,2,8,Ken Ng
9015,2,12,Cyndie Petit
20303,2,9,Kateryna Kirian
15283,2,24,Michael Ha
20298,2,5,Lilla Kovács
17517,2,8,Deirdre Jennings
17540,2,7,Igor Ejov
20290,2,3,Agnieszka Mikolajczyk
17525,2,6,Danielle Considine
17529,2,6,Antonio Kin-Foo
17531,2,8,Laura Trethewey
9005,2,17,Angelique Pernotte
12617,2,16,Vincent Lallemand
12806,2,7,Amanda Nullmeyers
15228,2,14,Alina Pink
20346,2,7,Don Walker
20150,2,3,Szymon Katra
17780,2,13,Rose Soiland
17797,2,23,Fabian Stein
8723,2,9,Elisabeth Zosseder
20070,2,13,Caleb Gilbert
15155,2,12,Ryan Wrench-Buck
20052,2,13,Brittani Powers
13117,2,15,Shelly Callaghan
17855,2,8,Jacob Sacco
20009,2,3,Mikhail Lebedev
13150,2,18,Samuel Anspach
15051,2,9,Mari Salonen
19997,2,9,Igor Gorodnichev
17924,2,4,Claire Aung
19974,2,5,Grace Williams
13254,2,9,Agnes Ylva Eraker
8734,2,21,Eunice Wong
17773,2,7,Jennifer Zaslona
20111,2,11,Olivier Yoo
20132,2,8,Lunelle Bertresse
15195,2,7,Jagoda Czosnowska
17656,2,8,Konstantin Vorobyev
17664,2,4,Lisa Palenga
17666,2,14,Jeanine Held
20139,2,11,Emma Lohse
12849,2,4,Areez Gangji
17700,2,4,John Colquitt
12975,2,18,Casey Margules
20124,2,17,Tori Teng
27052,2,2,Amandine Pailloux
6930,2,18,Jeff Moscaritolo
27053,2,2,Kaia Pedersen
20114,2,6,Mathieu Fuvel
12938,2,6,Maarit Laitinen
17482,2,9,Panu Pesonen
20347,2,6,Jason Basanese
17207,2,4,Kathy Polanchek
20567,2,3,Esmeralda Dahoutia
17292,2,6,Xavier Phan Chan Thé
6761,2,33,Victoria Henk
12140,2,31,Kaiano Levine
12180,2,10,Mejrem Halidovic
20625,2,6,Daria Scharl
12196,2,21,Elodie Chapon
20607,2,5,Carina Klaas
20606,2,4,Carsten Anselm
12203,2,16,Annika Valimaa
12218,2,10,Ruben Fagerli
12235,2,6,Judy Fischetti
17317,2,7,Cameron Riddle
20581,2,6,Lukas Batschak
20579,2,5,Angela Dusenberry
26999,2,2,Magdalena Rachwał
20651,2,5,Anna Szymanski
15468,2,9,Sean Audet
15470,2,17,Maelys Fillon
17255,2,11,Florian Höhner
26975,2,2,Lina Brück
20753,2,5,Heini Sanez
20752,2,2,Linn Johansson
12098,2,6,Basia Lopatka
17230,2,4,Lindsay Becerra
20733,2,18,Lyla Ruth
20728,2,12,Mackenzie Herman -Olson
20662,2,6,Burgundy Weathersbee
12103,2,8,Aleksandr Pchelkin
15496,2,7,Moe Ang
20711,2,3,Ilya Duplin
12134,2,10,Marena Richardson
17273,2,13,Cherise von Mulert
15495,2,17,Melissa Sutjipto
20569,2,9,Clemence Durand
12276,2,14,Jessica Breault
20349,2,6,Mark O'Dea
20547,2,3,Laura Paakkunainen
15410,2,15,Sandra Alefsen
17366,2,6,Thomas Sturman
20429,2,3,Olga Cencek
17370,2,5,Carmen Chan
20414,2,7,Bree Reynolds
6832,2,24,Michelle Fletcher
20404,2,4,Lydia Gibson
17399,2,12,Sanmit Narvekar
6851,2,22,Steve Wilder
20397,2,6,Elisa Morin
17438,2,6,Svea-Friederikke Lucht
20388,2,3,Gabrielle Volpei
6867,2,12,Virginie Massart
17470,2,9,Antony Hamer
20352,2,5,Jennifer Shipley
20450,2,13,Alex Connelly
9072,2,15,Jen Malcolm
12372,2,7,Emanuel Aguilera
12333,2,5,Yelizaveta Ivanova
20543,2,3,Rebecca Cronheim
27004,2,2,Malgorzata Slowinska
17342,2,8,Gabriella Madarasz
12318,2,19,Agathe Wasch
20522,2,17,Manoj Rudraboina
17361,2,14,Sienna St. Clair
12344,2,27,Keith Penu
17363,2,12,Aryana Taghavi
20498,2,21,Emilia Jaskot
9094,2,6,Kirstin Oliver
20495,2,12,Pierre Popineau
20494,2,8,Romain Ligeon
12366,2,7,Fran Carroll
15441,2,8,David Phan
17947,2,4,Nadine Arvisais
19972,2,3,Daniel Smith
17961,2,9,Dominik Neugebauer
19003,2,2,Canan Klingseisen
18404,2,8,Bruno Michit
18405,2,6,Anna Masgrau
13810,2,6,Vasily Zaytsev
13811,2,7,Yekaterina Kurganova
19100,2,8,Ryan Scott Johnson
18433,2,3,Natasha Zem
8212,2,22,Zsolt Vajda
13910,2,8,Debbie Adams
18439,2,6,Alma Bajramovic
14412,2,19,Ariana Virgillio
13952,2,27,Marine Valet
13979,2,17,Ryan Maldonado
14030,2,20,Leo Cook
19050,2,5,Alexander Borisenko
14033,2,17,Elizabeth Lloyd
19136,2,3,Jessee Zhang
19179,2,8,Felix Kramer
19183,2,26,Karolina Gabara
14588,2,23,Noah Antebi
13748,2,19,Melissa Stirton
19268,2,3,Laura Langenbach
18209,2,6,JC Gagne
18213,2,9,Kat Dachniwsky
18223,2,13,Adrien Rondeaux
13796,2,11,Amanda Brubaker
19233,2,6,Ilya Ustinov
19197,2,4,Patrick Zey
18260,2,5,Carol Klarman
18275,2,9,Przemyslaw Adamowicz
13798,2,11,Mandy Corbett
18292,2,8,Luka Pernot
18333,2,12,Mona Winzer
18348,2,9,Jonathan Hsieh
19045,2,13,Veronika Potter
14053,2,12,Francesco Ciavolino
19902,2,5,Adèle Serton
14075,2,5,Jessica Lee Armstrong
18608,2,9,Jakub Goral
14147,2,13,Emily Crow
18627,2,10,Kevin Adu
7918,2,43,Kyle Fitzgerald
18637,2,6,C Chang
18653,2,17,Mirabella Gibson
14210,2,6,Patrick Richards
14213,2,25,Raushaniya Maksudova
7909,2,19,Wren Newman
18768,2,5,Ben Brett
7906,2,6,Bryan Ching
7881,2,23,Damien Favier
18748,2,6,Pascal Dürsteler
18744,2,12,Dorothe Pfautz
18700,2,9,Clémence Thai
18837,2,12,Sophie Robert
18561,2,3,Aurelie Bascop
18882,2,16,Amy Leung
14133,2,5,Kwangil Kim
18993,2,3,Cassandre Duclieu
18488,2,4,Johanna Aho
14076,2,6,Taylor King
7995,2,14,Filipe De Barros
14130,2,7,Andrew Mullan
18965,2,11,Wilsen Hadiwikarsa
14319,2,19,Kalina Kwiatkowska
18903,2,8,Andrei Rusnac
18964,2,3,Kevin Eschhofen
18543,2,15,Noé Roche
18545,2,6,David Dukhan
18949,2,10,Ryan Benkert
18546,2,8,Marine Moinault
18547,2,3,Anthony Montoya
14679,2,11,Jacek Bosiacki
14721,2,7,Monique Lajeunesse
7532,2,26,Nicolas Bourgeais
7517,2,29,Cj Caraway
19790,2,3,Elena Mineva
13359,2,9,Ned Gould
19779,2,4,Andreas Zetterström
19773,2,7,Rupert Smith
8564,2,20,Alyssa Lundgren
8557,2,18,Chuck-Hou Yee
13410,2,8,Scott Clausen
19732,2,5,Alena Muñoz Sánchez
19714,2,4,Jennifer Gustafson
19710,2,21,Caroline Hölker
18022,2,19,Randell Livelo
19698,2,4,Tiril Sofie Rattsø Fasting
18037,2,10,Kristine Krumberga
7358,2,35,Tashina Beckmann
14903,2,9,Pascal Choisnet
13358,2,16,Noemie Bonnin
8573,2,14,Graham Nimmo
18019,2,7,Sandy Gay
19889,2,12,Yahya Mouldi
19899,2,4,Guillaume Bury
17965,2,14,Johanna Waeller
8618,2,5,Jack Flynn
19894,2,8,Adeline Boulet
27217,2,2,Mariangeles Moussou
19893,2,2,Louise Renoul
19868,2,4,Thomas Anthony
14982,2,7,Hyojin Kim
27216,2,2,Jose Luis Roma
17989,2,7,Bidyut Mukherjee
17996,2,3,Lohana Gregorim
19861,2,3,Elvira Gafarova
13322,2,5,Sean Siavash
8587,2,21,Cari Chestnut
19690,2,5,Mikhail Yermakov
19671,2,3,Shalyn Palmateer
13489,2,3,Marie Laurent
13677,2,7,Kim Hyunmi
19438,2,3,Stuart Holloway
19425,2,3,Luke Lebrasse
19415,2,14,Pamela Marr
19396,2,9,Michaela Diasova
13675,2,11,Asha Francis
18171,2,2,Houston Higgs
19364,2,7,Siv-Karin Rødhyll
8270,2,5,Justin Yau
8248,2,11,Tim Acosta
19304,2,4,Frances Ferguson
18201,2,6,Ali Muller
19300,2,3,Logan Clarricoats
19295,2,3,Charlotte Holmes
18202,2,7,Jong Char
18169,2,15,Matthieu Chipponi
8319,2,9,Dina Pop
8453,2,21,Amandine Favier
13621,2,9,Ekaterina Gayday
16242,2,20,Emil Zetterstrom
14868,2,14,Jack Fisher
8442,2,10,Tina Slusher
19591,2,10,Andrew McCauley
13518,2,5,Pernilla Maatta
19536,2,6,Marilyn Leo
13654,2,3,Patrick Buckvold
19455,2,3,Soazic Mickers
18154,2,6,Erwan Le Mellec
13656,2,8,Jessica Polzer
14791,2,5,Otmar Kirchgaessner
13669,2,17,Laura Diaz
19485,2,5,Michael Warner
19459,2,26,Jasmin Klee
12070,2,16,Carlie O'Brien
20486,2,3,Claudia Younis
21598,2,6,Hassan Kanouni
21449,2,6,Rhiannon Neuville
16918,2,14,Rebekah Abbey
6291,2,16,Joy Stachura
10331,2,18,Emma Carter
11216,2,10,Rodrigo Monteiro
16637,2,5,Oksana Boyko
4683,2,13,Olivier Massart
21180,2,3,Andrea Luczi
21182,2,2,Øyvind Skjelbred
11200,2,11,Vitaliy Zakharov
3124,2,5,Amanda Collins
21452,2,4,Mikayla Thompson
16786,2,8,James Edwards
21421,2,9,Riley Anderson
9734,2,4,Matthew Jacobson
21186,2,4,Melissa Rahimi
21752,2,3,Michaela Hager
10847,2,29,John Su
21744,2,3,Perekorangi Herewini-Te Awa
21195,2,4,Elin Braten
21197,2,6,Pamela Yeh
16776,2,16,Lea Cimelli
15721,2,10,Maria Flores
16651,2,9,Konrad Kras
21212,2,4,Maria Sudermann
21165,2,8,Raphael Berthome
16385,2,4,Matthew Moisen
16956,2,7,Moojin Lee
16961,2,19,Johnny Lee
9526,2,31,Daric Lion
10557,2,3,Claire LeBaron
9913,2,19,Elysia King
11349,2,11,Marina Shenayeva
21501,2,3,Arianna Giovannetti
21051,2,6,Elisabeth Larson
26938,2,3,Aubrey Jumonville
21493,2,4,Johann Chan
21784,2,3,Ariane Martel
21076,2,4,Anastasia Stepanchikova
11288,2,14,David Kono
15865,2,17,Pilar Lopez de Luzuriaga
21084,2,5,Chaeyu Geun
21635,2,5,Emory Roehrkasse
16974,2,12,Floriane Lacoste
16091,2,15,Anastasiia Babakhan
21472,2,5,Janica Saarni
26933,2,2,Reyna Shisbey
11269,2,6,Yie Hahn Hwong
15684,2,16,Christian Kaller
21781,2,5,Richard Stewart
21776,2,5,Rose Thirion
16048,2,12,Guido von Mulert
16391,2,9,Leah Grodstein
21651,2,4,Kyle Loranger
9523,2,10,Gul'nara Arkhipova
10970,2,8,René Strücker
10474,2,8,Gabriel Assogba
10887,2,7,Caroline Gauthier
21318,2,3,Manuela Reiter
15836,2,17,Yubin Kim
16415,2,13,Kathleen Salmi
3805,2,35,Tara Trafzer
21330,2,14,Sam Salour
10974,2,5,Julie Rakkestad
21714,2,3,Lynna Noor
21709,2,2,Calvin Yio
10896,2,18,Simon Girard
10911,2,17,Kristine Sandt
3181,2,42,Ben Mchenry
10967,2,8,Melinda Szanyi
21353,2,2,Claire Strain
10956,2,29,Karin Kakun
10513,2,13,Lauryn Sperling
21679,2,6,Bethan Gibbs
10935,2,6,Emily Richardson
12038,2,10,Elizabeth Fox
21680,2,3,Sylwia Zientek
9724,2,20,Semion Ovsiannikov
10545,2,26,Sayaka Suzaki
9699,2,19,Allysa Rees
16022,2,9,Masatoshi Okada
16674,2,12,Jenna Silva
21391,2,3,Julie Vancoppenolle
21669,2,4,Erin Raye Dryer
15764,2,8,Shawn Bellenbaum
21730,2,3,Gal Ben Shimol
21218,2,5,Ruslan Mukmenzyanov
4988,2,20,Doug Morgan
21220,2,6,Anna Spiridonova
10443,2,10,William Gomez
10467,2,16,Nicolas Cousin
21227,2,4,Johannes Windelen
6376,2,21,Glen Acheampong
16468,2,4,Jennifer Walton
1047,2,21,Demetre Souliotes
11027,2,18,Aleksandr Rozhkov
21404,2,6,Valentine Lefrere
21233,2,6,Fanni Madarasz
11004,2,25,Larissa Thayane
16751,2,25,Mandy Fried
15815,2,16,Alexandr Sibirsky
6035,2,17,Olivia Luke
21401,2,6,Johanne Bensimon
15824,2,6,Johanna Hartner
21288,2,7,Elina Sharipova
6325,2,26,Matt Richey
21309,2,9,Chris Leaver
21031,2,11,Jordan Regan
5062,2,30,Joanna Meinl
6556,2,9,Jennifer Redding
9968,2,4,Carolin Mattox
20851,2,3,Thomas Monroe Brown
21871,2,3,Franka Schröder
20852,2,5,Carlo Deldonno
17187,2,14,Britni Weaver
15916,2,4,Jeanne Swee
21870,2,4,Ulrike Fengler
9303,2,15,Teveya West
21868,2,4,Luis Möller
17171,2,12,Kyle Hebert
17137,2,9,Thomas Huin
5707,2,25,Arthur Uspensky
20873,2,2,Lewis Grand
17190,2,9,Anthony Riojas
11723,2,15,Aaron Abramowitz
20891,2,5,Kiya Govek
10119,2,19,Rachelle Irby
10783,2,9,Tom Reardon
16297,2,26,Rachel Holdren
21606,2,3,Tom Mickers
15870,2,7,Celine Quezel
15565,2,11,Suvi Leskinen
16492,2,11,Taylor Carew
26887,2,2,Aaron Sy
20907,2,6,Connor Stubbs
10074,2,32,Ardena Gojani
4852,2,17,Brandi Caro
21840,2,3,Diane Wrightson
11998,2,4,Marion D'Angelo
20772,2,10,Mira Salo
20773,2,5,Anna Zetterström
12037,2,22,Antoine Piedfert
20778,2,4,Paul Turner
9251,2,6,Taisya Krivoruchko
16244,2,6,Laila Skudite
16538,2,6,Wilson Huang
21597,2,6,Simeon Stephan
12029,2,3,Celine Belleville
16236,2,5,Karina Jurina
12017,2,8,Nichole Carder
15981,2,11,Pavel Levchenko
20844,2,11,Jonno Liberman
9283,2,23,Marianne Low
10617,2,4,Kyoung Hwa Jang
4672,2,5,Emily Keller
16564,2,5,Elliott Elder
5628,2,21,Oscar Hampton
20804,2,10,Albana Haxhia
21582,2,13,Jadin Lewis
15962,2,13,Monica Austin
15518,2,7,Paula Benitez
20817,2,5,Randy Vollrath
20833,2,7,Luca Wenchel
9518,2,18,Alena Ulaner
9353,2,6,Aimee Allen
15570,2,14,Andreia Ghimis
21540,2,12,Kory Marken
20988,2,5,Suryaraj Salunkhe
9956,2,13,Jocelyn Bender
20991,2,7,Emily Anderson
21609,2,4,Elliott Sweeney
20994,2,3,Aimee Hamilton
17068,2,6,Chelsea Haining
16491,2,16,Nadia Qutaishat
10198,2,3,Johanna Dahlgren
20996,2,2,Ren Pritchard
9470,2,34,Mike Carringer
21793,2,5,Tara Tramel
21005,2,4,Richárd Fülöp
21617,2,8,Joseph Geluz
10226,2,7,Bruno Lineker
21520,2,6,Fred Caputo
619,2,33,Tatiana Mollmann
10276,2,28,Dirk Haage
10308,2,5,Laure Quienne
21021,2,9,Mengu Gungor
15867,2,4,Kathy Palmer
21511,2,7,Antonin Durand
21023,2,4,Jason Torchinsky
21028,2,7,Lauren Nelson
21531,2,4,Clarisse Sammut Roquet
21362,2,3,Angela Stewart Armstrong
15606,2,34,Dimitri Hector
10135,2,6,Tony Kord
9434,2,6,Patricia Phillips
17109,2,4,Amanda Stuart
20910,2,4,Jacinda Waite
11650,2,13,Michael Medini
20929,2,3,Quentin Lovett
17105,2,11,Jaimee Silber
10822,2,31,Flore Berne
11605,2,7,Fiona Raphael
9437,2,16,Lamarr Williford
20959,2,5,Serena Pham
5730,2,34,Stephen White
16141,2,4,Neuczki Mathurin
21608,2,5,Yana Smith
21839,2,5,Debbie Wagener
16122,2,6,Hanna Wrannvik
21834,2,17,Joseph Conroy
16606,2,9,Magdalena Bosiacka
9961,2,17,Raymond Byun
21816,2,3,Zsanett Pálinkás
10784,2,7,Anthony Schembri
6049,1,4,Sara Raymond
26214,1,1,Zoia Tepponen
26215,1,1,Valentina Sergina
26217,1,1,Irina Baskakova
26216,1,1,Aleksandra Smirnova
6048,1,17,Michael Shibasaki
26213,1,1,Taisiya Afanasyeva
26212,1,1,Anastasiya Sokolskaya
6095,1,8,Elaine Morgan
26211,1,1,Yana Vaseva
6745,1,2,Nikki Olson
26210,1,1,Anastasiya Osminina
26177,1,1,Tina Hellman
26185,1,1,Fredricia Loven
26184,1,1,Helena Johansson
26183,1,1,Tia Viitala
26372,1,1,Katie Evers
5812,1,26,James H
26373,1,1,Jade Doherty
26182,1,1,Mikaela Lillbäck
26374,1,2,Cuong Nguyen
26181,1,1,Göran Eriksson
7841,1,15,Goga Fortin
26180,1,1,Magnus Persson
26376,1,1,Dennis Horsch
26179,1,1,Nova Lexell
26178,1,1,Johanna Brodin
26176,1,1,Julia Åberg
26187,1,1,Lina Schöning
26175,1,1,Lauren E Adams
7856,1,22,Shantala Davis
26173,1,1,Samuel Maycock
26172,1,1,Alex Bo-o
26171,1,1,Ren Enby
26377,1,1,Felix Hirschel
26170,1,1,Nyah Gray
26169,1,1,Leanna Taylor
26379,1,1,Felix Hampe
5557,1,9,Dana Galyon
26168,1,1,Rebekah Wilhelmy
26380,1,1,Moritz Greiner
5486,1,14,Yvonne Dodson
26167,1,1,Shannon Gerboth
26186,1,1,Susanne Boija
7836,1,29,Tien Khieu
26209,1,1,Irina Tkach
26199,1,1,Larisa Zvyagintseva
26208,1,1,Alexandra Kleymenova
26363,1,1,Caitlin Tang-Hornbuckle
7545,1,23,Christopher Chung
26207,1,1,Aleksandr Kharitonov
6040,1,12,Jonathan Taylor
26206,1,1,Vyacheslav Korzhov
26205,1,1,Vlad Zheludov
26204,1,1,Mikhail Kuznetsov
26203,1,1,Sergey Avramenko
26364,1,1,Kenzie Espinoza-Finch
26202,1,1,Daniil Baskakov
26365,1,1,Tricia Lish
26201,1,1,Nikolay Makhalin
26200,1,1,Alexander Linev
26198,1,1,Dmitriy Bursh
26188,1,1,Tira Blixt
7597,1,19,Libby Collins
26366,1,1,Gary Knox
26196,1,1,Linda-Marie Byström
26195,1,1,Hugo Scherwin
26194,1,1,Emrik Albrechtsson
26367,1,1,Jonathan Mitchell
7657,1,5,Christina Crevier
26370,1,1,Kathy Wyndemuth
26193,1,1,Oscar Lundin
26191,1,1,Christoffer Karmetun
26190,1,1,Lisa Eriksson
26189,1,1,Janne Vik Lossius
26371,1,1,Lynne Damianos
5847,1,3,Jen Pfister
7809,1,12,Karine Garin Zivanovic
26233,1,1,Chelsea Evenson
26218,1,1,Kristina Yakubova
26265,1,1,Rebecca Fox
26325,1,1,Mia Mette Rosenmay
26276,1,1,Anna Shekin
26324,1,1,Marta Cruz
26323,1,1,Helle Mortensen
26279,1,1,Michael Diez
6804,1,13,Benjamin Clemons
26322,1,1,Carsten Klemt
26321,1,1,Guilherme Santos
26280,1,1,Brandon Jobst
26281,1,1,Joshua Mollineda
26282,1,1,Steve Korte
26283,1,1,Dakota Schanze
26284,1,1,Carolina Penteado
6578,1,18,Fabienne Easton
26320,1,1,Emma Lecocq
26275,1,1,Isabel Lembke
26326,1,1,Cristiana Silva
26274,1,1,Andrew Lewis
26329,1,1,Ida Correa
6515,1,2,Laurie Way
6535,1,17,David Ward
26331,1,1,Courtney Lippman
26267,1,1,Benoy Varghese
26330,1,1,Franka Boender
26268,1,1,Philippa Eden
26270,1,1,Briahne Holland
6882,1,17,Dominique Morin
6883,1,11,Pierre-Olivier Bastien-Dionne
26328,1,1,Paula Castanheira
26271,1,1,Li Ern Mah
26327,1,1,Vera Cardoso
26272,1,1,Kevin Formosa
26273,1,1,Shaun Connor
26319,1,1,Philipp Padinger
26318,1,1,Bettina Bulfone
26165,1,1,Monika Mallos
26303,1,1,Sherif Uthman
6775,1,35,Reginald Beason
26298,1,1,Ali Black
26312,1,1,Julia McDonnell
26311,1,1,Alicia Minnaar
26301,1,1,Bruce Clark
26302,1,1,Lee Prowse
26310,1,1,Virginia Viso
26296,1,1,Jack Marburger
26304,1,1,Fergus Mackay
26305,1,1,Mark Oborn
26309,1,1,Alice Lesieu
6753,1,7,Miguel Martinez
26307,1,1,Yiqun Amy Chen
26308,1,1,Lucy Owens
6693,1,5,Rene Arreola
6616,1,25,Adela Su
26285,1,1,Phoebe Reagan
26290,1,1,Zander Adkins
26317,1,1,Slata Zlatin
26286,1,1,Daiza George
26287,1,1,Harumi Buchholz
26288,1,1,Yelinet Lopez
26289,1,2,Jazzy Durgin
26315,1,1,Margot Greenen
26291,1,1,Jonathan Yake
26295,1,1,Kailey Kennedy
6612,1,24,Lemery Rollins
26292,1,1,Seth Relampagos
26293,1,1,BeLynn Buckley
26314,1,1,Jennifer Thompson
26313,1,1,Anais Pitaud
26294,1,1,Tara Dixon
26266,1,1,Aurora Harmathy
6436,1,27,Peter Fradley
7464,1,4,Gabrielle Williams
26333,1,1,Ricard Serra Pujol
26228,1,1,Deante Finnie
26229,1,1,Jack Prothero
26353,1,1,Małgorzata Łukaszewska
26230,1,1,Sarah Parikh
26351,1,1,Karolina Gwozdz
26350,1,1,Aneta Iwańska
26349,1,1,Wioleta Fialkiewicz
7252,1,20,Agnieszka Maslanka
26348,1,1,Patrycja Tucholska
26231,1,1,Ethan Weaver
26232,1,1,Chance Thompson
26234,1,1,Kayla-Marie Farmer
26235,1,1,Caroline Csiszer
26236,1,1,Karen Kelsey
26237,1,1,Bryn Willhite
26227,1,1,Jonathan Huhn
26354,1,1,Nadja Kossmann
26355,1,1,Magda Marciszewska
7373,1,16,Augie Leija
26220,1,1,Arina Aleksandrova
26221,1,1,Ksenia Chichay
26222,1,1,Maria Ushakova
7431,1,30,Jeff Mumford
7388,1,11,Patty Houston
6239,1,21,Rebecca Savoca
7362,1,13,Michael Nahem
26356,1,1,Myroslava Hurniak
26359,1,2,Wiktoria Dyjas
7305,1,27,Roberto Corporan
26225,1,1,Adam Dahlman
6274,1,22,Steve Hall
26357,1,1,Tatyana Pribolovets
26226,1,1,Alexander Diekemper
26238,1,1,Joanna Windler
7227,1,28,Wesley Brown
7166,1,7,Randal Boyd
26256,1,1,Christie Felker
26340,1,1,Kamil Gałuszka
26339,1,1,Bartosz Kornaś
26253,1,1,Cameron Deweerd
26254,1,1,Stephanie Woo Dearden
26255,1,1,Vivian Morris
6416,1,30,Brandon Parker
26257,1,1,Srividya Natarajan
26252,1,1,Nik Snow
26258,1,1,Julie Cyr
26259,1,1,Mélanie Luciano
26260,1,1,Annelise Pageau
26336,1,1,Lorena Reverendo Miguéns
26261,1,1,Patricia Shea
26334,1,2,Slata Zlatin
26341,1,1,Michal Sadowski
26251,1,1,Edward Ishii
7014,1,20,Clint Glasgow
26242,1,1,Emma Tate
26239,1,1,Lauren Michaelis
26347,1,1,Konrad Walasek
26346,1,1,Matej Soumillion
26345,1,1,Henrik Berglund
26240,1,2,Maria Clara
26241,1,1,Ashleigh Ragone
6367,1,35,Brennar Goree
26250,1,1,Michael Dearden
7011,1,4,Zo Carroll
26245,1,1,Maksim Smith
26344,1,1,Wojciech Pludra
6946,1,25,Stephane Dominguez
26342,1,1,Aneta Ostrówka
26249,1,1,Robin Hylands
26166,1,1,Lindsay Wolcott
26061,1,1,Liat Steinberg
26164,1,1,Grace Ausley
25882,1,1,Aliaksandra Pahoskaya
25885,1,1,Katarzyna Gruchała
9373,1,3,Kyle King
9342,1,5,Laura Vanderwoude
25886,1,1,Fiona Nijensohn
25887,1,1,Marianna Siedlaczek
25888,1,1,Oliwia Tkaczyk
25889,1,1,Chen Friedman
9337,1,9,Serena Elhard
25891,1,1,Douglas Zeidler
9309,1,32,Karla Anita Catana
9299,1,22,Hannah Coda
25892,1,1,Preetish Arjune
25893,1,1,Melissa Almario
25894,1,1,Jordan Powell
25895,1,1,Mara Lobianco
25896,1,1,Kristen Sweat
9294,1,3,Ian Gray Cameron
25899,1,1,Emily Baptista
9237,1,7,Vinh Mines
25904,1,1,Tommy Schlegel
25905,1,1,Marvin Schirrmacher
25883,1,1,Alicja Piotrowska
25879,1,1,Julius Simmank
25907,1,1,Marc Kröll
25878,1,1,Jan Gąsiewski
9551,1,14,Marjorie Bertrand
25850,1,1,Daniela Pavlicenco
25851,1,1,Camilla Dahl
25852,1,1,Agneta Klasson
25855,1,1,Rahel Bühler
25856,1,1,Fiona Newby
25857,1,1,Anne Kerr
9538,1,7,Henry Hwi
25858,1,1,Krister Brandser
9527,1,25,Anastasia Sidko
9521,1,27,Daria Komkina
25866,1,1,Kelley Broderick
25867,1,1,Cj Brookshire
9510,1,11,Rosina Cleland
9495,1,6,Elena Nazarova
25872,1,1,Marcin Grzesiak
25873,1,1,Johannes Gröschel
25874,1,1,Mateusz Dusik
25875,1,1,Piotr Gomoła
25876,1,1,Kamil Wrzesinski
25877,1,1,Artur Kazimierski
25906,1,1,Daniel Schreiber
25908,1,1,Christoph Jansen
9555,1,16,Jon Andre Haugen
25936,1,1,Martin Rohrmüller
25938,1,1,Carina Lehmann
25939,1,1,Michèle Rindlisbacher
25941,1,1,Jasmin Braun
25942,1,1,Andrea Kemmner
25943,1,1,Anja Schofield
25944,1,1,Jonathan Busse
9093,1,11,Mike Schrimshaw
25946,1,1,Patrick Buchner
9070,1,20,Ben O'Neal
9052,1,19,Nam Lim Kim
25948,1,1,Hannah Roth
25949,1,1,Janet Nordlund
25950,1,1,Dan Johnson
25951,1,1,Kyla Welsh
25952,1,1,Jessica Zeigman
25953,1,1,Judith Marshall
25955,1,1,Nathan Gault
25957,1,1,Alex Carr
25960,1,1,Jordan Robey
25961,1,1,Dakota Kimble
25962,1,1,Aaron Plattus
25937,1,2,Lena Hentschel
25935,1,1,Lena Johanna Gschossmann
25909,1,1,Pascal Prinz
25934,1,1,Marcel Thoeren
25911,1,1,Sascha Meels
25912,1,1,Sascha Enz
25913,1,1,Tanja Blätz
25915,1,1,Laura Meßmer
25916,1,1,Klaudia Nowocień
25917,1,1,Melanie Skischalli
25918,1,1,Anna Schiefer
25919,1,1,Ines Lewandrowski
9149,1,10,Michael Poh
25920,1,1,Lonneke van Valkenburg
25921,1,1,Lucille Bekono
25922,1,1,Lisa Hohnen
25923,1,1,Meike Broemmel
9136,1,12,Julianne D'Amico
9110,1,19,Anastasia Lokshina
25928,1,1,Paul M Johnson
25929,1,1,Joachim Förster
25931,1,1,Alexander Spanic
25932,1,1,Alexey Sizov
25933,1,1,Victoria Imsiecke
9100,1,10,Lana Hannah
9552,1,21,James Bartlett
9578,1,7,Scott Paynter
7880,1,9,Ekow Oduro
25765,1,1,Haley Gehle
9912,1,6,Stephanie Brown
25768,1,1,Taylor Royal
25769,1,1,Katie Brayer
25770,1,1,Isabel Bobrik
25775,1,1,Curtis Jung
25776,1,1,Brianne Podritske
25777,1,1,Wendy Parr
25778,1,1,Aliya Millson
25779,1,1,Hanna Barmina
9903,1,3,Wendy Green
25782,1,1,Sophie Clement
25783,1,1,Emmanuelle Hoareau Sautières
25784,1,1,Caroline Mineau
25785,1,1,Christine Kleinert
25786,1,1,Pascal Turcot
25787,1,1,Florence Côté
25788,1,1,Ishaaq Jiffry
25789,1,1,Ragnar Kempf
25792,1,1,Stéphanie Vallée
25793,1,1,Anne Theodorescu
25797,1,1,Alexander Feigin
25767,1,1,Preksha Jain
25764,1,1,Nikole Jabour
25798,1,1,Charlie Lee
25763,1,1,Clare Diaz
25738,1,1,Philipp Maurus
9984,1,1,Steve Rogers
25739,1,1,Jack Wilson
25740,1,1,Phillip Clifford
25741,1,1,Joey Westermeyer
25742,1,1,Chris Luzzi
25743,1,1,Stephen Barnes
9977,1,13,Audrey Gazzotti
25745,1,1,Georgia Cowart
25746,1,1,Emily Sowers
25748,1,1,Jenny Liversedge
25749,1,1,Kylie Davidson
25750,1,1,Rachel Messmer
25751,1,1,Lucia Nunez
9947,1,15,Elliot Wong
9944,1,5,Endre Aas
9934,1,16,Victor Hernandez
25757,1,1,Scott Hader
25760,1,1,Sebastián King
25761,1,1,Beck Maslia
25762,1,1,Mariia Fedkevych
9891,1,28,László Tárkányi
9873,1,5,Adrian Keller
9580,1,5,Cara Kwan
25830,1,1,Marie Carmen Sanchez
25832,1,1,Lucie Bordron-Ursule
25833,1,1,Yann Du Bouays
25834,1,1,Rickard Ström
25835,1,1,Matthias Zemp
25836,1,1,Andreas Unger
9664,1,5,Aleksander Vidackovic
25837,1,1,Tony Jialiang Chen
25838,1,1,Frederic Sommer
25839,1,1,Jan Book
9639,1,15,Frederic Jover
25840,1,1,Mathias Albert
25841,1,1,Felicia Birgitta Lilkaer
9635,1,23,Guy Livneh
25842,1,2,Estelle Naumanen
9601,1,8,Janine Martin
25844,1,1,Anna Thorman
9581,1,4,Peter Raynov
25845,1,1,Christine Wendel
25846,1,1,Charlotte Aste
25847,1,1,Camilla Näslund
25848,1,1,Naomi Aihara
25831,1,1,Amanda Ny
25829,1,1,Constance Cyran
9871,1,10,Richard Urveczki
9680,1,3,Camilla Jonsson
9850,1,16,Dani Cosford
25800,1,1,Kata Kosztolányi
25801,1,1,Inbal Joffe
25802,1,1,Nikolett Reznák
25803,1,2,Rozi Dosek
25804,1,1,Barbara Sophie Wölfer
25805,1,1,Anita Palkovics
25806,1,1,Katrin Vu
9805,1,3,Jeff Huang
25807,1,1,Virág Kiss
25808,1,1,Ksenia Krivoruchko
25811,1,1,Brian Peterson
25812,1,1,John Baker
25813,1,1,Stephen Douglas
9731,1,11,Alexander Mikitin
25815,1,1,Kala Bonecutter
25817,1,1,Bery Montenegro
25818,1,1,Mackenzie Cook
25820,1,1,Julianna Bailey
25821,1,1,Caroline Weisgerber
25825,1,1,Ashliegh Dollar
9048,1,4,Carol Lanzillo
9046,1,2,Jesse Fatherree
25963,1,1,Cristian Ruiz
26089,1,1,Robin Renggli
26091,1,1,Tuomo Kautto
26092,1,1,Severi Jääskeläinen
26093,1,2,Emmi Myöhänen
26094,1,1,Tuija Savolainen
26095,1,2,Anni Vartila
26096,1,1,Anne Rantala
26097,1,1,Anja Sippola
26098,1,1,Karoliina Ahonen
26099,1,1,Sanna Aarikka
26100,1,1,Jere Manni
26101,1,1,Riina Kaukonen
26104,1,1,Andy Cabell
26106,1,1,Arnol Hamdani
26107,1,1,Ashraff Azwar
26108,1,1,Decen Ng
26109,1,1,Steven Nguyen
26110,1,1,Guruprasad Rudresh
26111,1,1,Vince Yap
26112,1,1,Rachit Kant
26113,1,1,Wai Limn Leong
26114,1,1,Nirvan Gopalan-Krishnan
26090,1,1,Harri Pöyhönen
8241,1,10,Renee Young
26116,1,1,Stevie Fransiska
26087,1,1,Tristen Hewitt
26065,1,1,Adam Orozco
26066,1,1,Earl Parsons
26067,1,1,Vlad Vermesan
26068,1,1,Keith Barnard
26069,1,1,Ryan Beede
26070,1,1,Harkeerat Kohli
26071,1,1,David Rosenfeld
26073,1,1,Vivian Pfister
26074,1,1,Kira Martin
26075,1,1,Lorél Medina
26076,1,1,Grace Landry
26077,1,1,Teresa Castillon
8257,1,11,Jordan Sims
26078,1,1,Liza Townsend
8243,1,8,Kristen Hoffman
26079,1,1,Semret Yibass
26080,1,1,Kristine Chambers
26081,1,1,Shelly White
26082,1,1,Lindsay Gardner
26084,1,1,Caylin Knott
26086,1,1,Grace Torgerson
26115,1,1,Jihan Salsabila
8234,1,12,Levente Friesz
25964,1,1,James Figluizzi-Bingham
26142,1,1,Lena Nielsen
26144,1,1,Olga Zhizhileva
26145,1,1,Elena Catalina
26146,1,1,Adina Claudia Grebencia
26147,1,1,Alba Iniesta
26148,1,1,Anna Rio Carrillo
26149,1,1,Ana Docampo
7966,1,7,Laura Colantonio
26150,1,1,Bárbara Casas
26151,1,1,Mélody Lim
26152,1,1,Isabel Jarama
26153,1,1,Irina Angelucci
26154,1,1,Michael Still
7923,1,3,Judalyn Weeks
7914,1,1,Carrie Smith
26157,1,1,Jason Frates
26158,1,1,Daniel Burkdoll
26159,1,1,John Washburn
26160,1,1,Silvana Guiterrez
26161,1,1,Austin Davoux
26162,1,1,Isaac Talbert
26163,1,1,Alivia Spencer
26143,1,1,Carla Coromina
26141,1,1,Denis Tastet
26117,1,1,Vinnie Yee
26140,1,1,Raphaël Guetta
26118,1,1,Miso Kim
26119,1,1,Gukrae Jo
26120,1,1,Jina Kim
26121,1,1,Wiing Liu
26122,1,1,Tatjana Rebesa
8177,1,31,Irina Puzanova
26123,1,1,Xindy Chin
26124,1,1,Natalya Stelmakh
26125,1,1,R. Ferdiyana
26126,1,1,Angga Brownski
26129,1,1,Mezyndra Badsha
8163,1,18,Scott Mehlberg
26131,1,1,Melissa Chan
8099,1,38,Lisa Picard
26132,1,1,Jessie Choy
26133,1,1,Niken Niken
26134,1,1,Marie-Christine Molina
26136,1,1,Oriol Parareda Casablancas
26137,1,1,Matthieu Carruelle
26138,1,1,Jaume Oller Graners
26139,1,1,Patrick Neipp
26064,1,1,Galen Beede
26062,1,1,Aspen Hunt
8458,1,3,Yann Wajsgrus
25988,1,1,Karolina Jozefowicz
25990,1,1,Veronika Barešová
25991,1,1,Kristin Klasinski
25992,1,1,Dominika Borková
25993,1,1,Zuzanna Mierzwa
8885,1,11,Michelle Centeno
25994,1,1,Veronika Buryánová
25995,1,1,Iva Žůrková
25996,1,1,Eliška Píchalová
8861,1,8,Jerome Cabot
25998,1,1,David Flores
25999,1,1,Ying Yu
26000,1,1,Justin Carter
26001,1,1,Natasha Lykhenko
26002,1,1,Francesca Rossi
26003,1,1,Keltcey Durham
26004,1,1,Justin Carter
26005,1,1,Joshua Rahm
26006,1,1,Jake Miller
26008,1,1,Luciana Gravotta
8783,1,2,Tom Levesque
26011,1,1,Jenny Spencer
25989,1,1,Paniz Alizadeh
25987,1,1,Maja Ludwikowska
8472,1,23,Jenna Shimek
25986,1,1,Timo Lanzner
25965,1,1,Robert Victory
25966,1,1,Vijay Rao
9040,1,17,Richard Chung
25968,1,1,Vanessa Lam
25969,1,1,Amanda Brown
9012,1,21,Coralie Chastel
9011,1,14,Stephane Gazzotti
25970,1,1,Saba Rathore
25971,1,1,Katia Hughes
25972,1,1,Elizabeth DeFreitas
25973,1,1,Dominique Marinescu
25974,1,1,Sarah Dziedzic
25975,1,1,Katherine Cunningham
25976,1,1,Niyanth Polisetty
25977,1,1,Makayla Heinle
25980,1,1,Magdalena Svoboda
25981,1,1,Michał Kowalski
25982,1,1,Tomas Krutina
25983,1,1,Martin Šmoldas
25984,1,1,Adam Vlasák
25985,1,1,Jan Wąsak
26012,1,1,Bruno Ploumhans
26013,1,1,Laurent Cohendet
26014,1,1,Quentin Leroy
26015,1,1,Didier Dubrit
8664,1,10,Nomer Dumanon
8631,1,19,Thomas Carter
8630,1,8,Joni Rivera
26039,1,1,Siarhei Tryputska
26040,1,1,Audrey Weverbergh
8588,1,4,Natalie Lowry
26042,1,1,Yvette Dragt
26043,1,1,Tuisku Jarva
26044,1,1,Marianne Zeillinger
26045,1,1,Laura van Hecke
26046,1,1,Jette Vis
26047,1,1,Joy Muth
26048,1,1,Barun Parruck
26050,1,1,Alisa Petrushina
26051,1,1,Albina Gaynutdinova
26052,1,1,Kalimullin Rinat
26053,1,1,Irina Tuchinskaya
26054,1,1,Yana Zachupeyko
26055,1,1,Marina Chinenova
26056,1,1,Ed Shevchenko
8532,1,9,Simon Henry
26038,1,1,Marten Kruidhof
26037,1,1,Jorick Lange
26036,1,1,Erik Landman
26024,1,1,Mathilde Gurgey
26016,1,1,Paolo Olivo
26017,1,1,Aurélien Dudouit
8725,1,25,Thomas Bachmann
26018,1,1,Cedric Santiago
26019,1,1,Delphine Gorlier
26020,1,1,Marine Carpaye
26021,1,1,Nadege Lardeux
26022,1,1,Sophie Blondel-Antelme
26023,1,1,Véronique Cohendet
26025,1,1,Patricia Richardet Lhote
26035,1,1,Guido Schrijvers
26026,1,1,Apolline Ravassard
8709,1,9,Steve Csuth
26027,1,1,Carole L'Abbate
26028,1,1,Marie Fasol
26029,1,1,Jean-Luc Jusserand
26031,1,1,Nikilo Sonnet
8681,1,7,Guy Hughes
26033,1,1,Sascha Grimm
26034,1,1,Vasily Lukyanov
26381,1,1,Pirmin Suter
27276,1,1,Antonia Ryba
26382,1,1,Philipp Moehrke
26719,1,1,Christopher T. Lo
26712,1,1,Lehansa Gurugamage
27024,1,1,Fan Yi Zeng
27023,1,1,Jasmine Abdurahman
26713,1,1,Manuela Powell
27022,1,1,Yun Ting Peng
27021,1,1,Aaron Chang
26714,1,1,Joshua Hillis
26715,1,1,Mya Bennett
27020,1,1,Daryl Goh
27019,1,1,Adam Firdaus Tan
26720,1,1,Matthew Pische
27025,1,1,Chloe Liu
26721,1,1,Craig Nelson
26722,1,1,Zachary Harding
26723,1,1,Tony Yelle
27018,1,1,Katie Kostrzewski
27017,1,1,Sydney Thorpe
27016,1,1,Michael Hosale
27015,1,1,Robin King
27014,1,1,Sylvia Egger
26724,1,1,William Douglas Hartman
27013,1,1,Dana Bourque
26711,1,1,Trinity Roberts
26710,1,1,Sophia Yang
26726,1,1,Tyler Reamy
27033,1,1,Avery Phoenix
26700,1,1,Chris Huff
27041,1,1,Caroline Lodén
27040,1,1,Aleks Petkov
26701,1,1,Jose Dominic
27038,1,1,Sharon Lee
27037,1,1,Laura Haims
27036,1,1,Patricia Ladouceur
27035,1,1,Liza Marians
27034,1,1,Ethan Labowe
26702,1,1,Steve Pudloski
26703,1,1,Prajak Khruasuwan
27027,1,1,Kael Lee
27032,1,1,Ying Xuan Chua
26704,1,1,Camille Renfroe
27031,1,1,Lilysan Wijaya
26705,1,1,Tera Colwell
27029,1,1,Stefany Lolyta
27028,1,1,Ryan Lim
26706,1,1,Sameera Vedantam
26707,1,1,Luda Kamenetsky
26708,1,1,Deanna Nelson
26709,1,1,Lina Daoudi
26725,1,1,Carlysle Garland
26727,1,1,Demi Nichoalds
26750,1,1,Anders Björklund
26983,1,1,Rasa Bojarun
26991,1,1,Guy Shmuel
26990,1,1,Benjamin Berstecher
26989,1,1,Kerstin Batschak
26988,1,1,Patrizia Altenburger
26987,1,1,Cornelia Enz
26741,1,1,Jackie Braggs
26986,1,1,Elena Kirchgessner
26985,1,1,Franziska Zinsmeister
26984,1,1,Carolin Grether
26742,1,1,Lexie Papaspyrou
26743,1,1,Lorraine Laudrum
26993,1,1,Derek Murphy
26982,1,1,Alex Deutschmann
26981,1,1,Michele Klein
26980,1,1,Martin Buchalik
26978,1,1,Ferdinand Becherer
26744,1,1,Nadège Graveaud
26745,1,1,Roxana Nichiforov
26747,1,1,Sandra Ingberg
26748,1,2,Viktor Bäck
26977,1,1,Svenja Mansdotter
26749,1,1,Benoit Esmein
26992,1,1,Rafał Lewandowski
26994,1,1,Krzysztof Bartkowiak
27012,1,1,Ethan Alexander
26736,1,1,Sua Tsubokura Aguiriano
27011,1,1,Duncan McElveen
27010,1,1,Micah Larson
26730,1,1,Louis Carruthers
27009,1,1,Anna Chudnaia
27008,1,2,Oskar Bohinc
27007,1,1,Hanna Bieżyńska
26732,1,1,Christian Panlilio
27006,1,1,Marta Kuźlak
27005,1,2,Katarzyna Pustelnik
26735,1,1,Colette Aragonés
26737,1,1,Katsiaryna Dzibrova
26740,1,1,Shree Desai
27003,1,1,Iana Petrakivska
27002,1,1,Alena Prakonina
26738,1,1,Indre Nagyte
27001,1,1,Kamila Sądowska
27000,1,1,Tatjana Berstecher
26998,1,1,Roy Wexler
26739,1,1,Shelley Cook
26997,1,1,Radoslaw Gierwialo
26996,1,1,Przemysław Kuryłło
26995,1,1,Anna Borys
26699,1,1,Robert Stackhouse
27042,1,1,Alexander Svensson
27043,1,1,Bent Erik Anseth
26662,1,1,Octavian Tofoleanu
27083,1,1,Ayana Sumner
27082,1,1,James Kruczek
27081,1,1,Lilyann Linehan
27080,1,1,Livia Alexandru
27079,1,1,Stanislav Boboshko
27078,1,1,Csenge Földvári-Nagy
26659,1,1,Pierre Vittorio Sinajon
26660,1,1,JianBo He
26661,1,1,Melissa Chong
27077,1,1,Nina Mutch
26663,1,1,Alison Burgess
27085,1,1,Eden League
27076,1,1,Lilla Pintér
26664,1,1,Lee Riches
27075,1,1,Krisztina Dabóczi
27074,1,1,Sabina Oleksy
27073,1,1,Krisztina Szanyi
27072,1,1,Csenge Wendl
27071,1,1,Carolin Knappe
27070,1,1,Minna Baranyai
27069,1,1,Arnold Németh
26665,1,1,Aaron Koch
27084,1,2,Ashley Dominguez
27086,1,1,Katie Kitay
27044,1,1,Jyri Maanpää
27091,1,1,Chris Fusco
26645,1,1,Gerald Eder
26646,1,1,Michael Kohl
26647,1,1,Saskia Reisenauer
27096,1,1,Jenny Chiu
26648,1,1,Victoria Wostratovsky
27095,1,1,Caitlin Scaife
27094,1,1,Felix Hermouet
26649,1,1,Louisa Hohenberger
27093,1,1,Jarrah Conlon
27092,1,1,Yash Giri
26650,1,1,Annamária Jacsó
27087,1,2,Jaedell Gresham
26651,1,1,Tina Renner
26652,1,1,Barbara Marckhgott
26653,1,1,Sonja Hoschek
26654,1,1,Cecile Cronau
26655,1,1,Ursula Buergerhausen
26656,1,1,Christina Leeb
27090,1,1,Rhys Barnes
27089,1,1,Colleen Madden
26657,1,1,Marin Vojkovic
26658,1,1,Madi Fabber
26666,1,1,Michael Diamond
26667,1,1,Soile Weaver
27068,1,1,Balázs Ferencz
26690,1,1,Eva Aalto
26682,1,1,Beat Zobrist
26683,1,1,Jonas Huelsmann
26684,1,1,Elina Väisänen
26685,1,1,Jaana Vilkman
27050,1,1,Ronja Štrukelj Kreč
27049,1,1,Fredrik Brodin
26686,1,1,Aurelija Knispeliene
26687,1,1,Nadja Höhne
26688,1,1,Aino Kemppi
26689,1,1,Sanna Aikio
26691,1,1,Eve Vaitkeviciute
26668,1,1,Shareena McGregor
26692,1,1,Mirka Hemmilä
27048,1,1,Jörgen Boija
26693,1,1,Meryem Karalioglu
27047,1,1,Mari Danielsen
26694,1,1,Petteri Ervasti
27046,1,1,Stefan Risberg
26696,1,1,Emily Doubt
26697,1,1,David Sylvester
26698,1,1,Lucas Vargas
27045,1,1,Jonathan Bon
27051,1,1,Lovisa Jonsson
26681,1,1,Anna Makowiecka
26680,1,1,Frédéric-Sebastian Walk
26679,1,1,Pirjo Mäkelä
27067,1,1,Mike Ádám
27066,1,1,Daniela Schuster
26669,1,1,Jeri Tess
26670,1,1,Patrick Orr
27065,1,1,Wiktor Kolodziej
27064,1,1,Julia Raida
27063,1,1,Adam Sarosi
27062,1,1,Marcin Skiba
27061,1,1,Georgiana Danila
27060,1,1,Siri Wallentén
26673,1,1,Lauren Smith
27059,1,1,Emelie Lindkvist
27058,1,1,Linnéa Tärnström
26674,1,1,Margaret Camp
26675,1,1,Anton Shalgachev
27057,1,1,Mercia Malan
27056,1,1,Inessa Heimeshoff
27055,1,1,Sara Ejnestrand
26677,1,1,Atte Sarkonen
26678,1,1,Sanna Pynttäri
27054,1,1,Trine Risvik
26976,1,1,Alessandra Bode
26751,1,1,Marita Hauglid
27097,1,1,Carolyn Wilkins
26880,1,1,Edison Lee
26806,1,1,Leia Navratil
26886,1,1,Michaela Sadler
26885,1,1,Morgan Cremin
26884,1,1,Riley Farrell
26883,1,1,Zachary Barbieri
26807,1,1,Laura Manzo
26808,1,1,Trang Tran
26882,1,1,Diana Fu
26809,1,1,Luca Fornaciari
26881,1,1,Patricia Levi
26810,1,1,Mikołaj Walkowski
26889,1,1,Corey Jenkins
26811,1,1,Tim Haboldt
26879,1,1,Julia Zhao
26877,1,1,Kya Solorio
26876,1,1,Stephanie Gay Moss
26875,1,1,Eleanor Sigrest
26813,1,1,Luca Tanno
26814,1,1,Alice Donatone
26815,1,1,Mirko Raffo
26874,1,1,Shelly Harel
26817,1,1,Claire Griffiths
26888,1,1,Luke Primrose
26890,1,1,Shay Govan
26872,1,1,Emily Chern
26901,1,1,Evan Walters
26792,1,1,Taryn Trigler
26793,1,1,Kyla Sullivan
26794,1,1,Casia Siegel
26795,1,1,Amity McGinnis
26796,1,2,Caziah Rockett
26903,1,1,Brittany Palmer
26797,1,1,Erik Requejo
26798,1,1,Coby Giese
26902,1,1,Jack Meyers
26799,1,1,Ji Yeon Ku
26900,1,1,Nizam Tengku
26891,1,1,Daniel Turner
26899,1,1,Jonathan Cormier
26800,1,1,Talyan Wright
26801,1,1,Bailey Fritz
26802,1,1,Hideno Kiba
26898,1,1,Barak Binyamin
26897,1,1,Hanna Lu
26896,1,1,Elise Eaton
26894,1,1,Cara Horisk
26892,1,1,Zoe Green
26804,1,1,Nick Manzo
26873,1,1,Kristee Song
25735,1,1,Isabelle Penny
26752,1,1,Kine Kleveland
26856,1,1,Céline Girard
26837,1,1,Naresh Bellave
26861,1,1,Brenda Cowell
26860,1,1,Carine McCrae Boily
26859,1,1,Heather Marshall
26858,1,1,Daniella Reid
26838,1,1,Vincent Perdana
26839,1,1,Sue Kramer
26840,1,1,Monique Thepkaisone
26841,1,1,Teniele Gabriel
26857,1,1,Doris Voina
26855,1,1,Loretta Wudel
26835,1,1,Amy Hallam
26844,1,1,Danielle Harris
26854,1,1,Andréanne Chagnon-Robert
26853,1,1,Martine Laniel
26852,1,1,Alexandre George
26851,1,1,River Pyne
26845,1,1,Torre Viola
26846,1,1,Gregoire Bornais
26850,1,1,Alice Rolf
26849,1,1,Brian McConville
26848,1,1,Ian Paradis-Cote
26836,1,1,Swee McD
26834,1,1,Lee Crosbie
26818,1,1,Roberta De Intinis
26823,1,1,Roberta Consoli
26871,1,1,Elton Wadlow
26870,1,1,Mikhail Sushchik
26819,1,1,Silvia Lisignoli
26869,1,1,David Shackelford
26820,1,1,Benedetta Carocci
26821,1,1,Natalia Kaczuba
26822,1,1,Claudia Mattei
26868,1,1,Kareena Zheng
26867,1,1,Sean Lee
26866,1,1,Saurav Panda
26824,1,1,Anna Walkowska
26864,1,1,Amelie Combier
26865,1,1,Tommy Guillot
26825,1,1,Daniela Multari
26826,1,1,Marie Hacker
26827,1,1,Dylan Astaing-Peyrat
26828,1,1,Lanhowe Chen
26829,1,1,Reza Akbari
26830,1,1,Monique Thepkaisone
26831,1,1,Joshua Collis
26832,1,1,Amanda Salis
26833,1,1,Amber-Louise Masters
26904,1,1,Catherine Ogden
26791,1,1,Alena Schuemann
26905,1,1,Briana Cologna
26952,1,1,Ali Daniels
26957,1,1,Jan Burgard
26763,1,1,Eirik Berge
26764,1,1,Anders Gliddi
26765,1,1,Johan Ekorn
26956,1,1,Milenia Moreno
26955,1,1,Meg Rozwadowski
26954,1,1,Mitchell Schaefer
26766,1,1,Bjørn Henrik Fossum
26767,1,1,Ragne Grønning Almberg
26953,1,1,Rodolfo Blanquicett
26768,1,1,Maria Roaldsnes
26959,1,1,Jan Louis Rentmeister
26951,1,1,Claire Desautels
26950,1,1,Elizabeth Mehringer
26949,1,1,Ingrid Bloom
26769,1,1,Jeanette Myrvold
26948,1,1,Schuler Kleinfelter
26947,1,1,Caitlin Woodman
26946,1,1,Vanessa De La Regata
26945,1,1,Simone Zautis
26944,1,1,Kate Benson
26943,1,1,Jason Magafas
26958,1,1,Miriam Pütz
26762,1,1,Kenneth Lisbjerg Jensen
26790,1,1,Taylor Gibson
26968,1,1,Andrea Schalk
26974,1,1,Michaela Danetzky
26753,1,1,Camilla Bringsaas
26973,1,1,Christina Arnolds
26972,1,1,Xheni Vogli
26754,1,1,Ina Lindsköld
26971,1,1,Janika Reineke
26755,1,1,Marta Trzaska
26970,1,1,Angelique Still
26756,1,1,Ellen Nilsen
26969,1,1,Mona Schwabe
26967,1,1,Viktor Betke
26761,1,1,Øystein Hjertenæs
26966,1,1,Melvin Paetzold
26965,1,1,Sebastian Stolz
26964,1,1,Max Eckel
26757,1,1,Ida Stensson
26758,1,1,Camilla Nilsson
26963,1,1,Frank Becker
26962,1,1,Daniel Reuter
26961,1,1,Marc Assenmacher
26760,1,1,Mark Hochholzer
26960,1,1,Tamme Müller
26770,1,1,Katerina Soukupova
26771,1,1,Rita Pedersen
26942,1,1,Stephanie Vos
26787,1,1,Corbin Canfield
26919,1,1,Alix Desagnat
26918,1,1,Tom Gaillard
26782,1,1,Patrick Herke
26783,1,1,Nash Carroll
26917,1,1,Amélie Dessogne
26784,1,1,Raven Dupree
26916,1,1,Fanny Giacomini
26785,1,1,Chris Elder
26786,1,1,Nathaniel Payne
26915,1,1,Lola Menendez
26914,1,1,Bart Van Mulders
26941,1,1,Joshua Kozlowski
26913,1,1,Youri Noel
26912,1,1,Vincent Moriceau
26911,1,1,Philippe Van den Abbeele
26910,1,1,Dominique Guyonnet
26788,1,1,Ashley Croft
26789,1,1,Theodora Bauer
26909,1,1,Frans Verhees
26908,1,1,Lila Nickler
26907,1,1,Marie-Lou Novene
26906,1,1,Leo Retrain
26780,1,2,Sayan Chattopadhyay
26920,1,1,Charline Servais
26921,1,1,Jennylee Coupin
26922,1,1,Audrey Bender
26940,1,1,Jorge Alvarez
26939,1,1,Michelle Van Der Karr
26937,1,1,Kerry Romack
26936,1,1,Jason Abrams
26773,1,1,Siri Stokkebekk
26935,1,1,Mia Reed
26934,1,1,Heather Whim
26932,1,1,Joe Akrabowon
26931,1,1,Anton Bogatirev
26930,1,1,Rosemary Garry
26929,1,1,Chris Prasad
26928,1,1,Michelle Serame
26927,1,1,Emma Sold
26774,1,1,Monica Svenningsen
26775,1,1,Hilde Elise Helgesen
26926,1,1,Caroline Forin
26925,1,1,Lisa Koeffer
26776,1,1,Jeanett Wesstøl
26924,1,1,Maxime Destoop
26778,1,1,Ole-Kristian Bendiksen
26923,1,1,Sophie Crespo
26644,1,1,Juanita Kurtin
26643,1,1,Steve Lesrel
5313,1,9,Susan Grupp
26493,1,1,Jeffrey James
26479,1,1,Kira Schubot
26480,1,1,Basil Stein
26481,1,1,Trinity Gorgas
26482,1,1,Sydni Galligher
26483,1,1,Camellia Nieh
26484,1,1,Aubrey Nida
26489,1,2,Ava Lowell
26490,1,1,Kathryn Pearson
26491,1,1,Isaiah Figueroa
26492,1,1,Narine Bridgemohan
27262,1,1,Kerstin Adass
27263,1,1,Anne Lange
27261,1,1,Aneta Mista
27260,1,1,Abe Ackerman
27259,1,1,Daniel Hoff
27258,1,1,Martin Zellner
27257,1,1,Ben Delight
26497,1,1,Eric Lee
27256,1,1,Makena Loveland
27255,1,1,Cecilia Prado Ramirez
27254,1,1,Nicole Silhan
26498,1,1,Stephanie Woiciechowski
26478,1,1,Ty Bucek
27264,1,1,Mareike Tredup
27253,1,1,Emiko Armstrong
27275,1,1,Diana Wolińska
26464,1,1,Cristina Nicoleta Niculae
26465,1,1,Tsveta Vasileva
27278,1,1,Agata Wichowska
26466,1,1,Irina Petkova
26467,1,1,Albu Oana
26468,1,1,Viktoriya Sirakova
26469,1,1,Ralitsa Markova
27277,1,1,Barbara Zając
26847,1,1,Gabriel Campeau-Giguère
26470,1,1,Karin Gneush
26471,1,1,Evelin Bell
27266,1,1,Franziska Görlitz
26472,1,1,Tatyana Genadieva
27274,1,1,Monika Tenerowicz-Żaba
27273,1,1,Katarzyna Pajak
27272,1,1,Eugenia Rzedzicka
27271,1,1,Piotr Pieda
27270,1,1,Pawel Rudnicki
27269,1,1,Grzegorz Biel
27268,1,1,Mikolaj Debicki
26475,1,1,Oana Luca
27267,1,1,Michał Wichowski
26500,1,1,Lakshanyaa Kannan
26501,1,1,Megan Cunningham
27214,1,1,Anthony Baker
26523,1,2,Peter Christian
27231,1,1,Dariusz Tomaszczyk
26517,1,1,Raegan Kalasz
27229,1,1,Andrey Popov
27228,1,1,Dmitriy Kanev
27227,1,1,Yuliya Kuznetsova
27226,1,1,Ulyana Zavyalova
26520,1,1,Jordan Ruvalcaba
27225,1,1,Olga Komarova
27224,1,1,Anton Nikitin
27223,1,1,Igor Zakharov
27222,1,1,Alexander Pershin
27233,1,1,Sindre Vatne Storesund
27220,1,1,Allison DeWeese-Sund
26524,1,1,Baron Saraiva
26525,1,1,Maria Sutter
27219,1,1,Carine Buxeraud
26526,1,1,Luana Alves
26527,1,1,Nicola Kalli
26528,1,1,Staci Most
27218,1,1,Elisabet Renaut
27215,1,1,Scott Morrison
26529,1,1,Skitter McConkie
27232,1,1,Stefan Steuerwald
27234,1,1,Moritz Müller
27252,1,1,Nina Chere Norgaard
26507,1,1,Christopher Ling
27251,1,1,Tony Cheang
27249,1,1,Kevin Young
27248,1,1,Tania De Castro Simarro
26503,1,1,Leo Minamoto
27247,1,1,Adele Innvær Stokkenes
27246,1,1,Ida Maruotto
26505,1,1,Natasha Metzger
27245,1,1,Thorey Maria Mariusdottir
27244,1,1,Lilja Riedel
27243,1,1,Aneta Biel
27242,1,1,Aliaksandra Kliuchko
26515,1,1,Cai Garcia
27241,1,1,Tone Regine Løland
27240,1,1,Marina Gregorsson
27239,1,1,Vibecke Teigen
26508,1,1,Ravikiran Kawade
26510,1,1,Kerry Jones
27238,1,1,Natalia Lalla
26511,1,1,Monica Wahl
27237,1,1,Ann-Cecilie Stokkenes
27236,1,1,Sebastjan Pretnar
27235,1,1,Otto Hanski
26463,1,1,Vladimir Hristov
26462,1,1,Catalin Retegan
27279,1,1,Maja Kuźniarska
421,1,15,Rob Ingenthron
4964,1,12,Michael Guzman
26406,1,1,Samantha Arnold
4898,1,14,Alex Wood
26407,1,1,Amy Murphy
26408,1,1,Bridget Mangan
26409,1,1,Anna Hinz
26410,1,1,Isabelle Gardo
26414,1,1,Ryan Brenneman
26415,1,1,Christopher Lui
4271,1,9,Linda Leverock
26417,1,1,Marian Pearcy
26404,1,1,Alex Bruce
26418,1,1,Laurel Wong
26419,1,1,Isaac Akintitan
26420,1,1,Alberto De la Cruz
26421,1,1,Lily Varnado
4208,1,3,Natalie Johnson
26423,1,1,Ann Bertilsson
26424,1,1,Magnus Korsaksel
26425,1,1,Hampus Ekstrand
26426,1,1,Stephanie Lindholm
3967,1,13,Catherine Cogut
26405,1,1,Kylia Ingraffia
26403,1,1,Rick Leach
26461,1,1,Kelemen Szilard
26390,1,2,Gloria Königs
5312,1,13,Scott Mercer
5282,1,14,Chris Moy
5198,1,4,Tiffany Ellender
26383,1,1,Bernd Kosmella
26386,1,1,Isabelle Eras
5190,1,2,Melissa Stewart
5178,1,36,Mackenzie Goodmanson
5066,1,8,Ashley Smith
26388,1,1,Marietta Schuster
26389,1,1,Monica Karimi - Frohnwieser
26391,1,1,Heike Ammen
26402,1,1,Tristan McMullen
26392,1,1,Marlene Seipp
26393,1,1,Clara Nies
26394,1,1,Sophie Heinzelmann
26395,1,1,Christina Dischler
5037,1,5,Autumn Barr
26397,1,1,Calvin Hoe
26398,1,1,Santiago Liera Campos
26399,1,1,Stephan Beaulac
26400,1,1,Gregory Cook
26401,1,1,Christian Larsen
3827,1,32,Annmarie Marker
26427,1,1,Minna Beijar
26428,1,2,Britta Kössendrup
27286,1,1,Yannick Franoux
27292,1,1,Mathieu Urcun
27291,1,1,Anne-Lise Vinet
26451,1,1,Emily Pearson
26452,1,1,MB Barden
26454,1,1,Michael W. Smith
27290,1,1,Karine Treguer
27289,1,1,Krystal-Anaïs Capdegel
27288,1,1,Fabrice Pagès
26455,1,1,Maria Kelly
27287,1,1,Matthew Tilsley
26456,1,1,Amanda Brady
26429,1,1,Naomi Barmettler
26457,1,1,Debra Mignola
26458,1,1,Rachel Hughes
26459,1,1,Robyn Maile
27285,1,1,Agnieszka Kuruś
26460,1,1,Riccardo Ferretti
27284,1,1,Adam Twardosz
27283,1,1,Paulina Czwalga
27282,1,1,Sarai Oppenheimer
27281,1,1,Katarzyna Wyszomirska
27280,1,1,Anna Cyrys
26450,1,1,Paul Elliott
26449,1,1,Heidi Kasemir
27293,1,1,Michael De San Féliciano
27294,1,1,Kim-Anne Pham
26431,1,1,Louise Bertilsson
26432,1,1,Anna Holmbom
26433,1,1,Seth Lowery
26434,1,1,Jack Luhman
3677,1,9,Michael Ruby
3394,1,6,Dee Barron
26435,1,1,Emily Hayes
26436,1,1,Courtney Purcell
3244,1,16,Shalay Branch
26437,1,1,Jessica McClure
26440,1,1,Sara Blasi
26442,1,1,Chris Spear
26443,1,1,Gracie Thornton
26444,1,1,Paul Lindauer
26445,1,1,Cody Murrow
26446,1,1,James Blair
2959,1,2,Jack Armstrong
2895,1,9,Kristin Kling
2742,1,8,Charles Williams
26447,1,1,Kayla Ferrara
26448,1,1,Emily Engel
26530,1,1,James Jimenez
27213,1,1,Brandon Keeler
27098,1,1,Mimi He
26603,1,1,Andrea Blosser
27136,1,1,Laurence De Clercq
26597,1,1,Brooks Testerman
27135,1,1,Nina Hope
26598,1,1,Matthew Stuffel
26599,1,1,Bettina Velasco
27134,1,1,Maria Agathangelou
26600,1,1,Olivia Booth
26601,1,1,Kyla Ward
26602,1,1,Sarah Rowe
27133,1,1,Kristina Johansen Aikio
26604,1,1,Elizabeth Bredice
26596,1,1,Luke McGregor
26605,1,1,Erika Reyes
27132,1,1,Alice McKeown
26606,1,1,Ingrid Swanson
27131,1,1,Michi Aneez
27130,1,1,Evie Jamieson
27129,1,1,Emily Roashan
26607,1,2,Lilliana Simpson
26608,1,1,Lauren Coleman
27128,1,1,Stephanie Russell
27127,1,1,Sebastian Milc
27137,1,1,Noemi Donigiewicz
26595,1,1,Michael-Paul James
27126,1,1,Gordon Russell
26587,1,1,Aleksandr Timonin
26579,1,1,Yi Lin Wang
26580,1,1,Yerin Cha
27148,1,1,Teaira Kelley
26584,1,1,Natsuko Yamamoto
27147,1,1,Leslie Nuemann
27146,1,1,Zerek Johnson
26585,1,1,Ayumi Ishiguro
27145,1,1,Ryan Ifflander
27144,1,1,Jayson Neff
26586,1,1,Si Hyun Lee
26588,1,1,Artem Shkov
27138,1,1,Andrew Wong
26589,1,1,Tatyana Parfenova
27143,1,1,Ansel Riccio
26590,1,1,Ekaterina Ando
26591,1,1,Eric Lindberg
27142,1,1,Greg Buchanan
27141,1,1,Trevor Mullens
26592,1,1,Mac McCord
27140,1,1,Christopher Gonzalez
26593,1,1,Jerry Wier
27139,1,2,Joe Ciminna
26611,1,1,Emma Zajonc
26613,1,1,Raven Duncan
27212,1,1,Lora Oblack
27107,1,1,Florent Veret
27113,1,1,Lucie Guitton
27112,1,1,Clara Crignon
26631,1,1,Yarden Lumbroso
27111,1,1,Elise Mercier
26632,1,1,Svenja Beck
27110,1,1,Meyline Audineau
27109,1,1,Stéphanie Guicherd
26633,1,1,Lucie Drahoňovská
26634,1,2,Carolin Steinegger
27108,1,1,Jess Vachet
27106,1,1,Yohan Nooshian
27114,1,1,Victor Lhuillier
27105,1,1,Utako Niimi
26635,1,1,Octavia Ciora
26636,1,1,Katrin Weigert
26639,1,1,Matthias Palfi
27102,1,1,Anna Shekin
27101,1,1,Dean Wrobel
27100,1,1,Alistair Wheatland
26640,1,1,Theresa Kilger
27099,1,1,Karen Geurts
26641,1,1,Gerald Parzer
26630,1,1,Zlatka Csenar
26629,1,1,Amelie Häfner
27125,1,1,Benediktas Tarasovas
27121,1,1,Olga Uskova
26615,1,1,Konstantin Chaikun
26617,1,1,Yevgeniy Perfilyev
26618,1,1,Valentin Figol
26619,1,1,Luca Reale
26620,1,1,Silvia Saggiomo
26621,1,1,Catherine Kerr
27124,1,1,Kseniya Zverkova
26622,1,1,Sabrina Barra
27123,1,1,Viktoriya Zabrovskaya
27122,1,1,Aleksey Pavlov
27120,1,1,Mariya Denisova
26628,1,1,Verena Fuhrmann
26623,1,1,Alister Parsons
27119,1,1,Yelena Chernysh
26624,1,1,Roberta Welling
27118,1,1,Maria Nikolaeva
27117,1,1,Anas Davletgareev
27116,1,1,Vladimir Travkin
27115,1,1,ILya Shevcov
26625,1,1,Marc Pape
26626,1,1,Markus Maki
26627,1,1,Irene Papst
27149,1,1,April Stuart
26578,1,1,Seobin Kim
27150,1,1,Halle Kocian
26553,1,1,AJ Key
26544,1,1,Coral Abel
26545,1,1,Sarah Finer
26548,1,1,Chad Eaton
27196,1,1,Karnes McCarrick
27195,1,1,Robby Harrison
27194,1,1,Tracey Smith
26550,1,1,Kala Bonecutter
26552,1,1,Courtney Mausling
27193,1,1,Margaux Meulnart
27192,1,1,Odile Blondeau
27191,1,1,Loane Marthely
27197,1,1,Anup Sreekumar
27190,1,1,Séverine Carles
27189,1,1,Lucie Vialatte
26554,1,1,Jonathan Mace
27188,1,1,Lorine Mougenot
26555,1,1,Allison Barry
26556,1,1,Katie IIsley
27187,1,1,Romain Barres
27186,1,1,Guilhem Benoux
27185,1,1,Pascal Dorinet
27184,1,1,Ryan Gaudat
26543,1,1,Alea Clark
27198,1,1,Erin Paduck
27151,1,1,Lindsey Holton
27205,1,1,Bella Belarmino
27211,1,1,Claudia Vanessa Garcia
26533,1,1,Michael Tamborski
26534,1,1,Joshua Kramer
26535,1,1,Morgan Germann
26536,1,1,Lilly Kaufman
27210,1,1,Jessica Brown
27209,1,1,Craig Mills
27208,1,1,Ben Haut
27207,1,1,Sharon Estafanous
27206,1,1,Susan Janik
27204,1,1,Natalia Ford
27199,1,1,Erika Wainwright
26537,1,1,Tiffany Powell
27203,1,1,Isabelle Wolansky
27202,1,1,Kendra King
26538,1,1,Marissa Baum
27201,1,1,Savannah White-Jagelski
26539,1,1,Sabrina Helland
27200,1,1,Helen Read
26540,1,1,Patrice Tafur-Schlosser
26541,1,1,Gosia Hoot
26542,1,1,Amber Ballard
26558,1,1,Chrissy Muyshondt
27183,1,1,Christa Sparks
26559,1,1,Ruby Nicolson
27160,1,1,Jazlyn Burgess
26571,1,1,Yi-Hsiang Chen
27166,1,1,Christian Summerfruit
26572,1,1,Crystal YH Lim
27165,1,1,Dominick Montie
27164,1,1,Javier Buentello
27163,1,1,Brian Paradis
26573,1,1,Anett Soti
27162,1,1,Kate Solhaven
26574,1,1,Yang Fu
27161,1,1,Trinity Sciannella
27159,1,1,Natalie Bell
27182,1,1,Caleb Sears
26575,1,1,Andrew Crossland
27158,1,1,Eszter Erdei
26576,1,1,Dina Megat
27157,1,1,Thomas Garland
27156,1,1,Jade Fauquant
27155,1,1,Julie Waggoner
27154,1,1,Ruby Knight
26577,1,1,Huei Wen Jang
27153,1,1,Misty Barry
27152,1,1,Kailey Kessler
27167,1,1,Steven Schmitz
26570,1,1,Alexandra Radulescu
27168,1,1,Nathaniel Shi
26569,1,1,Cecile Poquet
27181,1,1,Matt Nickerson
26561,1,1,Elouan Théot
26562,1,1,Jeronimo Diaz
26563,1,1,Eva Guignabodet
26564,1,1,Mar Mensah
27180,1,2,Dalton Dabney
27179,1,1,Ha Tran
26565,1,1,Clémence Thiriot
27178,1,1,Kate Browning
27177,1,1,Allison Palmgren
27176,1,1,Sandrine Arnoult
27175,1,1,Peri Navarro
27174,1,1,Ruby Berlin
27173,1,1,Olga Diaz
27172,1,1,Pat Cupay
27171,1,1,Natalie May
26566,1,1,Magali Maulard
27170,1,1,Allison Munck
27169,1,1,Steve Byerly
26567,1,1,Estela Chabasse
26568,1,1,Aurore Girardet
10030,1,7,Angelique Boully
24263,1,1,Rie Shinagawa
25734,1,1,Jessica Hall
20278,1,9,Ronald Hohenberger
20305,1,3,Kateryna Rybkina
20310,1,4,Edgar Acosta
20366,1,3,Bethany Stephens
20367,1,2,Celine Kessler
20372,1,2,Christian Kranzlein
20380,1,6,Baptiste Bieber
20396,1,5,Adeline Daussin-Guske
20403,1,5,Stephanie Meyer
20434,1,3,Magdalena Wodiczko
20444,1,1,David Bal
20449,1,6,Nick Hoffman
20455,1,4,Dylan Dang
20460,1,7,Chase Yandell
20476,1,24,Devin Wilson
20477,1,3,Jessica Villarin
20481,1,9,Alexus Munn
20487,1,2,Pauline Blanc
20501,1,4,Jessica Beltran
20506,1,2,Cora Orme
20511,1,19,Juan Aguirre
20525,1,4,Cali Russell
20530,1,7,Rick Kindt
20540,1,3,Jenny Lindensparr
20558,1,8,Daniel Lam
20560,1,5,Thibault Sejourne
20291,1,1,Zsófia Szoldán
20266,1,6,McKenzie Butcher
18501,1,4,Anton Drummond
20259,1,18,Rachel Bowlby
20060,1,2,Anastasia Okhapkina
20082,1,5,Malin Nyberg
20085,1,7,Amanda Vasquez
20099,1,8,Stephen Baldwin
20112,1,6,Vladimir Geneste-Samissoff
20116,1,4,Lisa Moinault
20120,1,8,Floriane Robert
20123,1,7,Jen YZ Ang
20136,1,8,Shane Russell
20146,1,3,Mateusz Piestrak
20154,1,3,Ann Harrison
20158,1,4,Marta Klisowska
20163,1,1,Maria Zuzga
20176,1,7,Camille Lachant
20177,1,7,Anaelle Braine
20180,1,5,Cynthia Morelle
20186,1,21,Joe Mendence
20195,1,3,Mathias Mestre
20203,1,9,Typhanie Moiny
20210,1,7,Devin Dowd
20218,1,3,Adalene Keller
20219,1,10,Christine Kearney
20229,1,2,Chelsea Sawley
20245,1,3,Elizabeth Cavanaugh
20249,1,8,Andrew Maynard
20571,1,1,Mattéo Bernardi
20572,1,1,Olivia Wenke De Castilho Quixada
20574,1,4,Adia Nuno
20582,1,6,Michael Oeser
20814,1,5,Megan Landau
20845,1,3,Eric Sharp
20846,1,4,Talia Fallis
20855,1,2,Kylene Setzer
20857,1,3,Angela Peltier
20859,1,9,Joah Vagnozzi
20872,1,4,Nicolas Mercadier
20883,1,5,Gaëtan Bretin
20894,1,2,Paivi Hytonen
20895,1,2,Timo Saratto
20908,1,2,Kevon Lindenberg
20909,1,9,Brandon Zukowski
20930,1,3,Janice Spike-Porter
20934,1,2,Kevin Hyde
20955,1,2,Teresa Flowers
20978,1,4,Abel González
20985,1,5,Laurane Favre
20987,1,7,Michaela Podmanicka
20992,1,3,Debbie Phang
20995,1,3,Lauren Douglas
20997,1,2,Kamil Kurus
21009,1,5,Clara Hiel
21011,1,2,Amelia Kulba
21017,1,3,Malgorzata Maczka
21020,1,10,Klaudia Plaziak
20812,1,5,Wendy Carter
20802,1,4,Charissa Prince-Ferdinand
20795,1,5,Hussain Jaffery
20657,1,9,Eli Webb
20584,1,2,Robert Hoppe
20602,1,11,Annalena Peter
20605,1,10,Jona Triebel
20616,1,3,Lukasz Borys
20619,1,5,Rafal Kulba
20631,1,1,Karolina Kosecka
20638,1,5,Kevin Spahr
20640,1,7,Valerie Higgins
20645,1,2,Marina Hoffman
20646,1,3,Samantha Pincus
20648,1,5,Jasmine Crane
20685,1,3,Breana Powell
20788,1,2,Maksim Rodionov
20692,1,5,Helena Shi
20695,1,7,Justin Tadlock
20701,1,4,Ashlyn Smith
20710,1,3,Valeria Zakharchuk
20720,1,4,Maria Kazakova
20722,1,5,Inga Usoltseva
20731,1,2,Lisa Whittle
20737,1,2,Harish Sidanmat
20761,1,1,Emilia Nilhzon
20770,1,6,Kat Tan
20787,1,6,Denis Gorbanyev
20054,1,3,Larisa Chavez
20053,1,16,Caroline Paige
20049,1,3,Quentin Higley
19224,1,4,Madalina Varlam
18905,1,6,Abby Mark
18943,1,3,Eamon French
18957,1,3,Evelyne Bazier
18963,1,3,Austin Wenger
18966,1,6,Wioletta Kurdek-Zylm
18967,1,3,Robert Przygoda
18972,1,5,Katarzyna Rynkiewicz
18995,1,7,Nicole Heller
19013,1,3,Kelly Nelson
19035,1,7,Thomas Borgese
19046,1,8,Nicolas Rael
19047,1,7,Samuel Schlesinger
19054,1,8,Anna Os`kina
19071,1,9,Isabel Longoria
19076,1,5,Lance Dewbre
19081,1,2,Angelica Lunod
19110,1,2,Claudia Amaral
19123,1,3,Johanna Jonsson
19128,1,2,Jun Heo
19130,1,2,Gyucheol Jeong
19134,1,7,Estelle Yeak
19142,1,1,Nicole Bien
19175,1,1,Shannon Ball
19208,1,4,Jasmin Mann
19222,1,3,Marcel Helbich
18877,1,5,Anne Snell
18876,1,6,Jeffrey Moyers Jr
18850,1,7,Liel Shimonv
18717,1,1,Stew Hartman-Mart
18521,1,4,Leigh Yu
18552,1,4,Mathilde Communier
18553,1,4,Alice Delamare
18576,1,7,William Langenbach
18584,1,3,Andrea Borsova
18590,1,3,Dewi Wibowo
18604,1,3,Karine Ansotte
18667,1,6,Phillip Palenga
18693,1,3,Stephane Aubossu
18705,1,3,Helene Ricordel
18709,1,4,Amy Morice
18722,1,7,David Rudgers
18836,1,6,Kaisa Katka
18754,1,2,Anna-Belle Jean
18786,1,4,Jack Mullin
18791,1,2,Jedediah Naples
18796,1,2,Kiarash Razaghiaval
18797,1,5,Jeongwook Kim
18806,1,3,Brian Passon
18810,1,3,Janice Frank
18824,1,4,Livia Thannabaur
18825,1,3,Evgeniya Luchyk
18831,1,2,Iceabella Johansen
18833,1,7,Jaana Saarijärvi
19223,1,3,Heike Gollenia
19226,1,10,Glenn McCallum
20025,1,17,Kalinda Pride
19239,1,7,Anastasia Sarkeyeva
19764,1,11,Patrick Rudlang
19787,1,3,Reetta Ranne
19795,1,2,Marcelle Wheeler
19811,1,3,Ludovic Monier
19813,1,6,Mélanie Sylvestre
19829,1,4,Richard Ruff
19830,1,3,Jessica Sweeney
19848,1,4,Krissy Bourdo-Moulder
19851,1,3,Amy Finder
19858,1,2,Mayya Zhitkova
19863,1,9,Anastasiya Sharamko
19896,1,11,Delphine Zein
19898,1,4,Quentin Falcand
19905,1,5,Anjelika Thwaites
19906,1,5,Alessandra Oliva
19910,1,2,James Kao
19914,1,3,April McKenzie
19935,1,8,Evgeniya Romanenkova
19947,1,5,Lucas Daut
19985,1,11,Alëna Kozlova
19986,1,8,Pavel Lipatov
19993,1,9,Kim Pear
19999,1,5,Larisa Masterova
20001,1,4,Yana Litinskaya
20007,1,4,Anna Tsapurina
19745,1,3,Thomas Ragel
19699,1,2,Munah Abdul-Rauf
19657,1,6,Vincent Van
19345,1,7,Eric Gingrow
19243,1,6,Heidi Dziak
19248,1,3,Miguel Hernandez-Rivera
19249,1,2,Lara Beecher
19265,1,12,Madison Morris
19270,1,8,Brooke MacInnes
19281,1,2,Paula Arvidsson
19287,1,15,Veronika Sarnitska
19291,1,7,Anastasiya Naydenova
19317,1,6,Karim Ammour
19324,1,2,Myriam Bouhadid
19333,1,8,Corey Brillantes
19376,1,3,Vivien Kähnert
19653,1,2,Sylvie Barrière
19383,1,5,Tair Feinberg
19446,1,5,Jenny Brown
19454,1,8,Lino Vierheilig
19476,1,1,Mattia Rossi
19500,1,2,Jordan Kolarik
19518,1,5,Sarah Peddle
19521,1,2,Stéphanie Monet
19560,1,8,Nina Perga
19594,1,3,Carisa Kozicki
19620,1,3,Erlend Søhoel
19637,1,2,Stuart Jacob
21030,1,4,Damon Cooper
21038,1,9,Heather Loghry
21045,1,8,Seth White
22638,1,3,Florian Ransford
22367,1,2,Kanae Kuba
22375,1,3,Alex Bo-o
22378,1,3,Lauren White
22402,1,4,Miriam Zedníčková
22403,1,2,Uwe Schaffner
22423,1,1,Daniela Mony
22429,1,2,Martin Graw
22434,1,2,Shar Daniels
22438,1,2,Nicole Schaefer
22454,1,3,Andrew Balmer
22457,1,2,Asim Waheed
22459,1,2,YiLin Zhao
22462,1,2,Katrina Kunker
22465,1,4,Katherine Newell
22481,1,2,Raquel Rasal
22487,1,4,Sophia Chui
22489,1,3,Blake Bedford-Palmer
22502,1,2,Paulina Ścisło
22509,1,1,Ross Bloom
22539,1,6,Amanda Storey
22562,1,2,Nikita Morgos
22570,1,3,Ilia Zalivako
22571,1,3,Anastasiya Adamova
22596,1,3,Jennifer Gorce
22625,1,4,Olena Miroshnychenko
22364,1,4,Victor Tay
22363,1,2,Lee Perrott
22357,1,2,Irene Murphy
22200,1,4,James Wilder
22104,1,4,Mona Oßwald
22108,1,2,Katharina Jores
22114,1,3,Hanna Rieger
22131,1,4,Christina Garza
22136,1,1,Steven Houston
22139,1,2,Maretta Morovitz
22145,1,2,Kamil Stepin
22151,1,4,Emma Exinge
22165,1,2,Gregory Niguidula
22178,1,2,Christina Jacildo
22183,1,3,Yelena Malorosiyantseva
22215,1,3,Karen Workman
22348,1,3,Scott Murphy
22220,1,2,Kathleen Cole
22234,1,7,Natalia Benke
22249,1,3,Ashley Boomershine
22265,1,2,Megan Sintef
22302,1,1,Elena Assargiotis
22306,1,1,Milla Peltoniemi
22313,1,2,Linda Leinonen
22314,1,3,Jasminella Kangas
22332,1,2,Mandy Kiger
22341,1,3,Corrine McGinnis
22342,1,2,Shiloh Boyd
22636,1,7,Bekah Vance
22649,1,1,Agata Szczechura
22099,1,2,Jasmin Hemmerich
22662,1,4,Sarah Vollmerhaus
22954,1,1,Natacha Chenevoy
22965,1,2,Irène Rossignol
22972,1,2,Penelope Issaurat
22973,1,3,Claire Naveh
22978,1,3,Fallone Celine Pruvot
22999,1,2,Carlie Brue
23001,1,3,Fanny Herisson
23007,1,2,Liv Kirby
23011,1,3,Kelsey Oertly
23024,1,4,Ajani Wright
23027,1,4,Mariah Levin
23028,1,2,Myrtle Ventura
23031,1,3,Jenni Pakkila
23039,1,2,Niina Taskinen
23043,1,1,Silja Lindqvist
23049,1,2,Gavin Esdale
23060,1,5,Trey Cobb
23061,1,3,Aditya Visweswaran
23069,1,4,Kevin YuanZhi Chen
23088,1,2,Kate Markman
23096,1,3,Yvette Farmer
23104,1,1,Océane Fillon
23108,1,3,Emma Dinga
23111,1,2,Eva Guillemot
23121,1,1,Gregory Hultgren
22953,1,4,Olivia Hayes
22950,1,2,Anna Csaki
22948,1,2,Alice Mergler
22795,1,4,Matthew Gerszewski
22667,1,2,Guy Lescalier
22678,1,2,Jade Houis
22681,1,3,Henry McLemore
22689,1,2,April King
22703,1,2,Dante Philip
22704,1,1,Semenova Oksana
22754,1,2,Dan Nehrbass
22761,1,3,Lauren Michaels
22766,1,3,Jose Cuadra
22782,1,2,Brittany Richardson
22793,1,2,Christopher Stone
22797,1,6,Alyssa Turner
22937,1,2,Jordan Tait
22814,1,1,Saskia Löw
22821,1,2,David Richey
22822,1,5,Jarvin Garcia
22826,1,2,Emerson Hamlin
22829,1,4,Phela Chuey
22841,1,2,Christine Zoyhofski
22844,1,4,Cole Enger
22849,1,1,Tiffany Castelitz
22884,1,4,Piper Karren
22888,1,7,Amanda Ho
22908,1,2,Courtney Wolf
22101,1,2,Michelle Schädler
22083,1,4,Sarah Kwok
21047,1,6,Michael Roberge
21566,1,2,Sandra Slūka
21305,1,3,Romain Guillochon
21316,1,5,Olga Kim
21317,1,5,Gaelle Penin
21328,1,5,Fanny Desert
21336,1,2,Anthony Moeller
21338,1,2,Victoria Tatum
21359,1,6,Toan Trinh
21361,1,3,Geoffrey Costello
21379,1,3,Maxim Yatskovskiy
21380,1,4,Yuliya Prokopyeva
21416,1,2,Shelby Noeth
21418,1,7,Gwen Smith
21438,1,3,Sandra Liljeqvist
21455,1,2,Melissa Lauren Wright
21458,1,3,Rachel Gross
21460,1,6,Christopher Little
21485,1,2,Ashley Sill
21487,1,5,Laura Avila
21513,1,4,Natacha Blondel
21521,1,3,Charlotte Fliegans
21543,1,3,Sophia Xiao
21545,1,3,Karah Giesecke
21549,1,1,Monika Słocińska
21554,1,12,Bea Veronezi
21555,1,3,Marta Kapuściak
21274,1,5,Rob Holtz
21267,1,6,Daniel Mors
21265,1,5,Alyssa Boersma
21142,1,3,Kristen Quiroga
21049,1,12,Charity Brain
21060,1,2,Greg Chin
21075,1,2,Helena Luthman
21078,1,2,Camilla Jahnke
21105,1,4,Cassidy Wiedman
21107,1,7,Taylor Holland
21118,1,14,Hamza Andaloussi
21129,1,1,Maeva Volle
21131,1,3,Maxime Thauvin
21132,1,2,Stephanie Barreau
21135,1,2,Tommy Daquin
21164,1,5,Yvonnic Moisy Mabille
21245,1,5,Boramy Ty
21171,1,2,Domonkos Petky
21174,1,5,Regina Balogh
21178,1,4,Zoltan Resi
21183,1,5,Trond Anders Bjerkli
21185,1,3,Rikke Gunnufsen
21188,1,3,Maria Molina
21204,1,4,Amy Sleeper
21214,1,5,Hanna Hager
21215,1,2,Murat Baychorov
21217,1,6,Yevgeniy Lishtovnyy
21229,1,4,Balint Andras Barta
21558,1,2,Konrad Kalita
21585,1,6,Krista Cummins
22081,1,4,Clarice Jena Luo
21602,1,6,Alexander Schelchshorn
21890,1,8,Jelena Breuer
21893,1,4,Rachel Myre
21895,1,4,Emerald Burcham
21943,1,5,Isabelle Ricardo
21947,1,5,Mandi Frazer
21973,1,2,Terrell Ibanez
21979,1,3,Carlie Liebrum
21981,1,6,Amber Morgan
21984,1,4,Sam Pollard
21988,1,9,Max Kargbo
21990,1,3,Lindsey Veuger
21991,1,6,Trinity Madden
22020,1,4,Roni Railsback
22023,1,5,Lauren Bloomfield
22024,1,1,Oleg Kachurin
22034,1,4,Grigoriy Kochnev
22039,1,4,Anastasiya Pilgun
22040,1,2,Nadezhda Zhirikova
22042,1,4,Polina Gerasimenko
22043,1,2,Markus Åström
22048,1,2,Caroline Laestander
22053,1,4,Jacob Ardnor
22055,1,3,Marlene Åslund
22071,1,1,Adriana Correa
22075,1,4,Imaan Taghavi
21887,1,5,Luca Sawalies
21886,1,3,Connor Akers
21885,1,2,Claudia Steinke
21725,1,5,Victoria Felldin
21605,1,4,Nancy Salmon
21613,1,5,Ariel Anders
21632,1,4,Tatiana Ziora
21636,1,3,Destiny Gweh
21659,1,2,Miyeon Yoo
21675,1,4,Mike Cahill
21682,1,4,Ashley Davis
21692,1,2,Nicolas Maurel
21715,1,4,Piyi See
21717,1,3,Haruka Okada
21721,1,7,Cassie Clayton
21734,1,2,Nitsan Rechels
21884,1,1,Katrin Bruch
21739,1,3,Meirav Segev
21760,1,4,Shane Belau
21790,1,2,Ryan Toll
21796,1,7,Patty Jo Yanello
21812,1,2,Maja Asic
21818,1,1,Fanni Linda Hegedűs
21838,1,3,Kara Bayless
21845,1,6,Richard Lefebvre
21852,1,2,Marcin Zywalewski
21855,1,3,Ada Machura
21872,1,4,Ricarda Lammert
18506,1,6,Bethany Johnson
18493,1,6,Emilia Reitamo
25733,1,1,Ira Kondap
13500,1,13,Jakub Szwiec
13513,1,4,Mikael Olsson
13557,1,5,Allison Pittman
13594,1,5,Matt Cox
13616,1,5,Ekaterina Meleshko
13622,1,7,Azat Khalimov
13625,1,5,Jarrett Lambert
13636,1,17,Frank Moda
13671,1,10,Natasha Davies
13672,1,3,Katie Bretherick
13674,1,5,Melisandre Caure
13681,1,17,Zoltán Jászai
13692,1,11,Charles Michel-Levy
13724,1,14,Hannu-Pekka Schukov
13734,1,7,Natalia Petrova
13793,1,10,Charles Zins
13801,1,3,Shigeyuki Kiba
13822,1,23,Michael Milgrom
13831,1,8,Ray Thompson
13900,1,10,Jacob Correa
13911,1,4,Adam Averbuch
14031,1,5,Regan Radulski
14032,1,6,Phillip McGhan
14037,1,2,Danielle Senecal
14048,1,9,Sylvie Desrosiers
14049,1,28,Joshu Creel
13502,1,1,Marcin Kuzlak
13497,1,13,Margarita Liapustina
18487,1,4,Taru Lehtonen
13486,1,4,Edouard Siegel
12810,1,5,TJ Yap
12832,1,4,Nicolas Champsavoir
12863,1,3,Zsolt Lukács
12869,1,9,Zsolt Csajági
12917,1,18,Agnieszka Filipowicz
12993,1,6,Camille Bontems
13029,1,9,Henry Thomas
13074,1,4,Jens Wallstrom
13081,1,1,Eva Lenman
13120,1,2,Heidi Dezell
13181,1,9,Gilbert Raya
13244,1,7,Maylin Morera
13261,1,2,Catherine Larsen
13262,1,25,Caroline Monterubio Skaar
13275,1,2,Jana Schumacher
13297,1,13,Elena Shabanova
13318,1,3,Lori Sammis
13319,1,8,Adam Varney
13338,1,8,Ed Preble
13357,1,17,Antoine Duvocelle
13394,1,6,Jennifer Cox
13401,1,11,Jessica Wolf
13403,1,8,Olivia Reiser
13433,1,9,Tiane Vongphasouk
13436,1,5,Wanja Chresta
14068,1,3,Taynan Campos
14069,1,3,Ana Paula Ferreira
14079,1,3,Paul Feitz
14094,1,22,Katie Smiley-Oyen
14551,1,3,Greer McNally
14557,1,15,Julie Thieblemont
14615,1,4,Romain Niederst
14638,1,6,Kris Haney
14644,1,6,Brenda Shatto
14663,1,12,Yu Hua Cheng
14710,1,22,Pen Dy
14723,1,3,Ken French
14768,1,15,Daniel Shirtz
14780,1,1,Leah Ogle
14784,1,6,Deborah Moroder
14806,1,4,Allaine Dela Cruz
14811,1,28,Mara Flores
14832,1,5,Diana-Cristina Iancu
14856,1,11,Ellen Dudley
14870,1,12,Madeleine Konzelman
14875,1,13,Lola Cohensashley
14898,1,5,Ben Dichter
14901,1,4,Sarah Fallot
14904,1,15,Jean-Nicola Winter
14924,1,8,Sharon Matchett
14943,1,3,Michael Li
14953,1,6,Beth Calverley
14972,1,8,Bruno Michel
14978,1,3,Valerie Maranda
14545,1,4,David Collins
14539,1,7,Tyson Hood
14528,1,17,Joel Gibson
14312,1,18,Nikodem Karbowy
14126,1,13,Coralie Morand
14146,1,7,Jung Eun Youn
14148,1,3,Michelle Quah
14152,1,14,Alex Glover
14203,1,23,Irina Popovichenko
14214,1,5,Jonathan Brownlee
14243,1,13,John-Mark Mamalakis
14248,1,7,Bert Martin
14250,1,5,Naomi Skee
14254,1,4,Jean Pierre Troclez
14296,1,8,Sanjay Garg
14313,1,27,Paulina Górka
14518,1,4,Katie Wright
14314,1,2,Vaarnan Drolia
14350,1,7,Shawn Specht
14373,1,2,Caroline Fondacci
14432,1,6,Niclas Schweitzer
14451,1,2,Celine Gryglewicz
14453,1,10,Maik Schumann
14455,1,20,Santolina Savannet
14466,1,25,Nicole Moes
14471,1,4,Kendall Mountford
14495,1,3,Alexandre Arrieche
14501,1,2,Timothy Wilson
12790,1,3,Wes Terning
12787,1,5,Kevin Lawrence
12740,1,2,Anna Torngren
11562,1,3,Elisabeth Buer
10997,1,8,James Patrick
11003,1,7,Darryn Solomon
11031,1,17,Ken Thongpiou
11052,1,23,David Mulford
11125,1,16,Rogerio Storani
11135,1,12,Brittney Valdez
11167,1,15,Hana Titania
11183,1,2,Catherine Dierkes
11233,1,2,Adam Crewe
11236,1,9,Nicola Guderley
11259,1,12,Anne-Riina Hurskainen
11260,1,3,Marie-Claude Lafleur
11268,1,13,D'Leene DeBoer
11282,1,6,Aleksandra Kravchenko
11298,1,2,Virginie Petricola
11308,1,19,Julie Auclair
11343,1,29,Alesya Kovaleva
11376,1,9,Luce Pasquini
11404,1,5,Andrea Rindone
11421,1,3,Gerald Reschner
11442,1,12,Leonie Rothers
11444,1,3,Daniela Fabian
11452,1,24,Anni Hellwagen
11465,1,4,Torsten Hauschildt
11479,1,14,Christine Pitawanich
10919,1,6,Diane Bartlett
10914,1,23,Liz Ravdin
10871,1,4,Stephane Guijarro
10570,1,22,Maria Elizarova
10047,1,37,Alex Kim
10071,1,11,Nghi Nguyen
10079,1,23,Konstantin Baranov
10144,1,6,Hisaki Mino
10171,1,13,Barry Goh
10195,1,7,Emmajane Larkin
10219,1,4,Marcos Felipe
10239,1,4,Sonyeo Yun
10322,1,6,Eszter Koltai
10436,1,6,James Atwill
10565,1,4,Patrice Joly
10572,1,12,Anna Mischenko
10838,1,8,Caitlin Ward
10585,1,7,Paul Bishop
10595,1,13,Alexandria Maradey
10611,1,11,Nicolas Baguet
10624,1,7,Hyejun Park
10629,1,2,Jung-Jin Choi
10642,1,31,Olivia Burnsed
10681,1,2,Ben Howard
10728,1,10,Gaetan Grondin
10738,1,5,Danny Ireland
10751,1,12,Aleksey Vorotnikov
10825,1,5,Amanda Lavigne
11554,1,10,Nicole Lahmann
11566,1,21,Andrea Partos
12720,1,17,Abigail Vogels
11595,1,11,Basia Muz
12155,1,13,Billy Shaver
12159,1,17,Leah Lawrence
12187,1,9,Tapani Hasa
12199,1,17,Jennina Farm
12264,1,7,Edward Truong
12266,1,8,Sam Wilksch
12357,1,5,Harry Rappaport
12391,1,13,Stuart Hiarker
12395,1,9,Andrei Bereczki
12408,1,12,Carsten Schoettler
12410,1,9,Aleksandra Lukomska
12436,1,7,Crystal Smith
12454,1,4,Aleksey Zinchenko
12463,1,9,Amber Dillenkoffer
12468,1,6,Grayson Roth
12473,1,2,Brenda Waterhouse
12480,1,2,Elise Millard
12509,1,17,Brad Gallow
12533,1,19,Mahala Fedor
12546,1,12,Jonas Nicklas
12571,1,15,Thiago Camacho
12584,1,6,Celina Nelson
12591,1,12,Kaitlyn Lankin Kraatz
12605,1,19,Ayelet Kalderon
12632,1,5,Morgane Even
12149,1,4,Mandy Tenly
12138,1,15,Galen Chen
12116,1,18,Maria Ivanova
11830,1,12,Alexandra Pasti
11652,1,23,Beth Cronin
11653,1,11,Maria Chang
11657,1,11,Crystal Guzman
11679,1,13,Vincent Mok
11686,1,6,Brett Granstrom
11698,1,7,Joe McEndree
11719,1,9,David Geukers
11755,1,3,Alexander Slatsky
11778,1,10,Erin Frazier
11791,1,3,Kwok-Chu Lo
11807,1,21,Agnès Palat
11846,1,16,Rachel Rivera
12092,1,2,Joel Weldy
11855,1,10,Marie Phaneuf-Fourn
11892,1,11,Austin Sullivan
11947,1,3,Susann Ewald
11953,1,14,Jacques-Olivier Hache
11975,1,8,Philip McDonald
11994,1,7,Christelle Courtigne
12028,1,20,Joe Wang
12034,1,8,Andrei Kasabutski
12043,1,5,James Steel
12064,1,8,Philip Fallin
12090,1,9,Kathleen Warner
14989,1,4,Sol Lee
15007,1,14,David Waugh
15022,1,13,Sarah Rempel
17653,1,8,Eva Dage
17323,1,11,Robin Larsson
17332,1,5,Peter Aho
17365,1,5,Rhys Fallavollita
17376,1,3,Gyorgy Kovacs
17381,1,6,Alexa Vitrac
17389,1,5,Jean-Martin Albert
17411,1,11,John Cichon
17428,1,6,Elza Duarte
17442,1,9,Maria Styszynska
17446,1,3,Cecilia Camargo
17469,1,16,Tine Palenga
17483,1,1,Riitta Kosunen
17485,1,9,Minna Mutanen
17509,1,3,Jewel Soiland
17511,1,12,Hewson Ju
17518,1,2,Grace McDonald
17556,1,9,Hsueh Ming Qu
17558,1,1,Misun Kim
17568,1,4,Valentina Cipolla
17571,1,3,Ekaterina Yarygina
17572,1,11,Yevgeniya Akhmadeyeva
17622,1,5,Marie Caremantrant
17626,1,10,Daniel Matias
17634,1,7,Camille Masson
17635,1,16,Benjamin Artz
17321,1,31,Chris Rupp
17309,1,15,Blake Kirby
17307,1,4,Marion Guillard
17125,1,8,Noemie Gourdon
16969,1,14,Laetitia Lung
16980,1,10,Jacinthe Richaud
16989,1,4,Souraya Lorenz
17023,1,17,Callie Gieck
17024,1,2,Anthony Garcia
17027,1,2,Laura Stainback
17090,1,10,Kyle Condiff
17099,1,8,Taras Petrenko
17101,1,3,Natal'ya Darayeva
17112,1,12,Maxim Zhukovich
17118,1,10,Viacheslav Grachev
17126,1,5,Sylvain Poincon
17306,1,5,Andy Rakotoelison
17130,1,3,Mike Liadouze
17178,1,10,Dorothea Koletsos
17199,1,5,Katie Wolgamuth
17256,1,4,Florian Kemper
17260,1,2,Mark Dwelly
17269,1,8,Emma Dyson
17276,1,4,Debarshi Pratihar
17281,1,11,Songyan Chow
17286,1,3,Gabriel Rondeau
17296,1,1,Isabelle Bretesché
17300,1,7,Béatrice Rivard
17642,1,6,Devin Raymond
17677,1,9,Daniella Minetti
16925,1,6,Aleksey Artemiev
17691,1,9,Peter Man-Un Ung
18149,1,3,Tash Oduro
18157,1,2,Juliette Clinet
18167,1,13,Guillaume de Longuemar
18179,1,8,Annamaria Albert
18195,1,11,Matthias Thomas
18204,1,8,Johnny Robinson
18205,1,1,Isabelle Lettere
18208,1,15,Benjamin Smith
18226,1,3,Charlotte Durbass
18236,1,3,Markus Pommermayr
18255,1,10,Mark Medley
18271,1,20,Cami Johnstonbaugh
18274,1,13,Annie Kapitan
18315,1,11,Jeffrey Huynh
18347,1,5,Natasha Woloschuk
18352,1,3,Philippe Leger
18394,1,2,Viktor Benks
18410,1,5,Dmitriy Kudlay
18422,1,7,Kyle Jones
18425,1,2,Liz Dewald
18438,1,2,Kevin Duke
18442,1,4,Anne Brade
18455,1,14,Melissa Liao
18460,1,5,Melissa Etcheverry
18470,1,6,Marsha Tsang
18146,1,2,Simon Bowker
18137,1,9,Kathy Lachance
18133,1,10,Joan Kim
17933,1,5,Hanna Slapik
17702,1,2,Isaiah Johnson
17723,1,4,Renee Ulbinsky
17733,1,7,Marlene Ouazana
17766,1,6,Andres Ciccarelli
17815,1,5,Seth Rogers
17824,1,6,Stefanie Motzokan
17836,1,8,Wiktoria Weimert
17854,1,17,Alamea Napuunoa
17861,1,9,Joseph Maldonado
17881,1,3,Nataliya Ivaneychik
17894,1,3,Ross McCLeary
17941,1,3,Teemu Kankaanpaa
1811,1,5,Mark Cruz
17948,1,2,Steeve Ambroise
17967,1,2,Jorg Entner
17984,1,7,Kunal Garde
17985,1,2,Chelsea Brown
17991,1,16,Jeffrey Bragg
18013,1,5,Abelia Taillardat
18016,1,5,Anna Fini
18020,1,9,Alexis Bernard
18038,1,4,Alina Mustamaa
18107,1,2,Heidi Paul
18108,1,6,Kelli Joseph
16963,1,20,Margaret Moreno
16924,1,7,Elizaveta Romanova
15070,1,13,Pauline Alva
16099,1,13,Brock Daniels
15609,1,9,Matthew Jo
15635,1,5,Gwen Young
15705,1,6,Liubov Vasileva
15714,1,2,Amy Hoe
15719,1,6,Alexey Kochev
15777,1,9,Amanda Morrison
15821,1,7,Tomas Kubik
15829,1,3,Michal Bobowski
15846,1,9,Lucy Cartwright
15858,1,15,Alexandre Panazol
15859,1,22,Armand Buisson
15869,1,18,Alicia Cichon
15884,1,5,Ken Cirimelli
15904,1,5,Derek Avocado
15932,1,7,Yuk Fan Yen
15944,1,8,Ludovic Zannier
15966,1,4,Ashley Testerman
16010,1,11,Danielle Neal
16016,1,2,Jaehyuk Jung
16018,1,7,Semi Ahn
16019,1,3,Aya Sugihira
16025,1,10,Helen Lee
16026,1,1,Svetlana Kocheva
16029,1,10,Harmony Wayne
16092,1,7,Aleksandr Mukhin
15598,1,20,Chris Wasko
15587,1,10,Tori Mills
15560,1,2,Paul Volf
15296,1,11,Kathleen Sun
15071,1,16,Damien Porte
15073,1,9,Inbar Belinsky
15078,1,5,Magnus Wallster
15092,1,4,Elaine Anderson
15100,1,10,Jessica King
15154,1,18,Christopher Piffel
15173,1,11,Martine Saetereng
15179,1,5,Nathalie Ramos
15185,1,21,Emma Muller
15200,1,14,Alexandre Roy
15272,1,4,Marie-Amandine Carpentier
15302,1,8,Quentin Gouchet
15548,1,9,Brian Larsen
15313,1,7,Lea Dannenmuller
15331,1,4,Mark Clark
15347,1,4,Jacob Ebelhar
15358,1,7,Aaron Farance
15434,1,6,Heather Maddigan
15444,1,18,Lecie Langille
15446,1,4,Mandy Williams
15511,1,3,David Morellato
15517,1,8,Florent Morel
15525,1,6,Paul Gouy
15535,1,4,Valentine Posth
16096,1,15,Elizabeth Ferreira
16112,1,3,Miranda le Rutte
16899,1,6,Abel Barrientes
16123,1,4,Sofia Salomonsson
16558,1,1,Thilo Eichhorn
16570,1,4,Marion Storck
16582,1,2,Adriane Hines
16592,1,14,Anthony Lipscomb
16609,1,4,Daniel Klein
16628,1,7,Tatiana Gatsko
16633,1,3,Yelena Fedotova
16636,1,4,Tarnopol'skiy Sergey
16661,1,6,Jimmy Bourdin
16663,1,7,Lucien Serton
16671,1,6,Claudia Mollard
16675,1,2,Jeff Ort
16681,1,7,Tikwiza Nkowane
16699,1,3,Joebert Rosal
16713,1,4,Katherine Frei
16766,1,4,Disa Sjogren
16771,1,13,Fabien Depraetre
16783,1,6,Mira Choi
1679,1,32,Malia Jameson
16802,1,3,Katarzyna Zamaria
16836,1,9,Cassandra Eberly
16846,1,10,Andrew Adam
16856,1,5,Jaabel Lopez
16867,1,7,Max Wakeham
16895,1,4,Leilani Long
16516,1,9,Max-Philip Waeller
16497,1,6,Heather Angle
16463,1,4,Michelle Mixon
16274,1,8,Angela Heinold
16140,1,5,Jamie Walter
16180,1,3,Roberto Fasiello
16184,1,14,Valérie Freund
16186,1,14,Rebecca Menon
16217,1,2,Ethan Preble
16219,1,9,Jenna Korver
16225,1,16,Simon Perrat
16237,1,8,Sofia Volkova
16243,1,5,Laila Aarmo
16267,1,5,Miguel Abdala
16270,1,17,Stephen Freeman
16277,1,5,Laetitia Favero
16410,1,4,Bogumila Galinska
16279,1,2,Virginie Truchet
16291,1,4,Akane Hashino
16294,1,9,John Collini
16343,1,10,Ori Ziv
16354,1,1,Angenette Napravnik
16363,1,7,Heather Husnik
16365,1,7,Alyssa Schoeller
16367,1,5,Vanessa Vitiello
16389,1,5,Melissa Smith
16392,1,8,Roger Orcutt
16407,1,9,Michael Schmutzer
23122,1,2,Lucie Sitarová
23136,1,2,Anjali Datta
23140,1,4,Vincent Stefan
25303,1,1,Justyna Grabińska
25306,1,1,Zofia Błażyca
25308,1,1,Anna Lichtarska
25310,1,1,Katarzyna Gawinek
25311,1,1,Alicja Kurowska
25313,1,1,Agnieszka Gabara Bella
25314,1,1,Aleksandra Wrzochal
25315,1,1,Anna Terlecka
25316,1,1,Agnieszka Borowska
25318,1,1,Mirella Brzozowska
25319,1,1,Daniel Musallam
25320,1,1,Vanessa Stephan
25322,1,1,Nathan Forest
25323,1,1,David Tippett
25324,1,1,Emily Kahn
25325,1,1,Kim Sinkola
25326,1,1,Ryan Higgins
25327,1,1,Cynthia Stark
25328,1,1,Oshani Ratnayake
25336,1,1,Daniel Claff
25337,1,1,Alexander Rosemond
25338,1,1,Eric Barolet
25339,1,1,William Zhang
25342,1,1,Tia Batallas
25343,1,1,Liz Lane
25344,1,1,Shannon Carey
25305,1,1,Ewa Milek
25301,1,1,Marcin Kocaba
23142,1,5,Eric Tian
25300,1,1,Patryk Okoński
25266,1,1,Olena Aleksyeva
25267,1,1,Clotilde Bochet
25268,1,1,Diane Verrier
25269,1,1,Diane Théet
25270,1,1,Patricia Krajcsik
25272,1,1,Patrick Verrier
25273,1,1,Mélanie Gerum
25275,1,1,Andrew Shuff
25276,1,1,Joshua Orsak
25277,1,1,Shannon Cochran
25278,1,1,Glenn Yost
25279,1,1,Hudson Ritchie
25281,1,1,Marybeth McRoy
25282,1,1,Brandy Dailey
25283,1,1,Becky Hill
25284,1,1,Ellie Yates
25285,1,1,Joan Peeples
25286,1,1,Shino Naka
25287,1,1,Elana Granston
25289,1,1,Hansel Chiang
25292,1,1,Michał Hryb
25293,1,1,Roman Saj
25295,1,1,Duarte Peralta
25297,1,1,Mihail Zhestkov
25298,1,1,Marek Přibyl
25345,1,1,Jamie Dunnigan
25346,1,1,Michelle Lee
25347,1,1,Renee Korgood
25348,1,1,Haili Peruccio
25391,1,1,Mickaël Menu
25392,1,1,Aurélie Tesson
25393,1,1,Marie Robillard
25394,1,1,Sabrina Lepain
25395,1,1,Sarah Menu
25396,1,1,Audrey Jounet
25397,1,1,Juliette Lewandowski
25398,1,1,Lucile Espuche
25399,1,1,Patricia Fey-Desvallet
254,1,4,Beverly Durand
25400,1,1,Annaïg Mottin
25403,1,1,Claude Pellen
25404,1,1,Anian Brosig
25406,1,1,Victoria Tso
25407,1,1,Aleksei Aliapkin
25409,1,1,Pia Kim
25410,1,1,Wan-Ting Hsieh
25411,1,1,Natsumi Fukaya
25412,1,1,Yuko Ishiwata
25413,1,1,Yujin Lee
25415,1,1,Ayumi Ishiguro
25416,1,1,Catherine Kiss
25419,1,1,Kazumi Hoshino
25420,1,1,Lennard Römmelt
25421,1,1,Guido Kos
25390,1,1,Visothi Mensoum
25389,1,1,Theo Le Peltier
25388,1,1,Anouvong Visouthivong
25366,1,1,Valentin Vogel
25353,1,1,Charles Shih
25354,1,1,Janelle Tang
25355,1,1,Hilary MacCormick
25356,1,1,Genevieve Parent
25357,1,1,Beth Maiden
25358,1,1,Brigitte Dallaire
25360,1,1,Maxine Mahood
25361,1,1,Monika Kitor
25362,1,1,Brittany Postnikoff
25363,1,1,Andrew Humphries-Micallef
25364,1,1,Quinn Gariepy-Regan
25367,1,1,Alberto Vidal
25387,1,1,Quentin Chiron
25369,1,1,Robin Behnke
25370,1,1,Leo Turoff
25372,1,1,Mira Solarska
25373,1,1,Tilly Webster
25374,1,1,Beth Lamarra
25375,1,1,Jackie Tibbetts
25377,1,1,Boba Lee
25379,1,1,Michelle Schafer
25381,1,1,Teodora Rășină
25383,1,1,Gosia Kwiatkowska
25386,1,1,Julien Nicot
25265,1,1,Chloé Boisson
25264,1,1,Aurélie Artaud
25263,1,1,Manon Muller
25174,1,1,Benjamin Stiles
25141,1,1,Aleksander Staroverov
25142,1,1,Miguel Angel Fernandez Sánchez
25144,1,1,Ana Lema Rama
25145,1,1,Anne Helmreich
25146,1,1,Christy Morgan
25147,1,1,Vera Corte-Real
25148,1,1,Marie Theresa Jasser
25149,1,1,Syrine Ghannem
25150,1,1,Irina Klekovkina
25156,1,1,Michael Meier
25157,1,1,Jonas Vierjahn
25158,1,1,Jürgen Kopf
25159,1,1,Papick Garcia Taboada
25160,1,1,Philipp Weichsel
25161,1,1,Andreas Sommer
25162,1,1,Caroline Selle
25163,1,1,Franziska Condé
25164,1,1,Yvonne Stalder
25165,1,1,Isabella Eichbauer
25166,1,1,Sabrina Kühn
25167,1,1,Susanne Reimer
25168,1,1,Jessica Plura
25169,1,1,Luisa Böck
25170,1,1,Kim Zehnle
25171,1,1,Sophie Werner
25140,1,1,Iaré Doval Caramés
25139,1,1,Daniel Lupascu
25138,1,1,Rosinda Amorim
25121,1,1,Amanh Wu
25104,1,1,Pinja Tawast
25105,1,1,Heta Ruutiainen
25106,1,1,Mirjami Anttila
25107,1,1,Milla Alakuijala
25108,1,1,Meeri Karhinen
25109,1,1,Karoliina Paavilainen
25110,1,1,Hanne Karttunen
25115,1,1,Benedict Purell
25116,1,1,Phoebe Shen
25117,1,1,McKay Nelson
25120,1,1,Joseph Flinn
25122,1,1,David Deephanphongs
25137,1,1,Joan Cuch Fernández
25123,1,1,Jackson Carter
25124,1,1,Natasha Spivak
25125,1,1,Maisie Nutt
25126,1,1,Megan Rasmussen
25127,1,1,Jayashri Lakshmanan
25128,1,1,Shanyn Emerson
25129,1,1,Catherine Leon
25130,1,1,Anita Thomson
25131,1,1,Alex Carr
25132,1,1,Em Kay
25133,1,1,Naomi Steele
25172,1,1,Robin Lamm
25176,1,1,Shay Govan
25262,1,1,Salomé Clément
25179,1,1,Lily Partington
25225,1,1,Jonathan Hazelton
25228,1,1,Michelle Busby
25229,1,1,Dénes Nagy
25230,1,1,Velez Daniel
25233,1,1,István Sándor
25234,1,1,Andrea Castellani
25235,1,1,Matjaž Žganec
25236,1,1,Daniel Wagner
25237,1,1,Dora Kocsis
25241,1,1,Tjaša Zadravec
25242,1,1,Krisztina Ökrös
25243,1,1,Luca Lazar
25244,1,1,Martina Burgwieser
25246,1,1,Alessandra Biondi
25249,1,1,Jonathan Galmiche
25251,1,1,Giorgio Finello
25252,1,1,Quentin Fakailo
25253,1,1,Etienne Desmartin
25254,1,1,Bastien Arricca
25255,1,1,Lucas Garin
25256,1,1,Florent Sithimolada
25257,1,1,Eric Bernier
25258,1,1,Raphaëlle Jouannin
25259,1,1,Marie Nagy
25260,1,1,Lucie Fister
25223,1,1,Laura Vesely
25222,1,1,Mish Tam
25221,1,1,Clementine Zimnicki
25201,1,1,Leysan Gafurova
25182,1,1,Tiree Macdonald
25183,1,1,Cara Horisk
25188,1,1,Gordon Dang
25189,1,1,Pariya Tehrani
25193,1,1,Anja Buchhorn
25194,1,1,Thomas Kempkes
25195,1,1,Saman Ramezani
25196,1,1,Louis Spiljard
25197,1,1,Frits Van De Water
25198,1,1,Charissa Spijkers
25199,1,1,Laurette Roovers
25202,1,1,Kim van den Berg
25219,1,1,Mikayla Briggs
25203,1,1,Yuliia Potrymai
25204,1,1,Kathrin Birkemeyer
25205,1,1,Alexandre Grandgeorge
25206,1,1,Frank Feifer
25208,1,1,Jay Stewart
25209,1,1,Jacob Morton
25210,1,1,Ryan Longenecker
25211,1,1,Michael LeFew
25212,1,1,Dan Da Cunha
25213,1,1,Santiago Valencia-Northrup
25215,1,1,Staria Clark
25422,1,1,Anžej Žužek
25423,1,1,Edwin Teiber
25424,1,1,Marvin Kirchner
25657,1,1,Josiah Schwartfeger
25626,1,1,Alwina Kaiser
25627,1,1,Usha Braun
25628,1,1,Anja Deiser
25629,1,1,Martin Bloch
25630,1,1,AJ Rosenberg
25631,1,1,Robin Sparr
25632,1,1,Jiji Wong
25633,1,1,Maya Golden
25635,1,1,Julie Piller
25638,1,1,Daniel Gimenez Llorente
25639,1,1,Paolo Mori
25640,1,1,Paolo Francesco Biassoni
25641,1,1,Juan Luis Rodriguez
25642,1,1,Dmytro Kushnirov
25643,1,1,Mario Diaz Arniella
25644,1,1,Luis Tinoco Carreira
25645,1,1,Daniel Olondriz Rosique
25646,1,1,Christian Lewis
25647,1,1,Petra Franchi
25648,1,1,Teresa Oreja
2565,1,3,Joy Ro
25650,1,1,Carla Ezponda
25651,1,1,Ana Montilla Carrascosa
25652,1,1,Gaetane Taterode
25653,1,1,Miguel Piñeiro
25622,1,1,Mirja Barth
25621,1,1,Georg Rabenstein
25620,1,1,Benedikt Schneider
25601,1,1,Fredrik Kalderén
25582,1,1,Tobias Solymosi
25583,1,1,Fighera Benedetta
25585,1,1,Yaroslav Podkolzin
25586,1,1,Oleg Vorontsov
25587,1,1,Liana Aminova
25588,1,1,Darya Fedorova
25589,1,1,Valeria Leush
25594,1,1,Jakob Liliekvist
25596,1,1,Erik Lundgren
25598,1,1,Kristian Toftegaard
25599,1,1,Rémi Albert
25602,1,1,Gioia Pettinari
25619,1,1,Mike Hitzhusen
25603,1,1,Anneli Andersson
25605,1,1,Karina Playfoot
25606,1,1,Helena Grandell
25608,1,1,Caroline Sternsdorf
25609,1,1,Vera Karabliova
25610,1,1,Elisa Blot
25614,1,1,Lukas Donell
25615,1,1,Isabelle Münster
25616,1,1,Oleg Borisov
25617,1,1,Christian Weinmann
25618,1,1,Nicolas Schmitt
25654,1,1,Ares Aguilar Sotos
25661,1,1,Florian Albrecht
25578,1,1,Luzie Below
25662,1,1,Tobias Piesch
25699,1,1,Bella Archibald
25700,1,1,Hannah White
25701,1,1,Reagan Calahan
25704,1,1,Samantha Barondyck
25705,1,1,Judith Marshall
25707,1,1,Nels Atkinson
25708,1,1,Ehlan Stiritz
25710,1,1,Michael Livingston
25712,1,1,Kira Regan
25713,1,1,Glenn Rossi
25714,1,1,Chris Wulff
25715,1,1,Joseph Britt
25716,1,1,Adam Oh
25717,1,1,John Jolley
25718,1,1,Hope Wamble
25719,1,1,Rayanna Griggs
25720,1,1,Helen Ajufo
25721,1,1,Kathleen Osterwise
25724,1,1,Sarah Truglio
25725,1,1,Kathryn Finley
25727,1,1,Simon Dirckx
25728,1,1,Scott Lambie
25729,1,1,Kimberly Rapp
25730,1,1,Marie Walker
25731,1,1,Kristin Andrews
25698,1,1,Margi Waite
25697,1,1,Kimberly Neely
25696,1,1,Juno Tran
25679,1,1,Nicole Lahr
25666,1,1,Vanessa Kremser
25667,1,1,Clara Holzer
25668,1,1,Nadja Kieslinger
25669,1,1,Sophie Hinterberger
25670,1,1,Sarah Heyen
25671,1,1,Verena Münzberger
25672,1,1,Rachel Ku
25673,1,1,Renate Kohl
25674,1,1,Carina Biribauer
25675,1,1,Julia Grasegger
25676,1,1,Matthias Kuca
25681,1,1,Filibert Munaron
25695,1,1,Landen Graves
25682,1,1,Ludovic Moreau
25683,1,1,Marilou Suc
25685,1,1,Maurine Jouret
25686,1,1,Karine Herlemann
25687,1,1,Sarah Roux
25688,1,1,Amandine Durand
25689,1,1,Malika Belmokhtar
25690,1,1,Camille Colas
25691,1,1,Pauline Petit
25692,1,1,Remi Jabes
25693,1,1,Tyler Donohue
25581,1,1,Astrid Stadeler
25577,1,1,Anna-Lena Sulewski
25427,1,1,Karmen Majdič
25502,1,1,Jonathan Taylor
25464,1,1,Michael Rasmussen
25465,1,1,Zephaniah Pilcher
25467,1,1,Dana DiMaio
25468,1,1,Grace Jackson
25469,1,1,Patricia Geng
25471,1,1,Kat Jackson
25475,1,1,Carly Wells
25476,1,1,Eric Siegfried
25477,1,1,Tom Nugent
25478,1,1,Brian Royston
25479,1,1,Dylan Baker
25480,1,1,Avery Mack
25481,1,1,TJ Johnson
25483,1,1,Aliyah Anora
25485,1,1,Kenzie Woods
25486,1,1,Mimi Watanabe
25487,1,1,Marisol Alidon
25488,1,1,Jessica Devine
25489,1,1,Katie St. Gelais
25490,1,1,Babs Bunnie
25496,1,1,Sean Auyong
25497,1,1,Aiman Abul'As
25498,1,1,Pranay Mathur
25499,1,1,Angga Brownski
25500,1,1,Yue Kit Lau
25461,1,1,Phillip Tran
25460,1,1,Elisha Ramstad
25459,1,1,Chelsea Shaw
25443,1,1,Dan Myers
25428,1,1,Suzana Köster-Manojlović
25429,1,1,Ulla Kos
25430,1,1,Barbora Palesova
25431,1,1,Gloria Mach
25432,1,1,Saša Klančar
25433,1,1,Vesna Mirt
25434,1,1,Nadja Halsegger
25435,1,1,Csenge Soti
25436,1,1,Katarina Klepec
25437,1,1,Eva Schinagl
25441,1,1,Kevin Basham
25444,1,1,Leigh Jean Koinzan
25458,1,1,Katelyn Barsi
25445,1,1,Wendy Moore
25446,1,1,Isabella Alfonso
25447,1,1,Céline Maury
25448,1,1,Guillermo Ceballos
25451,1,1,Lorne Sveinbjornson
25452,1,1,Leanne Loranger
25453,1,1,Terry Wilde
25454,1,1,Robert Millard
25455,1,1,Tobi Hawkins
25456,1,1,Rebecca Oliver
25457,1,1,Meredith Wells
25501,1,1,Mezyndra Badsha
25504,1,1,Aidan Mock
25576,1,1,Frauke Beck
25505,1,1,Lisa McMahon
25543,1,1,Stefanie Vasturo
25544,1,1,Janelle Jenkins
25545,1,1,Victoria Jackson
25546,1,1,Angeline Pimentel
25551,1,1,Anna Lackman
25553,1,1,Michael Jones
25554,1,1,Antoine Bonvallet
25555,1,1,Daniel Bane
25556,1,1,Felicity Humphrey
25557,1,1,Sarah Tayler
25558,1,1,Kerry Mullen
25559,1,1,Julie Farman
25560,1,1,Lisa Barber
25561,1,1,Jay Daniell
25562,1,1,Jordan Wheeler
25563,1,1,Georgie Joy
25565,1,1,Sofia Stock
25566,1,1,Ronald Jäpel
25567,1,1,Tobias Kuhlen
25568,1,1,Fighera Benedetta
25570,1,1,Kai Klotz
25571,1,2,Tommi Murtola
25572,1,1,Janine Schön
25573,1,1,Caroline Maiß
25575,1,1,Hannah Kreisel
25542,1,1,Stephanie McKinley
25540,1,1,Anna Vinichenko
25536,1,1,Ezequiel Jacoby-Mirabal
25517,1,1,Weng Dee Mok
25506,1,1,Margot Hamelin
25507,1,1,Chia Hwei Lim
25508,1,1,Chitralekha Makhija
25509,1,1,Pei Yun Teo
25510,1,1,Marina Nose
25511,1,1,Yok Yee Cheong
25512,1,1,Vijay Verma
25513,1,1,Victoria Hartinah
25514,1,1,Herlin Anis
25515,1,1,Yung Wen Yeh
25516,1,1,Lilian Gaberial
25518,1,1,Mark Xavier
25535,1,1,Daniel Fiandor
25521,1,1,Youkang Lam
25522,1,1,Maria Yesica
25523,1,1,Jennifer Hacia
25525,1,1,Jean Lee
25526,1,1,Ee Lin Tek
25527,1,1,Lilysan Wijaya
25529,1,1,Winston Ramsay
25530,1,1,Jacob Wilhelm
25532,1,1,Nyx Danvers
25533,1,1,David McNurlin
25534,1,1,Steve Manry
25103,1,1,Mari Heikkilä
25101,1,1,Tommi Haapanen
25100,1,1,Markku Konttinen
24329,1,1,Alexis Collin
24115,1,2,Dan Nguyen
24148,1,2,Kelly Spradlin
24163,1,2,Safronova Victoria
24166,1,2,Erin Gatland
24171,1,1,Tegan Lowe
24178,1,2,Emily Rogers
24182,1,2,Thomas Vogl
24183,1,1,Lennart Klein
24186,1,2,Yaron Pnueli
24201,1,2,Cameron Cordova
24211,1,1,Oskar Tommola
24215,1,2,Jenni Rajanen
24217,1,1,Mari Nikkarinen
24224,1,2,Ivo Azirjans
24235,1,2,Rachel Lucas
24261,1,2,Szuyu Lin
24262,1,3,Joey Tham
10039,1,8,Jennifer Molle
24264,1,2,Blake Martin
24279,1,2,Samantha Hoffmann
24281,1,1,Nicholas Plotts
24282,1,2,Alex Lee-Boulton
24288,1,2,Hannah Byars
24313,1,2,Jochen Walther
24315,1,2,Ngoc Duc Anh Pham
24107,1,2,Nia Davis
24105,1,2,Porter Thomas
24100,1,2,Isaac Young
23972,1,1,Jeff Wright
23882,1,2,Akseli Ingervo
23891,1,3,Zoe Lina Waschwill
23892,1,2,Michelle Juler
23896,1,2,Anna Suchanska
23914,1,2,Lidia Carmona
23932,1,2,Nadine Jerratsch
23942,1,2,Violetta Meis
23944,1,2,Emma Hütter
23953,1,3,Julia Grillenberger
23957,1,2,Joe Laffoon
23969,1,3,Alyssa Solomon
23975,1,2,Ruben Bacariza
24092,1,2,Noah Carsten
23979,1,2,Rickard Ambros
23984,1,1,Maiara Karlsson
23993,1,2,Clement Darfeuille
24013,1,1,Rosanna LLoyd
24060,1,1,Mallory Phillips
24070,1,3,Tatia Dumbadze
24076,1,2,Laura Bailey
24077,1,2,Yana Polonsky
24078,1,1,Roberto Cabero
24080,1,2,Margaret Sullivan
24086,1,2,Camille Vitale
24318,1,2,Anne Ingerberg
24340,1,2,Lindsay Clark
23861,1,3,Marina Kraeva
24350,1,2,Mirac M. Atmaca
24576,1,1,Victoria Richardson
24579,1,1,Grethe Markussen
24583,1,1,Sophie Wieckowski
24590,1,1,Louisa Twigg
24591,1,1,Rosa Paparini
24595,1,2,Thomas Goodwin
24597,1,2,Holly Gillett
24599,1,2,Yalini Kandheswari
24602,1,2,Charles Koll
24605,1,2,Steve Danylchuk
24607,1,2,Samuel Gerard
24608,1,2,Quinn Smith
24626,1,2,Claudia Sanchez De Movellan
24630,1,2,Jonathan De La Cruz
24650,1,1,Borbála Roza
24653,1,2,Bianka Rózsa
24655,1,2,Franziska Dollinger
24657,1,2,Anthony Austin
24669,1,2,Harmony Lahti
24671,1,2,Regina Sica
24674,1,2,Leonardo Pahuriray
24679,1,1,Ben Witoff
24688,1,2,Damaris Holmes
24690,1,2,Jeremy Azzari
24692,1,2,Brennan Stanford
24565,1,2,Todd Marles
24562,1,2,Kieran McGrath
24557,1,2,Florencetina Chew
24439,1,2,Wiktoria Szczepaniak
24362,1,2,Hanna Müller
24365,1,2,Magdalena Holz
24368,1,2,Ute Thust
24374,1,2,Joana Benner
24398,1,3,Kate Samol
24403,1,3,Theresa Fajardo
24410,1,2,Annika Petersen
24418,1,2,Elisabeth Bosch
24428,1,2,Regina Keßler
24434,1,3,Adam Miloch
24436,1,2,Palina Lapuka
24440,1,1,Melina Dalhoff
24551,1,1,Zhixiang Zhang
24442,1,2,Nagy Tímea
24461,1,2,April Johnson
24465,1,2,Colin Graeme
24487,1,2,Haley Junkin
24490,1,1,Camille Déprés
24506,1,2,Elouise Mendoza
24515,1,2,Eric Buchwald
24518,1,2,Ellanique Collins
24537,1,1,Therése Ellénius
24538,1,2,Sylvia Gäckle
24539,1,1,Erika Åkesson Bengtsson
23866,1,1,Peter Chadri
23857,1,2,Kate Gehrke
24704,1,2,Anastasiia Us
23511,1,3,Emmanuelle Principe
23306,1,1,Michelle Kampherbeek
23315,1,1,Morgan Kavanagh
23332,1,3,Kim Yuri
23335,1,2,Taehee Lim
23340,1,2,Namwoo Song
23345,1,2,Adrien Tardieu
23354,1,2,Lou Bruston
23358,1,2,Cailan Jackson
23359,1,2,Rhea Stewart
23364,1,2,Anthony Ho
23395,1,2,Chee Yen Ngeh
23411,1,3,Joshua Tan
23418,1,3,Rachel Wong
23421,1,3,John Wilson
23422,1,3,Garrett Russell
23424,1,3,Justin Spears
23454,1,2,Anna Vladi
23459,1,2,Connie Yndal
23481,1,2,Amanda Beck
23484,1,1,Janet Orde
23485,1,2,Chia Wei Goh
23486,1,4,Martin Bautista
23487,1,5,Sagara Michiro
23489,1,2,Neil Ashford
23493,1,5,Ju Ansorge
23304,1,1,Jasmin Nolte
23298,1,1,Conny Van Hoorn
23293,1,3,Gabriel Wu
23221,1,2,Briahn Witkoff
23146,1,1,Hanchen Wang
23165,1,6,Karina Kavanagh
23173,1,3,Ramona Morales
23174,1,4,Arianna Gehling
23200,1,2,Gabriela Oleksy
23202,1,3,Justyna Pietrzak
23206,1,1,Jelena Steinberga
23209,1,1,Gabriela Bajkowska
23210,1,2,Nataliia Baliuk
23218,1,2,Gil Aromas
23220,1,2,Wyatt Suit
23225,1,4,Vita Zakhu
23288,1,3,Jane Guo
23233,1,1,Daniel Semac
23236,1,2,Rachel Madrigal
23237,1,2,Bryanei Geesaman
23244,1,1,John Swartout
23249,1,2,KeKe Collier
23257,1,3,Zoe Osborn
23263,1,1,Ryan C McDaniel
23264,1,3,Miki OK
23275,1,1,Larissa Robinson-Mudhar
23279,1,2,Vadym Stetsiak
23284,1,2,Karli Fulford
23501,1,2,Josias Stephan
23528,1,2,Ellie Radzville
23854,1,2,Khang Nguyen
23531,1,2,Sarah Silva
23705,1,2,Chrisy Raharison
23709,1,2,Barbara Marx
23716,1,2,Brad Rosen
23725,1,2,Angela McCluskey
23735,1,2,Lukasz Mandla
23741,1,2,Anna Sikora
23747,1,2,Iva Bevc
23753,1,2,Aleksei Rudovich
23758,1,2,Daria Morozova
23759,1,3,Anastasiya Shvedchikova
23760,1,1,Jeremiah Steph
23762,1,3,Ryan Slagle
23765,1,4,Muhibus Chaudhury
23770,1,2,Chelsea Traino
23778,1,2,Trevor Karpinski
23779,1,2,Sergey Yepifantsev
23790,1,2,David Ritter
23803,1,2,Dominic Van Groeningen
23806,1,2,Shelly Baillie
23809,1,2,Diana Carrier
23811,1,3,Jone Lam
23830,1,2,Emma Westermark
23840,1,2,Nadezhda Tarantina
23842,1,2,Polina Danshina
23847,1,1,Trent Blayney
23698,1,2,Christian Bes
23695,1,3,Kyrylo Yakymenko
23694,1,2,Tristan Gaudron
23608,1,5,Amanda Langworthy
23532,1,2,Anna Wheeler
23533,1,3,Josiah Moran
23536,1,2,Natalie Ash
23538,1,2,Andrew Coleman
23539,1,2,Michael Mullins
23545,1,2,Bryan Bowling
23570,1,3,Leah Gatica
23573,1,2,Annalise Harm
23575,1,2,Ben Kanaki
23582,1,1,Róbert Szűcs
23607,1,6,Riley Goegan
23623,1,2,Aleksandra Łukaszewicz
23693,1,1,Marcus Müller
23632,1,2,Adrianne Ziarkowski
23640,1,2,Patrick Kaupe
23647,1,2,Franziska Kling
23650,1,2,Vera Nischalke
23656,1,3,Alexander Herrmann
23657,1,1,Dennis John
23664,1,1,Michael Livingston
23670,1,1,Cody Hamilton
23679,1,3,Gayle Owen
23689,1,2,Hailey Rogers
23692,1,2,Lisa Dalrymple
24693,1,2,Amanda King
24723,1,2,Oscar Lindblom
25099,1,1,Pekka Arikoski
25018,1,1,Ilona Bozhe
24987,1,1,Helene Hølaas
24989,1,1,Elodie Grenier
24990,1,1,Camille Goubert
24991,1,1,Elizaveta Verbina
24992,1,1,Lauriane Quenoy
24993,1,1,Arina Nikitina
24994,1,1,Beatrice Bedouin
24995,1,1,Sammie Stagg
24999,1,1,Eduard Arutyunov
25000,1,1,Roman Lazarev
25001,1,1,Vyacheslav Lozovoy
25002,1,1,Andrei Ivanchenko
25003,1,1,Alisa Lozunova
25004,1,1,Semen Lopashov
25005,1,1,Vladimir Sutkovoy
25006,1,1,Nikolay Neomenko
25007,1,1,Ekaterina Kosheleva
25008,1,1,Aleksandr Kuptsov
25009,1,1,Polina Makhonko
25010,1,1,Mariia Maliavko
25011,1,1,Yekaterina Moshkina
25012,1,1,Dariya Bisovko
25014,1,1,Nadezhda Makova
25015,1,1,Marina Murashkina
25016,1,1,Darʹya Golikova
24986,1,1,Gua Takeda
24985,1,1,Jerome Nizon
24983,1,1,Alexis Leclerc
24962,1,1,Indi Puckett
24948,1,1,Louise Simmonds
24949,1,1,Mieke Post
24952,1,1,Mark McCormack
24953,1,1,Benjamin Clark
24954,1,1,Wyatt Dybdal
24955,1,1,Rick Hunt
24956,1,1,Larry Miller
24957,1,1,Tim Gay
24959,1,1,Charles Jones
24960,1,1,Dennis Brian
24961,1,1,Steve Fanthrop
24963,1,1,Grace Kostko
24982,1,1,Aymerick Lamarque
24964,1,1,Judy Alsip
24967,1,1,Alexandra Garg
24968,1,1,Madeline Fennell
24969,1,1,Beth Stout
24970,1,1,Lauren Zajac
24971,1,1,Coralie McEachron
24972,1,1,Kade Street
24975,1,1,Melania M. Falcon
24976,1,1,Stefanie Shahan
24979,1,1,Gabriel Tran
24981,1,1,Charles Ducros
25017,1,1,Viktoriya Pshek
25022,1,1,Olga Zabolotnaya
24945,1,1,Shweta Dalal
25023,1,1,Aleksey Zarubin
25060,1,1,Kayla Dow
25061,1,1,Fiona Farrell
25062,1,1,Nadezhda Minina
25063,1,1,Hannah Dunwoody
25064,1,1,Annette Patterson
25065,1,1,Jin Zhou
25066,1,1,Celine Graffin
25067,1,1,Brid Dunne
25074,1,1,Z Turnross
25075,1,1,Carl Breindel
25076,1,1,Dan Malmgren
25077,1,1,Ronnie Wikström
25078,1,1,Björn Ancker Persson
25079,1,1,Linda Wikström
25080,1,1,Caroline Lexheden
25081,1,1,Trine Lie Morken
25083,1,1,Elly Fors
25084,1,1,Luis Farías
25085,1,1,Detlef Hohl
25086,1,1,Aldo Trejo
25088,1,1,Ashley Mo
25089,1,1,Quita Hall
25090,1,1,Savannah Rose
25097,1,1,Ingo Tõnnov
25098,1,1,Elina Gröhn
25059,1,1,Rachel Caines
25058,1,1,Petar Saulic
25057,1,1,Michelle Miles
25039,1,1,Annika Bald
25024,1,1,Ian McAreavy
25025,1,1,Scott Davis
25026,1,1,Austin Snide
25029,1,1,David Kamayor
25030,1,1,Jonathan Long
25031,1,1,Graham Childs-Goodwin
25034,1,2,Grey Foster
25035,1,1,Rachel Utter
25036,1,1,Jared Taylor Skelton
25037,1,1,Faith Vranes
25038,1,1,Kendall Boyd
25040,1,1,Madison Foster
25056,1,1,Miles Ross
25041,1,1,Ann Wallace
25043,1,1,Bryce James
25044,1,1,Daniella Sangster
25045,1,1,Penny Wilson
25046,1,1,James Knight
25047,1,1,Wendy Lim
25048,1,1,Rosie Evans
25050,1,1,Hugh Clark
25053,1,1,Mila Lewerenz
25054,1,1,Caroline Vitrac
25055,1,1,Marit Schirmer
24947,1,1,Sarah Cable
24944,1,1,Larissa Villares
24730,1,2,Galka Glazkova
24846,1,1,Austin Matsoff
24804,1,1,Barbara Marquette
24807,1,1,Brandy Gottlieb
24808,1,1,Maggie Polsen
24809,1,1,Michael Romanek
24810,1,1,Michaela Gumprecht
24813,1,1,Yannic Antons
24814,1,1,Pascal Riesinger
24815,1,1,Aneta Gienibor
24816,1,1,Nina Philipp
24817,1,1,Andreja Jordan
24818,1,1,Petra Mustar
24820,1,1,Gabi Bannert
24822,1,1,Simona Ascher
24823,1,1,Pauline Prokschi
24824,1,1,Anja Božič
24825,1,1,Erika Simonato
24827,1,1,Polina Mirenkova
24828,1,1,Zuzanna Gadomska
24832,1,1,Matt Fleming
24833,1,1,Paul Forness
24834,1,1,Emilie Lum
24837,1,1,Leora Wasserman
24840,1,1,Emilie Abel
24841,1,1,Curtis Peck
24842,1,1,Millicent Jiang
24803,1,1,Beth Hill
24802,1,1,Fabiana Gavello
24801,1,1,Jennifer Staples
24781,1,1,Shasta Bryant
24731,1,3,Julie Valbjørn
24732,1,2,Therese Selle
24738,1,2,Martine Taring
24747,1,1,Christin Roßbach
24758,1,2,Lauriane Moy
24761,1,2,Amandine Tanniou
24762,1,2,Lise Nguyen
24766,1,1,Sofia Hellstrand
24768,1,1,Milla Nyyssölä
24771,1,1,Agnieszka Lejwoda
24772,1,1,Isidora Janeva
24783,1,1,Joselyd Garcia
24800,1,1,Mistie Webb
24784,1,1,Tanya Garrett
24785,1,1,Emma Stenner
24786,1,1,Anabel Dimova
24787,1,1,Morgan Blevins
24788,1,1,Lauralyn Hickman
24789,1,1,Siri Cusimano
24791,1,1,Becky Rose Grinwald
24793,1,1,Mimi Embola
24796,1,1,Andres Rizzo
24797,1,1,Myles Hall
24799,1,1,Miles Leonard-Albert
24843,1,1,Kristie Zamora Becker
24847,1,1,Amy Sommers
24943,1,1,Eleanor Hardicre
24849,1,1,Abigail Markel
24902,1,1,Sydney R. Brown
24903,1,1,Llory Wilson
24905,1,1,Marie Tamliani
24906,1,1,Maddie Brown
24907,1,1,Nicki Neyrey
24910,1,1,André Meier
24916,1,1,Florent Chauvin
24918,1,1,Gilles Hernandez
24920,1,1,Quentin Robert
24922,1,1,Pierre d'Anella
24923,1,1,Elise Mege
24924,1,1,Amélie Brousson
24925,1,1,Caroline Allemand
24926,1,1,Camille Behar
24927,1,1,Morgane Bodiou
24928,1,1,Marie-Pauline Cassely
24929,1,1,Karine Fouquet Paquignon
24930,1,1,Sandrine Cilia
24931,1,1,Leslie Febrissy
24932,1,1,Lidia Mazouni
24933,1,1,Jennifer Hacia
24938,1,1,Alexandru Tarlia
24939,1,1,Martin Mason
24940,1,1,Claire Kilburn
24942,1,1,Christine Cockerill
24900,1,1,Ben Ha
24899,1,1,Matt Rogers
24898,1,1,Joseph Quintana
24866,1,1,Drake Tetreault
24851,1,1,Brian Nuyen
24852,1,1,Macallan Savett
24853,1,1,Hillary Beard
24854,1,1,Julianna Moore
24856,1,1,Lily Shafer
24857,1,1,Kindra Stevens
24858,1,1,Alexandra Dunn
24859,1,1,Sarah Cassidy
24860,1,1,Viktoriya Stetsyak
24861,1,2,Nya Chang Alloy
24862,1,1,Yi Hsuan Tu
24867,1,1,Hayden Miller
24894,1,1,Dóra Vallyon
24868,1,1,Brianna Morfin
24874,1,1,Nataliia Miroshnychenko
24876,1,1,Ádám Zsár
24879,1,1,Jacek Kaźmierczak
24881,1,1,Timme Bethe
24882,1,1,Bjarne Sievers
24883,1,1,Ariel Eshet
24885,1,1,Zuzana Krajňáková
24889,1,1,Dorka Lendvai
24890,1,1,Sarah Scholl
24892,1,1,Ágota Bakos
9991,1,14,Shimpei Muraoka
